{
"type": "FeatureCollection",
"name": "wards_lucknow",
"crs": { "type": "name", "properties": { "name": "urn:ogc:def:crs:OGC:1.3:CRS84" } },
"features": [
{ "type": "Feature", "properties": { "id": 1, "Zone": 5, "Ward Num": 4, "Ward Name": "Sarojni Nagar Part 1" }, "geometry": { "type": "Polygon", "coordinates": [ [ [ 80.85190339277105, 26.775886475855643 ], [ 80.851580577170708, 26.774575149831197 ], [ 80.851225480010356, 26.772990010244406 ], [ 80.851516014050645, 26.77079959913058 ], [ 80.851693562630828, 26.769286461518167 ], [ 80.8512739023504, 26.768234458726965 ], [ 80.850531426469644, 26.767456258611709 ], [ 80.848594532867665, 26.766634819372563 ], [ 80.855284886184506, 26.762282533416073 ], [ 80.856414740785652, 26.761994296671173 ], [ 80.859170778973478, 26.76056751401531 ], [ 80.85965500237397, 26.760481041763349 ], [ 80.860074662654398, 26.760192800448184 ], [ 80.858847963373151, 26.756820322735958 ], [ 80.858734977913031, 26.753880132297795 ], [ 80.858734977913031, 26.753346854314202 ], [ 80.858977089613276, 26.750709253441567 ], [ 80.864707066519145, 26.745304142411634 ], [ 80.864690925739126, 26.744871722427593 ], [ 80.857128970301389, 26.744078948185482 ], [ 80.85354571713772, 26.745491523893968 ], [ 80.851064072210193, 26.747336494306658 ], [ 80.847577663726625, 26.751934376213224 ], [ 80.847028877206057, 26.761662823510513 ], [ 80.845237250624237, 26.764559577992902 ], [ 80.842929119081859, 26.766735698195571 ], [ 80.842961400641897, 26.767312146894156 ], [ 80.842670866601608, 26.768220047662162 ], [ 80.847061158766095, 26.772802674103946 ], [ 80.85190339277105, 26.775886475855643 ] ] ] } },
{ "type": "Feature", "properties": { "id": 2, "Zone": 5, "Ward Num": 15, "Ward Name": "Sarojni Nagar Part 2" }, "geometry": { "type": "Polygon", "coordinates": [ [ [ 80.864719172104159, 26.744914964499994 ], [ 80.864666714569125, 26.745080725625233 ], [ 80.864715136909183, 26.745369005267392 ], [ 80.863004214227416, 26.746911288936868 ], [ 80.858985160003314, 26.750687633509379 ], [ 80.858710766743016, 26.751581253945329 ], [ 80.858726907523064, 26.753901751622749 ], [ 80.858823752203151, 26.756841941501595 ], [ 80.860082733044422, 26.760200006489978 ], [ 80.859663072763993, 26.760473835739383 ], [ 80.859162708583497, 26.760560307996826 ], [ 80.856386494420661, 26.762001502598707 ], [ 80.85527278059952, 26.762275327506373 ], [ 80.848594532867693, 26.766642025005755 ], [ 80.850515285689653, 26.76746346419279 ], [ 80.851273902350428, 26.768212842129095 ], [ 80.851661281070832, 26.769293666983135 ], [ 80.851483732490649, 26.770835625970879 ], [ 80.851193198450346, 26.773011625933044 ], [ 80.851887251991059, 26.775879270808968 ], [ 80.854453636013673, 26.777666108379904 ], [ 80.857645475261933, 26.779813158264311 ], [ 80.863222114757647, 26.783919818417903 ], [ 80.87163953153626, 26.790533390330644 ], [ 80.874250302703928, 26.792651380897134 ], [ 80.87483137078452, 26.793616710420103 ], [ 80.874928215464621, 26.793587894732383 ], [ 80.875880521485584, 26.793054803189278 ], [ 80.876735982826474, 26.792622564964244 ], [ 80.876945812966682, 26.792853092222508 ], [ 80.877187924666913, 26.792737828651916 ], [ 80.877559162607298, 26.792608156995037 ], [ 80.87789408379264, 26.792334405232747 ], [ 80.879201486973983, 26.793342961091181 ], [ 80.879443598674243, 26.793386184713338 ], [ 80.879669569594469, 26.793559079037333 ], [ 80.879782555054575, 26.793501447625275 ], [ 80.879943962854739, 26.79331414533392 ], [ 80.879879399734676, 26.793227698018246 ], [ 80.879911681294701, 26.793155658538193 ], [ 80.880056948314859, 26.793112434828213 ], [ 80.880169933774965, 26.793011579440879 ], [ 80.880169933774965, 26.792939539823607 ], [ 80.880266778455081, 26.792838684282589 ], [ 80.880444327035235, 26.792752236604649 ], [ 80.880638016395451, 26.792636972931604 ], [ 80.881041535895875, 26.79236322123883 ], [ 80.880993113555817, 26.792262365185515 ], [ 80.881154521355981, 26.792132692985255 ], [ 80.881283647596106, 26.792132692985255 ], [ 80.881380492276207, 26.792147101014827 ], [ 80.882187531277026, 26.791469921647327 ], [ 80.882284375957127, 26.791556370302256 ], [ 80.882429642977272, 26.791426697295154 ], [ 80.882881584817738, 26.791210575287359 ], [ 80.883527216018408, 26.790850371026259 ], [ 80.883672483038552, 26.79100886104202 ], [ 80.884640929839549, 26.790533390330644 ], [ 80.884463381259351, 26.790000284436598 ], [ 80.884511803599395, 26.789942651216954 ], [ 80.884850759979756, 26.789885017968039 ], [ 80.884883041539794, 26.78991383459616 ], [ 80.885205857140107, 26.789841793012148 ], [ 80.885254279480165, 26.789697709706921 ], [ 80.885738502880656, 26.789553626218737 ], [ 80.885738502880656, 26.789380725791439 ], [ 80.885819206780752, 26.789380725791439 ], [ 80.885996755360921, 26.789553626218737 ], [ 80.886222726281161, 26.789596851284411 ], [ 80.886367993301306, 26.789539217859861 ], [ 80.886384134081325, 26.789395134170441 ], [ 80.886513260321451, 26.789380725791439 ], [ 80.886545541881489, 26.7892078251007 ], [ 80.886706949681653, 26.789179008293306 ], [ 80.886900639041841, 26.789121374656542 ], [ 80.886940990991903, 26.789380725791439 ], [ 80.887074152427004, 26.789366317410604 ], [ 80.887017659696951, 26.788991698866823 ], [ 80.887719783627674, 26.788725142611476 ], [ 80.888316992488271, 26.78897008622079 ], [ 80.888760863938742, 26.78875395953413 ], [ 80.887179067497115, 26.785901048694498 ], [ 80.881610498391424, 26.775684734376039 ], [ 80.870981794750548, 26.758059791989893 ], [ 80.871724270631319, 26.757569770877485 ], [ 80.872014804671608, 26.75774271974668 ], [ 80.872692717432315, 26.757339171975772 ], [ 80.872854125232479, 26.757512121195926 ], [ 80.873144659272768, 26.757483296344173 ], [ 80.873499756433134, 26.757886843603277 ], [ 80.874694174154342, 26.757223872349435 ], [ 80.874694174154342, 26.757050922690556 ], [ 80.873661164233297, 26.755076395428997 ], [ 80.873951698273586, 26.754802553172919 ], [ 80.873564319553196, 26.753274789529911 ], [ 80.874274513873914, 26.752554139173899 ], [ 80.874565047914217, 26.751660526386676 ], [ 80.879181310998931, 26.750651600279934 ], [ 80.88044029184023, 26.749873279735901 ], [ 80.880246602480014, 26.749729145716998 ], [ 80.876760193996446, 26.748518412743046 ], [ 80.875468931595137, 26.746644633910527 ], [ 80.868399269947915, 26.745779802494546 ], [ 80.864719172104159, 26.744914964499994 ] ] ] } },
{ "type": "Feature", "properties": { "id": 3, "Zone": 5, "Ward Num": 0, "Ward Name": "Airport" }, "geometry": { "type": "Polygon", "coordinates": [ [ [ 80.881178732525953, 26.775115533269176 ], [ 80.894172060439217, 26.76837136375131 ], [ 80.894268905119318, 26.76459560681247 ], [ 80.894042934199092, 26.764566783757747 ], [ 80.894172060439217, 26.76231856295778 ], [ 80.894333468239381, 26.762087973693482 ], [ 80.905825703611114, 26.76231856295778 ], [ 80.905954829851268, 26.762174444722429 ], [ 80.905987111411292, 26.761165611956255 ], [ 80.906083956091393, 26.760992668296907 ], [ 80.906342208571658, 26.76087737237776 ], [ 80.909376675214759, 26.760848548379695 ], [ 80.908182257493536, 26.760243242731139 ], [ 80.907052402892376, 26.760156770232378 ], [ 80.905753070101085, 26.757418440401022 ], [ 80.902008409137252, 26.75715901625821 ], [ 80.899942389295134, 26.757389615525518 ], [ 80.893712048208783, 26.757130191316893 ], [ 80.891323212766324, 26.757764338336823 ], [ 80.889475093454465, 26.758369657190968 ], [ 80.880436256645211, 26.749866073039307 ], [ 80.879209557363964, 26.750673220218978 ], [ 80.87452873115916, 26.751682146133817 ], [ 80.874205915558846, 26.752633410936717 ], [ 80.873495721238129, 26.753296408970002 ], [ 80.873947663078567, 26.754852997848616 ], [ 80.87362484747824, 26.75514125270881 ], [ 80.874786983639439, 26.757130191316893 ], [ 80.874625575839275, 26.757360790642696 ], [ 80.873528002798139, 26.757994936375766 ], [ 80.873172905637787, 26.757504914983681 ], [ 80.872882371597484, 26.757562564668902 ], [ 80.872656400677258, 26.757331965752549 ], [ 80.871978487916564, 26.757821987890434 ], [ 80.8717202354363, 26.757533739829949 ], [ 80.870913196435467, 26.758167884597871 ], [ 80.881178732525953, 26.775115533269176 ] ] ] } },
{ "type": "Feature", "properties": { "id": 4, "Zone": 5, "Ward Num": 2, "Ward Name": "Raja Bijli Pasi" }, "geometry": { "type": "Polygon", "coordinates": [ [ [ 80.881162591745905, 26.775201994380595 ], [ 80.886448090345809, 26.78454184120752 ], [ 80.908997366884378, 26.774683226724537 ], [ 80.920360476016, 26.774135636071946 ], [ 80.916898278702462, 26.767189651790492 ], [ 80.917543909903117, 26.766296154097212 ], [ 80.917124249622688, 26.765229712166299 ], [ 80.916414055301956, 26.76413443705923 ], [ 80.914218909219713, 26.761021492258411 ], [ 80.909344393654735, 26.76087737237776 ], [ 80.90630992701162, 26.76087737237776 ], [ 80.906019392971331, 26.760992668296907 ], [ 80.905954829851268, 26.761165611956255 ], [ 80.905954829851268, 26.762232092038509 ], [ 80.905728858931028, 26.76231856295778 ], [ 80.894333468239381, 26.762116797377118 ], [ 80.894107497319155, 26.762289739325336 ], [ 80.894042934199092, 26.764624429859893 ], [ 80.894204341999256, 26.764624429859893 ], [ 80.894107497319155, 26.768457829997441 ], [ 80.881162591745905, 26.775201994380595 ] ] ] } },
{ "type": "Feature", "properties": { "id": 5, "Zone": 5, "Ward Num": 21, "Ward Name": "Sharda Nagar" }, "geometry": { "type": "Polygon", "coordinates": [ [ [ 80.916457273068019, 26.764143377448292 ], [ 80.917604609245188, 26.766412317075947 ], [ 80.916808111403171, 26.767191196349852 ], [ 80.917566680776488, 26.768613483851524 ], [ 80.920411315926515, 26.774200869466828 ], [ 80.925085999689685, 26.783715723702862 ], [ 80.926375567624348, 26.786255140714243 ], [ 80.926337639155662, 26.787067742158104 ], [ 80.926034211406346, 26.788049627806682 ], [ 80.925351498970343, 26.789640941678645 ], [ 80.924630858065669, 26.789640941678645 ], [ 80.92394814562968, 26.790792090994984 ], [ 80.923455075537007, 26.791909371810576 ], [ 80.922999933913005, 26.792281796304316 ], [ 80.922431006883002, 26.792518793072983 ], [ 80.921444866697669, 26.792586506344545 ], [ 80.921444866697669, 26.793162067521138 ], [ 80.921406938228998, 26.79346677519732 ], [ 80.921217295885668, 26.79427932499971 ], [ 80.921862079853, 26.794414749401007 ], [ 80.922051722196343, 26.79411004427077 ], [ 80.922355149945673, 26.794414749401007 ], [ 80.922734434632346, 26.794854877588847 ], [ 80.922924076975676, 26.794854877588847 ], [ 80.923265433193677, 26.794922589466189 ], [ 80.923341290131006, 26.79563356173842 ], [ 80.923530932474335, 26.79583669585497 ], [ 80.923113719319005, 26.801118055212388 ], [ 80.925351498970343, 26.800305554393375 ], [ 80.92785477790234, 26.799154501603333 ], [ 80.928651275744357, 26.799831592894467 ], [ 80.939309175439689, 26.790995233779743 ], [ 80.939764317063691, 26.790995233779743 ], [ 80.945870800519032, 26.768173253908898 ], [ 80.927124654880515, 26.761535734147341 ], [ 80.923360254365335, 26.761501868256236 ], [ 80.916457273068019, 26.764143377448292 ] ] ] } },
{ "type": "Feature", "properties": { "id": 6, "Zone": 5, "Ward Num": 1, "Ward Name": "Ibrahimpur" }, "geometry": { "type": "Polygon", "coordinates": [ [ [ 80.943339075235528, 26.777248418477839 ], [ 80.946107853448197, 26.775149004591022 ], [ 80.953323744612035, 26.78002500302814 ], [ 80.96094736681404, 26.785205521904835 ], [ 80.961288723032041, 26.785171663071953 ], [ 80.962161077811359, 26.78669530055188 ], [ 80.962388648623389, 26.78760947322165 ], [ 80.962919647184719, 26.78933622372843 ], [ 80.962161077811359, 26.790250375124334 ], [ 80.963488574214708, 26.791232233235633 ], [ 80.964626428274713, 26.793162067521138 ], [ 80.968608917484715, 26.79573512884215 ], [ 80.975208471032715, 26.793331349664484 ], [ 80.978015177714056, 26.788625211995861 ], [ 80.979873672678735, 26.781887308275092 ], [ 80.978128963120056, 26.775182866413317 ], [ 80.974867114814728, 26.772270712787908 ], [ 80.96766070576804, 26.77095006036847 ], [ 80.950858394148696, 26.76983257324909 ], [ 80.951199750366683, 26.768985984777942 ], [ 80.949682611620034, 26.768376437171369 ], [ 80.94918954152736, 26.769290757354515 ], [ 80.945813907816031, 26.768105526073988 ], [ 80.943339075235528, 26.777248418477839 ] ] ] } },
{ "type": "Feature", "properties": { "id": 7, "Zone": 5, "Ward Num": 10, "Ward Name": "Kharika" }, "geometry": { "type": "Polygon", "coordinates": [ [ [ 80.943339075235528, 26.777248418477839 ], [ 80.939735870712198, 26.790995233779743 ], [ 80.941328866396205, 26.790690519466224 ], [ 80.944552786232848, 26.790656662269775 ], [ 80.948724917786194, 26.790588947846551 ], [ 80.952934977808212, 26.790047231006113 ], [ 80.958169106484206, 26.790250375124334 ], [ 80.961127527040219, 26.789370081318861 ], [ 80.962189524162881, 26.790284232442012 ], [ 80.962948093536212, 26.789437796469414 ], [ 80.962379166506224, 26.787711047508182 ], [ 80.962113667225537, 26.786729158930235 ], [ 80.961241312446219, 26.785205521904835 ], [ 80.960899956228218, 26.785205521904835 ], [ 80.953276334026199, 26.78002500302814 ], [ 80.946069924979525, 26.775182866413317 ], [ 80.943339075235528, 26.777248418477839 ] ] ] } },
{ "type": "Feature", "properties": { "id": 8, "Zone": 5, "Ward Num": 88, "Ward Name": "Vidyavati 1st" }, "geometry": { "type": "Polygon", "coordinates": [ [ [ 80.902575453535988, 26.777519307764706 ], [ 80.905040803999327, 26.781277829921077 ], [ 80.909364649427332, 26.78865906979842 ], [ 80.912588569263988, 26.794143900436769 ], [ 80.912778211607332, 26.795159580718657 ], [ 80.913309210168677, 26.797732596736232 ], [ 80.913764351792665, 26.799289920184901 ], [ 80.913536780980664, 26.799628465931509 ], [ 80.913233353231334, 26.800440971600739 ], [ 80.915471132882672, 26.801118055212388 ], [ 80.917064128566679, 26.801490449475924 ], [ 80.918732981188001, 26.801862842516769 ], [ 80.920060477591335, 26.801862842516769 ], [ 80.92131211705734, 26.80172742700702 ], [ 80.923170612022005, 26.801185763351256 ], [ 80.923549896708664, 26.795870551505693 ], [ 80.923360254365335, 26.795599706016962 ], [ 80.923170612022005, 26.794888733532563 ], [ 80.922867184272661, 26.794821021635016 ], [ 80.922753398866675, 26.794821021635016 ], [ 80.922374114180002, 26.79448246154104 ], [ 80.922032757962015, 26.794008475712165 ], [ 80.921805187149999, 26.79448246154104 ], [ 80.921160403182668, 26.794380893315846 ], [ 80.921425902463355, 26.793432918829254 ], [ 80.921463830932012, 26.793162067521138 ], [ 80.921501759400684, 26.792586506344545 ], [ 80.922449971117331, 26.792451079761019 ], [ 80.923018898147333, 26.792315653015869 ], [ 80.923436111302678, 26.791909371810576 ], [ 80.923967109864009, 26.790758233828839 ], [ 80.924573965362683, 26.789607084169027 ], [ 80.925370463204672, 26.789640941678645 ], [ 80.926091104109346, 26.78808348578098 ], [ 80.926356603390019, 26.787203175166425 ], [ 80.926356603390019, 26.786424433161507 ], [ 80.925029106986671, 26.783749582970053 ], [ 80.920325976872022, 26.774167007351675 ], [ 80.90890950780333, 26.774810385812618 ], [ 80.902575453535988, 26.777519307764706 ] ] ] } },
{ "type": "Feature", "properties": { "id": 9, "Zone": 5, "Ward Num": 73, "Ward Name": "Vidyavati 2nd" }, "geometry": { "type": "Polygon", "coordinates": [ [ [ 80.889442721260139, 26.783140114615041 ], [ 80.890656432257487, 26.785374815917745 ], [ 80.895397490840821, 26.782496783356763 ], [ 80.897786984366832, 26.786356716212907 ], [ 80.899379980050838, 26.789133077973698 ], [ 80.901466045827476, 26.792315653015869 ], [ 80.902262543669494, 26.795295004069224 ], [ 80.902641828356138, 26.79715705874667 ], [ 80.902679756824838, 26.798138857088436 ], [ 80.905600248912165, 26.796920071666953 ], [ 80.906055390536167, 26.797868017015297 ], [ 80.907724243157503, 26.797190914003359 ], [ 80.90795181396949, 26.797394045331302 ], [ 80.912123945522836, 26.795938262776836 ], [ 80.913792798144172, 26.799425338604806 ], [ 80.91333765652017, 26.797766451821158 ], [ 80.912806657958839, 26.795193436571459 ], [ 80.912541158678152, 26.794177756592667 ], [ 80.905941605130167, 26.782835379210361 ], [ 80.902565971418824, 26.777417724357871 ], [ 80.889442721260139, 26.783140114615041 ] ] ] } },
{ "type": "Feature", "properties": { "id": 10, "Zone": 5, "Ward Num": 66, "Ward Name": "Hind Nagar" }, "geometry": { "type": "Polygon", "coordinates": [ [ [ 80.8887125982383, 26.78872678537326 ], [ 80.891367591044968, 26.793602200568493 ], [ 80.893112300603647, 26.796987782311664 ], [ 80.895473347778164, 26.801761280899608 ], [ 80.900242852712992, 26.799865447352918 ], [ 80.901987562271643, 26.799188356263887 ], [ 80.903239201737662, 26.798849809203709 ], [ 80.905021839764999, 26.798511261133122 ], [ 80.906576906980334, 26.79854511598564 ], [ 80.908928472037658, 26.799120646932689 ], [ 80.911052466282996, 26.799797738425905 ], [ 80.913176460528348, 26.800508680143793 ], [ 80.913441959809006, 26.799730029458452 ], [ 80.913745387558336, 26.799323774805035 ], [ 80.912152391874343, 26.79597211839727 ], [ 80.907942331852325, 26.797394045331302 ], [ 80.907828546446339, 26.79715705874667 ], [ 80.906121765356332, 26.797868017015297 ], [ 80.905704552201001, 26.796953926994352 ], [ 80.902632346238974, 26.798172712052111 ], [ 80.902594417770317, 26.79715705874667 ], [ 80.902253061552329, 26.795261148246748 ], [ 80.901494492178983, 26.792349509717312 ], [ 80.899332569464974, 26.789133077973698 ], [ 80.897815430718325, 26.786390574692252 ], [ 80.895388008723657, 26.782530642987567 ], [ 80.89068487860898, 26.785340957135372 ], [ 80.88947116761166, 26.783106255166036 ], [ 80.886361033180975, 26.784460625248176 ], [ 80.887157531022964, 26.785848837810487 ], [ 80.8887125982383, 26.78872678537326 ] ] ] } },
{ "type": "Feature", "properties": { "id": 11, "Zone": 5, "Ward Num": 44, "Ward Name": "Chitragupt Nagar" }, "geometry": { "type": "Polygon", "coordinates": [ [ [ 80.872706784460959, 26.796953926994352 ], [ 80.880657539705226, 26.803064648080806 ], [ 80.887693270642885, 26.80829489298398 ], [ 80.888508732719231, 26.807177773556223 ], [ 80.889134552452219, 26.806382242405828 ], [ 80.889798300653894, 26.805637484781354 ], [ 80.890196549574895, 26.805095839800408 ], [ 80.89097408318257, 26.804401853387727 ], [ 80.89152404597823, 26.803809422602129 ], [ 80.892130901476904, 26.803453962645243 ], [ 80.893041184724893, 26.802946160774184 ], [ 80.894406609596885, 26.802218307460599 ], [ 80.895459124602397, 26.801778207842119 ], [ 80.893098077427894, 26.796987782311664 ], [ 80.891372332103572, 26.793585272405938 ], [ 80.888760008824164, 26.788769107587012 ], [ 80.888314349317326, 26.788980718418998 ], [ 80.887716975935817, 26.78872678537326 ], [ 80.887005817148321, 26.78898918284407 ], [ 80.88708167408565, 26.789361616922196 ], [ 80.886948924445335, 26.789403938899188 ], [ 80.886882549625156, 26.789133077973698 ], [ 80.886711871516141, 26.789183864446482 ], [ 80.886512747055662, 26.78921772208237 ], [ 80.886541193407155, 26.7893785457149 ], [ 80.886389479532497, 26.789395474505056 ], [ 80.886379997415318, 26.789556297885664 ], [ 80.886218801423482, 26.789615548547381 ], [ 80.885986489552906, 26.789556297885664 ], [ 80.885815811443891, 26.789387010110289 ], [ 80.885758918740891, 26.78935315252491 ], [ 80.885702026037904, 26.789403938899188 ], [ 80.885735213447973, 26.789573226649321 ], [ 80.885393857229971, 26.789657870429668 ], [ 80.885185250652313, 26.789776371616103 ], [ 80.885166286417984, 26.78987794396312 ], [ 80.884843894434297, 26.789928730102531 ], [ 80.884787001731311, 26.78987794396312 ], [ 80.88444564551331, 26.78994565881063 ], [ 80.884426681278967, 26.790013373617725 ], [ 80.884616323622311, 26.790572019234439 ], [ 80.883649147671306, 26.791029090875174 ], [ 80.883516398030977, 26.790859805296979 ], [ 80.882852649829289, 26.791232233235633 ], [ 80.882397508205301, 26.791452303715726 ], [ 80.882264758564972, 26.791587731491322 ], [ 80.8821699373933, 26.791503089150531 ], [ 80.881354475316968, 26.792180226109075 ], [ 80.881240689910967, 26.792163297734362 ], [ 80.881107940270638, 26.792163297734362 ], [ 80.88095622639598, 26.792298724661361 ], [ 80.881032083333295, 26.792383366408647 ], [ 80.880633834412293, 26.79265421957567 ], [ 80.880425227834635, 26.792789645916724 ], [ 80.880254549725635, 26.792857359026634 ], [ 80.88012180008532, 26.792908143832541 ], [ 80.880216621256977, 26.793060498113896 ], [ 80.88008387161662, 26.793111282828878 ], [ 80.880026978913634, 26.793178995746835 ], [ 80.879837336570304, 26.793178995746835 ], [ 80.879818372335976, 26.793246708624377 ], [ 80.879970086210633, 26.79331442146151 ], [ 80.879951121976305, 26.793382134258238 ], [ 80.879742515398632, 26.79356834424086 ], [ 80.879685622695646, 26.793619128728519 ], [ 80.879439087649303, 26.793365206062845 ], [ 80.87923048107163, 26.793399062451101 ], [ 80.877789199262295, 26.792349509717312 ], [ 80.877447843044294, 26.79262036296516 ], [ 80.877144415294964, 26.792789645916724 ], [ 80.876840987545648, 26.792891215566424 ], [ 80.876651345202305, 26.79262036296516 ], [ 80.875816918891644, 26.793128211062157 ], [ 80.874830778706297, 26.793737625778032 ], [ 80.8755134911423, 26.794685597718665 ], [ 80.874944564112283, 26.795024157206441 ], [ 80.875247991861642, 26.795193436571459 ], [ 80.875096277986955, 26.795430427258143 ], [ 80.874679064831639, 26.795870551505693 ], [ 80.874261851676295, 26.796175251907606 ], [ 80.873579139240306, 26.796479951491122 ], [ 80.872706784460959, 26.796953926994352 ] ] ] } },
{ "type": "Feature", "properties": { "id": 12, "Zone": 5, "Ward Num": 19, "Ward Name": "Kesri Kheda" }, "geometry": { "type": "Polygon", "coordinates": [ [ [ 80.872621445406452, 26.797021637618865 ], [ 80.870914664316444, 26.797597176295501 ], [ 80.870118166474427, 26.797901872059796 ], [ 80.869169954757794, 26.798985228149032 ], [ 80.868373456915776, 26.800102428279203 ], [ 80.867766601417102, 26.801287325483742 ], [ 80.867652816011116, 26.802810746557888 ], [ 80.867880386823103, 26.804300294044271 ], [ 80.868373456915776, 26.805383589018664 ], [ 80.869928524131112, 26.807313182557884 ], [ 80.872735230812438, 26.81073220625899 ], [ 80.874442011902445, 26.812898662960869 ], [ 80.874442011902445, 26.813034065130086 ], [ 80.875162652807106, 26.814015726020251 ], [ 80.877059076240442, 26.816385217281557 ], [ 80.87948649823511, 26.819431633262319 ], [ 80.879145142017123, 26.819905512833035 ], [ 80.880510566889114, 26.821902554966652 ], [ 80.880851923107116, 26.823290309282804 ], [ 80.881155350856446, 26.824779587690863 ], [ 80.881382921668447, 26.826167306770905 ], [ 80.881800134823777, 26.826505772260834 ], [ 80.882027705635778, 26.82667500462663 ], [ 80.88206563410445, 26.826844236739625 ], [ 80.882113044690286, 26.826911929514051 ], [ 80.882226830096286, 26.827013468599841 ], [ 80.882340615502272, 26.827199623354115 ], [ 80.88247336514263, 26.827131930751584 ], [ 80.882606114782959, 26.8271657770579 ], [ 80.882644043251616, 26.8271657770579 ], [ 80.882738864423288, 26.8271657770579 ], [ 80.882928506766632, 26.827301162182067 ], [ 80.883042292172618, 26.827436547144423 ], [ 80.88313711334429, 26.827436547144423 ], [ 80.88313711334429, 26.827267315916195 ], [ 80.883212970281619, 26.827335008437828 ], [ 80.883269862984619, 26.827368854683474 ], [ 80.883383648390605, 26.827419624032981 ], [ 80.883421576859291, 26.827301162182067 ], [ 80.88355432649962, 26.827402700919006 ], [ 80.883497433796634, 26.827538085760025 ], [ 80.883611219202635, 26.827673470439272 ], [ 80.883838790014622, 26.827707316583815 ], [ 80.884123253529623, 26.827622701203516 ], [ 80.884369788575952, 26.82752116266375 ], [ 80.884559430919296, 26.827419624032981 ], [ 80.884862858668612, 26.827267315916195 ], [ 80.885185250652299, 26.827182700207281 ], [ 80.885545571104615, 26.826945775886092 ], [ 80.885848998853959, 26.826861159937021 ], [ 80.886569639758633, 26.82672577428707 ], [ 80.887347173366294, 26.826556541997121 ], [ 80.888029885802283, 26.826556541997121 ], [ 80.888636741300957, 26.826471925757346 ], [ 80.888769490941286, 26.826471925757346 ], [ 80.8887125982383, 26.826861159937021 ], [ 80.888769490941286, 26.827335008437828 ], [ 80.88901602598763, 26.827808854956732 ], [ 80.889528060314632, 26.828468852162448 ], [ 80.890096987344634, 26.828959616822836 ], [ 80.890556870027226, 26.829399610917712 ], [ 80.890746512370541, 26.829534993372327 ], [ 80.892263651117219, 26.82559191311746 ], [ 80.891656795618559, 26.825608836501921 ], [ 80.891467153275229, 26.825050363480166 ], [ 80.892282615351562, 26.824779587690863 ], [ 80.89224468688289, 26.824559581885566 ], [ 80.892586043100891, 26.824525734800677 ], [ 80.89260500733522, 26.82439034636003 ], [ 80.892832578147221, 26.824356499224592 ], [ 80.892946363553222, 26.824305728502473 ], [ 80.893098077427879, 26.824271881341755 ], [ 80.893211862833894, 26.824136492597788 ], [ 80.893723897160896, 26.824018027314104 ], [ 80.893742861395225, 26.82384879097971 ], [ 80.894008360675883, 26.82383186733237 ], [ 80.893685968692225, 26.82210564202574 ], [ 80.894596251940214, 26.821834859199431 ], [ 80.894653144643215, 26.822004098541697 ], [ 80.894691073111886, 26.82210564202574 ], [ 80.89499450086123, 26.82210564202574 ], [ 80.894596251940214, 26.820464011211811 ], [ 80.894311788425227, 26.819059297923836 ], [ 80.893894575269883, 26.817028356362769 ], [ 80.893458397880224, 26.815758999406544 ], [ 80.892813613912892, 26.813897250157002 ], [ 80.892168829945561, 26.81271248471414 ], [ 80.891315439400557, 26.81139230292078 ], [ 80.890177585340552, 26.810275214010968 ], [ 80.88900180281189, 26.80922581743296 ], [ 80.872621445406452, 26.797021637618865 ] ] ] } },
{ "type": "Feature", "properties": { "id": 13, "Zone": 5, "Ward Num": 69, "Ward Name": "Ramjilal Nagar" }, "geometry": { "type": "Polygon", "coordinates": [ [ [ 80.887735940170131, 26.808362596838005 ], [ 80.889556506666125, 26.809682813910825 ], [ 80.890751253429116, 26.810833759841739 ], [ 80.891490858568105, 26.81161233428729 ], [ 80.891813250551778, 26.812170873530519 ], [ 80.892306320644451, 26.812983289335595 ], [ 80.892609748393781, 26.813474121063141 ], [ 80.893045925783454, 26.814540403354815 ], [ 80.893425210470113, 26.815420501817389 ], [ 80.893766566688114, 26.816656013128966 ], [ 80.894221708312116, 26.818331548048427 ], [ 80.894411350655446, 26.819160844046554 ], [ 80.894586769823022, 26.820159376073686 ], [ 80.894719519463351, 26.821022506838187 ], [ 80.894966054509695, 26.82188563102865 ], [ 80.894966054509695, 26.822291804843484 ], [ 80.89521258955601, 26.823137995615021 ], [ 80.895402231899368, 26.823950332810679 ], [ 80.895553945774026, 26.824187263395729 ], [ 80.896160801272686, 26.823561088631127 ], [ 80.896824549474346, 26.821851783145028 ], [ 80.89927093570337, 26.816114420787194 ], [ 80.900162254717017, 26.814286527528441 ], [ 80.901228992898311, 26.812187798919176 ], [ 80.901134171726639, 26.81200161950499 ], [ 80.901494492178969, 26.811747737992878 ], [ 80.901418635241626, 26.811629259759339 ], [ 80.90136174253864, 26.811409228425667 ], [ 80.901285885601297, 26.811290749838346 ], [ 80.901247957132639, 26.811155345586947 ], [ 80.901134171726639, 26.811273824315776 ], [ 80.901096243257953, 26.811155345586947 ], [ 80.901058314789296, 26.811070717847699 ], [ 80.900963493617624, 26.811172271127212 ], [ 80.900868672445966, 26.811053792292267 ], [ 80.900773851274295, 26.810816834250925 ], [ 80.900830743977309, 26.810681429433512 ], [ 80.900792815508638, 26.810529098820613 ], [ 80.900622137399637, 26.810224436980818 ], [ 80.900716958571309, 26.810156734238561 ], [ 80.900849708211638, 26.810038254342338 ], [ 80.900887636680295, 26.809987477206061 ], [ 80.900811779742966, 26.809868997132973 ], [ 80.900679030102651, 26.809868997132973 ], [ 80.900622137399637, 26.80976744268607 ], [ 80.900565244696651, 26.809615110845147 ], [ 80.900413530821965, 26.809699739670933 ], [ 80.900337673884636, 26.809648962383044 ], [ 80.900413530821965, 26.809530481956205 ], [ 80.900584208930979, 26.809445853004085 ], [ 80.900508351993636, 26.809445853004085 ], [ 80.900413530821965, 26.809496630382938 ], [ 80.900356638118964, 26.809395075602495 ], [ 80.900470423524965, 26.809276594910362 ], [ 80.900337673884636, 26.809073484864339 ], [ 80.900242852712964, 26.809107336563947 ], [ 80.900148031541306, 26.809107336563947 ], [ 80.900299745415964, 26.808971929704889 ], [ 80.900261816947307, 26.808751893214033 ], [ 80.900148031541306, 26.808531856296163 ], [ 80.900356638118964, 26.808345670878285 ], [ 80.900166995775649, 26.808108707176995 ], [ 80.899996317666648, 26.807702482536932 ], [ 80.900242852712964, 26.807600926149522 ], [ 80.900204924244306, 26.807448591397858 ], [ 80.900318709650307, 26.807397813101819 ], [ 80.900223888478635, 26.807228551950807 ], [ 80.900489387759308, 26.807126995138905 ], [ 80.900356638118964, 26.806923881242273 ], [ 80.900479905642129, 26.806940807414222 ], [ 80.900138549424128, 26.806263758565493 ], [ 80.899645479331468, 26.805519000162846 ], [ 80.899228266176138, 26.805654411145333 ], [ 80.899000695364151, 26.805857527315869 ], [ 80.898735196083464, 26.806060643122603 ], [ 80.898507625271478, 26.806060643122603 ], [ 80.898393839865477, 26.805654411145333 ], [ 80.898659339146135, 26.805451294610979 ], [ 80.898659339146135, 26.805248177712805 ], [ 80.898735196083464, 26.805146619127289 ], [ 80.898735196083464, 26.804909648740711 ], [ 80.898507625271478, 26.804131028269747 ], [ 80.89812834058479, 26.80416488144488 ], [ 80.897749055898132, 26.803555522746613 ], [ 80.897369771211473, 26.803183135263637 ], [ 80.896952558056128, 26.803284695607534 ], [ 80.896042274808124, 26.801558157392485 ], [ 80.895501794129629, 26.801761280899623 ], [ 80.89429756524946, 26.802269088075921 ], [ 80.892970068846125, 26.803013867821704 ], [ 80.89213564253545, 26.803521669389607 ], [ 80.891452930099462, 26.803758642676502 ], [ 80.890884003069473, 26.804503412640234 ], [ 80.890163362164799, 26.805011207538449 ], [ 80.889746149009468, 26.805688263865683 ], [ 80.889139293510794, 26.806433021156661 ], [ 80.888494509543463, 26.807110068994763 ], [ 80.887735940170131, 26.808362596838005 ] ] ] } },
{ "type": "Feature", "properties": { "id": 14, "Zone": 5, "Ward Num": 22, "Ward Name": "Gurunanak Nagar" }, "geometry": { "type": "Polygon", "coordinates": [ [ [ 80.896056497983864, 26.801558157392474 ], [ 80.896981004407607, 26.803318549035264 ], [ 80.897360289094266, 26.803183135263613 ], [ 80.897749055898103, 26.803555522746603 ], [ 80.898137822701955, 26.804156418152022 ], [ 80.898488661037106, 26.804114101678397 ], [ 80.898754160317779, 26.804926575213301 ], [ 80.89873519608345, 26.805146619127274 ], [ 80.898649857028957, 26.805239714500811 ], [ 80.898649857028957, 26.80545975780716 ], [ 80.89838435774827, 26.805662874326348 ], [ 80.898536071622942, 26.806077569423376 ], [ 80.898754160317779, 26.806069106273302 ], [ 80.899010177481273, 26.805849064149342 ], [ 80.899218784058945, 26.805629021598428 ], [ 80.899654961448633, 26.805527463353979 ], [ 80.900119585189785, 26.806263758565478 ], [ 80.900460941407786, 26.806932344328558 ], [ 80.900347156001786, 26.806940807414211 ], [ 80.900460941407786, 26.807126995138905 ], [ 80.90024285271295, 26.807245478077274 ], [ 80.900299745415964, 26.807406276152726 ], [ 80.900195442127128, 26.807423202252668 ], [ 80.900223888478621, 26.807609389185277 ], [ 80.899986835549441, 26.807694019508126 ], [ 80.900176477892785, 26.808125633172093 ], [ 80.900328191767457, 26.808354133858458 ], [ 80.900148031541278, 26.808557245193089 ], [ 80.900280781181607, 26.808794207956968 ], [ 80.900290263298785, 26.808980392638315 ], [ 80.900129067306949, 26.809158114094387 ], [ 80.900195442127128, 26.809158114094387 ], [ 80.900347156001786, 26.809098873639996 ], [ 80.900437236114868, 26.809259669087076 ], [ 80.900361379177525, 26.809395075602495 ], [ 80.900361379177525, 26.809496630382938 ], [ 80.900532057286526, 26.809412001405551 ], [ 80.900569985755197, 26.809513556170831 ], [ 80.900456200349197, 26.809547407739046 ], [ 80.900361379177525, 26.809699739670922 ], [ 80.900456200349197, 26.809750516936077 ], [ 80.900588949989526, 26.809682813910825 ], [ 80.900702735395541, 26.809885922865284 ], [ 80.900797556567198, 26.809868997132973 ], [ 80.90089237773887, 26.810105957155333 ], [ 80.900854449270199, 26.810105957155333 ], [ 80.900721699629884, 26.810156734238547 ], [ 80.900607914223855, 26.810224436980803 ], [ 80.900797556567198, 26.810495247545507 ], [ 80.90083548503587, 26.810698355044529 ], [ 80.900797556567198, 26.810867611015766 ], [ 80.90089237773887, 26.811087643400597 ], [ 80.900968234676199, 26.811189196664962 ], [ 80.901100984316528, 26.811138420044148 ], [ 80.901176841253857, 26.81125689879066 ], [ 80.901328555128529, 26.811104568950981 ], [ 80.901347519362872, 26.81125689879066 ], [ 80.901404412065872, 26.81151078140196 ], [ 80.901404412065872, 26.811646185228845 ], [ 80.901480269003201, 26.811764663444702 ], [ 80.902845693875193, 26.810495247545507 ], [ 80.904286975684528, 26.809191965768729 ], [ 80.904286975684528, 26.809005781434813 ], [ 80.904211118747213, 26.808684189592469 ], [ 80.904116297575541, 26.808430300651587 ], [ 80.904097333341213, 26.808261041041821 ], [ 80.904116297575541, 26.808091781179389 ], [ 80.904211118747213, 26.807888669010957 ], [ 80.9044386895592, 26.80768555647867 ], [ 80.904723153074215, 26.807516295757182 ], [ 80.905083473526545, 26.80736396089182 ], [ 80.905102437760874, 26.807262404201211 ], [ 80.904817974245859, 26.806788471775704 ], [ 80.904666260371201, 26.806416094908911 ], [ 80.904704188839872, 26.806365316150508 ], [ 80.90504554505786, 26.806196053458276 ], [ 80.905178294698203, 26.806263758565478 ], [ 80.905671364790877, 26.80612834831064 ], [ 80.905690329025219, 26.80600986420502 ], [ 80.905614472087862, 26.805586705674287 ], [ 80.905424829744533, 26.805485147391963 ], [ 80.905367937041547, 26.80531588338593 ], [ 80.905292080104203, 26.805129692687508 ], [ 80.905330008572861, 26.805095839800408 ], [ 80.905595507853533, 26.804977354615968 ], [ 80.905804114431206, 26.804791163361724 ], [ 80.906107542180536, 26.804672677858935 ], [ 80.906373041461208, 26.804537265704173 ], [ 80.906467862632866, 26.804588045281161 ], [ 80.906505791101537, 26.804503412640223 ], [ 80.906676469210538, 26.804418779936128 ], [ 80.906960932725539, 26.804266440909593 ], [ 80.90707471813154, 26.804334147168856 ], [ 80.90718850353754, 26.804317220607835 ], [ 80.90718850353754, 26.804164881444869 ], [ 80.907302288943541, 26.804097175084525 ], [ 80.90718850353754, 26.803961762242576 ], [ 80.907112646600197, 26.803758642676492 ], [ 80.907264360474855, 26.803707862728132 ], [ 80.907264360474855, 26.803674009416589 ], [ 80.907112646600197, 26.803470889335117 ], [ 80.907036789662868, 26.803216988721701 ], [ 80.907245396240526, 26.803030794577246 ], [ 80.90688507578821, 26.80269225898601 ], [ 80.906809218850867, 26.80269225898601 ], [ 80.906676469210538, 26.802810746557888 ], [ 80.906581648038866, 26.802709185789571 ], [ 80.906619576507524, 26.802590698111587 ], [ 80.906505791101537, 26.80235372238425 ], [ 80.907283324709212, 26.801998257864817 ], [ 80.90652475533588, 26.800593315765752 ], [ 80.906847147319539, 26.800407117314052 ], [ 80.906714397679195, 26.799713102210276 ], [ 80.906809218850867, 26.799679247706347 ], [ 80.90718850353754, 26.799509975035136 ], [ 80.907017825428539, 26.799306847496215 ], [ 80.906733361913552, 26.798985228149032 ], [ 80.906619576507524, 26.798832881824179 ], [ 80.906448898398537, 26.798832881824179 ], [ 80.906354077226879, 26.798697462696968 ], [ 80.906164434883536, 26.798765172280788 ], [ 80.905879971368549, 26.798765172280788 ], [ 80.905917899837206, 26.798460478835374 ], [ 80.905026580823531, 26.798578970828057 ], [ 80.903243942796195, 26.798849809203709 ], [ 80.901973339095861, 26.799222210914312 ], [ 80.900247593771539, 26.799882374578356 ], [ 80.896056497983864, 26.801558157392474 ] ] ] } },
{ "type": "Feature", "properties": { "id": 15, "Zone": 5, "Ward Num": 28, "Ward Name": "Geeta Palli" }, "geometry": { "type": "Polygon", "coordinates": [ [ [ 80.905861007134206, 26.798494333703044 ], [ 80.905879971368549, 26.798799027057523 ], [ 80.906382523578372, 26.798722853795628 ], [ 80.906429934164208, 26.79885827289251 ], [ 80.906657504976209, 26.798815954442105 ], [ 80.906780772499374, 26.798985228149018 ], [ 80.906998861194197, 26.799264529213158 ], [ 80.907188503537554, 26.799526902313612 ], [ 80.906818700968046, 26.799704638585229 ], [ 80.906723879796388, 26.799704638585229 ], [ 80.906866111553882, 26.800407117314052 ], [ 80.906505791101537, 26.800601779324467 ], [ 80.907292806826376, 26.802006721318701 ], [ 80.90652475533588, 26.802353722384222 ], [ 80.906638540741881, 26.802573771290334 ], [ 80.906562683804552, 26.802726112590594 ], [ 80.906676469210538, 26.802819209951139 ], [ 80.906837665202374, 26.802692258985999 ], [ 80.906918263198293, 26.80269225898601 ], [ 80.907240655181965, 26.803030794577246 ], [ 80.907373404822295, 26.803183135263623 ], [ 80.907468225993966, 26.803132355057574 ], [ 80.907506154462624, 26.80325084216966 ], [ 80.907506154462624, 26.803403182560448 ], [ 80.907525118696952, 26.80350474270729 ], [ 80.907525118696952, 26.803640156094936 ], [ 80.907714761040296, 26.803521669389593 ], [ 80.907999224555297, 26.80397868885666 ], [ 80.9086819369913, 26.804723457375289 ], [ 80.909099150146631, 26.805231251288191 ], [ 80.909800826816976, 26.805874453646986 ], [ 80.910009433394634, 26.80612834831064 ], [ 80.909819791051305, 26.806416094908911 ], [ 80.910673181596295, 26.807110068994763 ], [ 80.911128323220296, 26.807499369671145 ], [ 80.911811035656299, 26.808091781179389 ], [ 80.91156450060997, 26.808430300651587 ], [ 80.91126107286064, 26.808785745009658 ], [ 80.911223144391954, 26.809005781434813 ], [ 80.91126107286064, 26.809835145660788 ], [ 80.911242108626297, 26.81032599101837 ], [ 80.911280037094969, 26.811883141536757 ], [ 80.912986818184976, 26.811713887081652 ], [ 80.913598414742225, 26.811663110695843 ], [ 80.913674271679568, 26.811443079427882 ], [ 80.914167341772227, 26.811460004925188 ], [ 80.91515348195756, 26.811341526390944 ], [ 80.915248303129232, 26.810393693659563 ], [ 80.915608623581562, 26.810342916682462 ], [ 80.915570695112905, 26.809395075602495 ], [ 80.915684480518905, 26.80937814979692 ], [ 80.915703444753234, 26.807194699690285 ], [ 80.915779301690563, 26.807211625821804 ], [ 80.915855158627892, 26.803081574828777 ], [ 80.915893087096563, 26.802963087539844 ], [ 80.915931015565221, 26.801236544428853 ], [ 80.915494838175562, 26.801118055212374 ], [ 80.913181201586895, 26.800474825877309 ], [ 80.911000314638557, 26.799831592894442 ], [ 80.908876320393219, 26.799120646932664 ], [ 80.906543719570209, 26.798562043408108 ], [ 80.905861007134206, 26.798494333703044 ] ] ] } },
{ "type": "Feature", "properties": { "id": 16, "Zone": 5, "Ward Num": 20, "Ward Name": "Guru Govind Singh Ward" }, "geometry": { "type": "Polygon", "coordinates": [ [ [ 80.915916792389481, 26.801270398467977 ], [ 80.91593575662381, 26.803030794577246 ], [ 80.915803006983481, 26.803183135263623 ], [ 80.915803006983481, 26.807211625821804 ], [ 80.91568922157748, 26.807228551950807 ], [ 80.915708185811809, 26.80937814979692 ], [ 80.915556471937151, 26.809395075602495 ], [ 80.915632328874494, 26.810342916682462 ], [ 80.915215115719135, 26.81041061931354 ], [ 80.915196151484807, 26.811341526390944 ], [ 80.914115190127816, 26.811476930419971 ], [ 80.913641084269472, 26.811443079427882 ], [ 80.913584191566486, 26.8116800361603 ], [ 80.913261799582813, 26.811747737992892 ], [ 80.91329972805147, 26.81220472430531 ], [ 80.913697976972472, 26.81217087353053 ], [ 80.914304832471146, 26.812289351198061 ], [ 80.914304832471146, 26.812509380823521 ], [ 80.914380689408461, 26.812678634090982 ], [ 80.914475510580161, 26.812983289335605 ], [ 80.914722045626476, 26.813355644633837 ], [ 80.914930652204148, 26.813711073550291 ], [ 80.915234079953478, 26.814100351561073 ], [ 80.915632328874494, 26.814455778142545 ], [ 80.91599264932681, 26.814743503606547 ], [ 80.916599504825498, 26.815149703018257 ], [ 80.916656397528484, 26.815386652002882 ], [ 80.916808111403157, 26.815623600492192 ], [ 80.916997753746472, 26.816080571179931 ], [ 80.917111539152501, 26.81658831422779 ], [ 80.917339109964487, 26.816977582357481 ], [ 80.917358074198816, 26.818974676085421 ], [ 80.917320145730159, 26.821902554966705 ], [ 80.917263253027158, 26.82516882768455 ], [ 80.917187396089815, 26.826878083131945 ], [ 80.917035682215143, 26.827538085760079 ], [ 80.916846039871814, 26.828316545456293 ], [ 80.916618469059827, 26.828942693938941 ], [ 80.916997753746472, 26.828925771052479 ], [ 80.92462611700708, 26.829602684538994 ], [ 80.931970016752686, 26.830330362025688 ], [ 80.933563012436693, 26.83056727926845 ], [ 80.937754108224368, 26.830804196015698 ], [ 80.94229130128862, 26.830990344540933 ], [ 80.942025802007961, 26.830871886423918 ], [ 80.940807349952038, 26.830228825912812 ], [ 80.939688460126362, 26.82990729428829 ], [ 80.9384557848947, 26.829636530107141 ], [ 80.937412752006367, 26.829314996801454 ], [ 80.935914577494017, 26.828942693938941 ], [ 80.935758122560784, 26.828908848163497 ], [ 80.935473659045769, 26.828671927452223 ], [ 80.934335804985764, 26.827961162345513 ], [ 80.9327617735361, 26.827047314941606 ], [ 80.931472205601438, 26.826319616366547 ], [ 80.931410571839862, 26.826268846524094 ], [ 80.930462360123187, 26.823493393854747 ], [ 80.929381398766182, 26.820904038298991 ], [ 80.928831435970508, 26.819803967377585 ], [ 80.928471115518178, 26.819059297923847 ], [ 80.927807367316504, 26.818145378725035 ], [ 80.92623333586684, 26.817112979654432 ], [ 80.925171338744164, 26.816351367755168 ], [ 80.924450697839518, 26.815555900974356 ], [ 80.924261055496174, 26.815437426720859 ], [ 80.92287666638984, 26.815758999406544 ], [ 80.923085272967498, 26.804384926836807 ], [ 80.926631584787842, 26.801490449475914 ], [ 80.928660757861522, 26.799882374578356 ], [ 80.927864260019504, 26.799154501603319 ], [ 80.925323052618836, 26.800322481553128 ], [ 80.923161129904827, 26.801168836320315 ], [ 80.921302634940176, 26.801727427007005 ], [ 80.920013067005485, 26.801879769444099 ], [ 80.918704534836493, 26.801879769444099 ], [ 80.917073610683815, 26.801490449475914 ], [ 80.915916792389481, 26.801270398467977 ] ] ] } },
{ "type": "Feature", "properties": { "id": 25, "Zone": 5, "Ward Num": 18, "Ward Name": "Om Nagar" }, "geometry": { "type": "Polygon", "coordinates": [ [ [ 80.90723591412339, 26.803030794577246 ], [ 80.907034419133595, 26.803225452084632 ], [ 80.907129240305252, 26.80350474270729 ], [ 80.90728095417991, 26.803682472745415 ], [ 80.907252507828417, 26.803724789380102 ], [ 80.907091311836581, 26.803758642676492 ], [ 80.907195615125417, 26.803970225549925 ], [ 80.907318882648582, 26.804105638381774 ], [ 80.907176650891088, 26.804181808028623 ], [ 80.907176650891088, 26.804334147168856 ], [ 80.907119758188074, 26.804342610448419 ], [ 80.907053383367924, 26.804342610448419 ], [ 80.906930115844759, 26.804274904194209 ], [ 80.906664616564086, 26.804427243209368 ], [ 80.906484456337921, 26.804511875907153 ], [ 80.90644652786925, 26.804588045281161 ], [ 80.906361188814756, 26.804520339173457 ], [ 80.906086207416919, 26.804689604366917 ], [ 80.905773297550425, 26.804816553096206 ], [ 80.905593137324246, 26.804994281078468 ], [ 80.905308673809245, 26.805129692687508 ], [ 80.905289709574916, 26.805155082346214 ], [ 80.905375048629423, 26.805282030554412 ], [ 80.905441423449574, 26.805493610585625 ], [ 80.905621583675739, 26.805595168860378 ], [ 80.905706922730246, 26.806018327359524 ], [ 80.905678476378753, 26.806119885164343 ], [ 80.905166442051751, 26.806246832292477 ], [ 80.905024210294243, 26.806179127175159 ], [ 80.904711300427763, 26.806339926762785 ], [ 80.904701818310571, 26.806424558033097 ], [ 80.904834567950928, 26.806763082482721 ], [ 80.905081102997244, 26.807296256441528 ], [ 80.905071620880079, 26.807380886998072 ], [ 80.904730264662092, 26.807516295757182 ], [ 80.904398390561255, 26.807694019508126 ], [ 80.904180301866404, 26.807930984076055 ], [ 80.904094962811897, 26.808074855179253 ], [ 80.904085480694732, 26.80827796701416 ], [ 80.904104444929075, 26.808430300651587 ], [ 80.904227712452254, 26.808675726636942 ], [ 80.904275123038076, 26.809022707295988 ], [ 80.904275123038076, 26.809208891602104 ], [ 80.901468416356721, 26.811756200719113 ], [ 80.901127060138734, 26.812010082212272 ], [ 80.901221881310406, 26.812187798919187 ], [ 80.901942522215066, 26.81297482670097 ], [ 80.901904593746409, 26.8130340651301 ], [ 80.903051929923578, 26.814184977038693 ], [ 80.90345966096173, 26.814625028503933 ], [ 80.90419215451287, 26.815268177572481 ], [ 80.904988652354874, 26.815852086066339 ], [ 80.904931759651859, 26.815970559886431 ], [ 80.905330008572861, 26.816325980603718 ], [ 80.905974792540192, 26.816943733007957 ], [ 80.906012721008878, 26.817104517328094 ], [ 80.906126506414878, 26.817138366629603 ], [ 80.906202363352222, 26.817087592673573 ], [ 80.906316148758208, 26.81698604469327 ], [ 80.906429934164208, 26.816859109589963 ], [ 80.906534237453045, 26.81678294845975 ], [ 80.906678839739826, 26.816723711989738 ], [ 80.906716768208497, 26.816495228172617 ], [ 80.906697803974154, 26.816368292519634 ], [ 80.906783143028662, 26.816368292519634 ], [ 80.906773660911497, 26.816258281505398 ], [ 80.90684951784884, 26.816190582366644 ], [ 80.906953821137677, 26.816165195179178 ], [ 80.907048642309334, 26.816165195179178 ], [ 80.907171909832499, 26.816139807986037 ], [ 80.9072856952385, 26.816207507155116 ], [ 80.907503783933336, 26.816249819115257 ], [ 80.907560676636351, 26.816215969548413 ], [ 80.907522748167665, 26.816114420787208 ], [ 80.907522748167665, 26.815987484707762 ], [ 80.907560676636351, 26.815987484707762 ], [ 80.907664979925173, 26.815979022297419 ], [ 80.907693426276666, 26.815894398159159 ], [ 80.907589122987844, 26.815758999406544 ], [ 80.907475337581843, 26.815632062929058 ], [ 80.907408962761679, 26.815581288298269 ], [ 80.907342587941514, 26.815598213177744 ], [ 80.907304659472828, 26.815648987800952 ], [ 80.907209838301156, 26.815682837537118 ], [ 80.907162427715335, 26.815750536979127 ], [ 80.907067606543677, 26.815775924259455 ], [ 80.906963303254841, 26.815606675616522 ], [ 80.90698226748917, 26.81547973896847 ], [ 80.907029678075006, 26.815378189547669 ], [ 80.907115017129499, 26.815352802178261 ], [ 80.907200356183992, 26.815344339720525 ], [ 80.907266731004171, 26.815412039364706 ], [ 80.907352070058678, 26.815412039364706 ], [ 80.907427926996007, 26.815378189547669 ], [ 80.907551194519172, 26.815344339720525 ], [ 80.907589122987844, 26.815276640035901 ], [ 80.907579640870679, 26.815200477842374 ], [ 80.907532230284829, 26.815090465694702 ], [ 80.907589122987844, 26.815065078260858 ], [ 80.907693426276666, 26.815048153301792 ], [ 80.907750318979666, 26.815039690821312 ], [ 80.907797729565502, 26.815158165490519 ], [ 80.907883068620009, 26.815276640035901 ], [ 80.907911514971516, 26.815386652002882 ], [ 80.90799685402601, 26.815344339720525 ], [ 80.908224424838011, 26.815234327712481 ], [ 80.908461477767176, 26.815124315597668 ], [ 80.908546816821669, 26.815132778071824 ], [ 80.908584745290341, 26.815200477842374 ], [ 80.908641637993341, 26.815115853122876 ], [ 80.908679566461998, 26.815166627962157 ], [ 80.908726977047849, 26.815217402778682 ], [ 80.908802833985163, 26.815242790178431 ], [ 80.908907137273999, 26.815166627962157 ], [ 80.908982994211343, 26.815208940310846 ], [ 80.908992476328507, 26.815293564960847 ], [ 80.908945065742685, 26.815378189547669 ], [ 80.90895454785985, 26.815445889171631 ], [ 80.909011440562836, 26.815488201416088 ], [ 80.909011440562836, 26.815555900974356 ], [ 80.909039886914343, 26.815648987800952 ], [ 80.909257975609179, 26.81561513805466 ], [ 80.909570885475688, 26.815522051200279 ], [ 80.910063955568361, 26.8154035769114 ], [ 80.910120848271347, 26.815318952343524 ], [ 80.910063955568361, 26.815158165490519 ], [ 80.909988098631018, 26.814929678517586 ], [ 80.909902759576511, 26.81477735361311 ], [ 80.90978897417051, 26.814565790906187 ], [ 80.90943813583533, 26.814142664307777 ], [ 80.909409689483837, 26.814041113689143 ], [ 80.909447617952523, 26.813998800904525 ], [ 80.909561403358524, 26.813956488104122 ], [ 80.910367383317677, 26.813592597368615 ], [ 80.910471686606499, 26.813524896637794 ], [ 80.910443240255006, 26.813448733267283 ], [ 80.910196705208676, 26.81310176615407 ], [ 80.91028204426317, 26.812983289335605 ], [ 80.911173363276845, 26.81275479797889 ], [ 80.911192327511174, 26.81271248471414 ], [ 80.91105009575368, 26.811933917824021 ], [ 80.911078542105187, 26.811891604252882 ], [ 80.911277666565681, 26.811891604252882 ], [ 80.911211291745516, 26.810334453850736 ], [ 80.911277666565681, 26.809852071398147 ], [ 80.911220773862681, 26.809031170225623 ], [ 80.911258702331352, 26.808802670903667 ], [ 80.911562130080696, 26.808438763625436 ], [ 80.911808665127012, 26.808091781179389 ], [ 80.911125952691023, 26.807516295757182 ], [ 80.910689775301336, 26.807118532067147 ], [ 80.90982453210988, 26.806433021156661 ], [ 80.910042620804717, 26.806145274601342 ], [ 80.909786603641223, 26.805857527315855 ], [ 80.909084926970877, 26.805222788074939 ], [ 80.908677195932725, 26.804731920625805 ], [ 80.908003965613872, 26.803995615468228 ], [ 80.907691055747392, 26.80353013272979 ], [ 80.907520377638377, 26.803648619426291 ], [ 80.907520377638377, 26.80350474270729 ], [ 80.907501413404034, 26.803453962645232 ], [ 80.90749193128687, 26.803377792509515 ], [ 80.907482449169706, 26.803216988721687 ], [ 80.907472967052541, 26.803123891687672 ], [ 80.907387627998048, 26.803183135263623 ], [ 80.90723591412339, 26.803030794577246 ] ] ] } },
{ "type": "Feature", "properties": { "id": 17, "Zone": 5, "Ward Num": 26, "Ward Name": "Babu Kunj Bihari Lal Ward" }, "geometry": { "type": "Polygon", "coordinates": [ [ [ 80.911031131519351, 26.811916992397464 ], [ 80.911173363276845, 26.812746335327208 ], [ 80.910301008497512, 26.812983289335605 ], [ 80.910196705208676, 26.813118691403748 ], [ 80.910471686606499, 26.813457195866526 ], [ 80.910481168723663, 26.813499508853297 ], [ 80.91045272237217, 26.813567209599299 ], [ 80.910329454849006, 26.813601059957133 ], [ 80.909523474889838, 26.813973413226172 ], [ 80.90943813583533, 26.814015726020251 ], [ 80.909400207366673, 26.814066501352332 ], [ 80.909466582186852, 26.814176514493774 ], [ 80.909817420522003, 26.814574253422048 ], [ 80.909921723810839, 26.81477735361311 ], [ 80.910007062865347, 26.814946603494338 ], [ 80.910063955568361, 26.815141240545358 ], [ 80.910158776740005, 26.815276640035901 ], [ 80.910111366154183, 26.815335877262157 ], [ 80.910054473451183, 26.815412039364706 ], [ 80.909978616513854, 26.815412039364706 ], [ 80.909779492053346, 26.81547973896847 ], [ 80.909390725249509, 26.815564363416286 ], [ 80.90912522596885, 26.815640525365318 ], [ 80.908940324684096, 26.815691299969597 ], [ 80.909054110090096, 26.815826698803075 ], [ 80.909281680902083, 26.816351367755168 ], [ 80.909509251714098, 26.816368292519634 ], [ 80.909604072885756, 26.816706787278349 ], [ 80.91015403568143, 26.816672937847965 ], [ 80.91087467658609, 26.816622163683444 ], [ 80.911329818210092, 26.816537540025358 ], [ 80.911803924068437, 26.816385217281582 ], [ 80.912031494880424, 26.81640214204101 ], [ 80.912240101458096, 26.816520615286155 ], [ 80.912429743801425, 26.816757561404973 ], [ 80.912676278847769, 26.817045281026171 ], [ 80.913112456237428, 26.817417622981189 ], [ 80.913548633627087, 26.818060756204229 ], [ 80.914065409012679, 26.8184838681765 ], [ 80.914577443339681, 26.819008524828373 ], [ 80.914672264511339, 26.819076222283964 ], [ 80.914861906854682, 26.819076222283964 ], [ 80.914823978386025, 26.819296238735337 ], [ 80.914786049917353, 26.81938086033367 ], [ 80.914956728026354, 26.819668573295399 ], [ 80.915051549198026, 26.81968549756451 ], [ 80.915146370369683, 26.81968549756451 ], [ 80.915146370369683, 26.819803967377585 ], [ 80.914880871089025, 26.819820891626481 ], [ 80.914084373247022, 26.81948240616828 ], [ 80.912832733781016, 26.820007058197575 ], [ 80.913155125764689, 26.820633252601404 ], [ 80.913022376124346, 26.821817935251335 ], [ 80.912813769546688, 26.822037946379858 ], [ 80.913193054233346, 26.822884139047083 ], [ 80.912112092876356, 26.823374927898694 ], [ 80.908262353306668, 26.819448557566851 ], [ 80.908565781056012, 26.820057830845698 ], [ 80.909096779617343, 26.822376424205022 ], [ 80.909646742413003, 26.825778070207495 ], [ 80.909513992772673, 26.82598115032048 ], [ 80.909419171601002, 26.826268846524094 ], [ 80.909551921241345, 26.826590388475378 ], [ 80.90943813583533, 26.828570389852871 ], [ 80.909343314663658, 26.829331919629777 ], [ 80.910234633677348, 26.829213459778483 ], [ 80.912681019906344, 26.828638081595891 ], [ 80.916606616413361, 26.828976539704271 ], [ 80.916815222991033, 26.828367314381119 ], [ 80.917042793803034, 26.827538085760079 ], [ 80.917175543443349, 26.826895006324275 ], [ 80.917251400380692, 26.825185751132189 ], [ 80.917327257318007, 26.821953326765581 ], [ 80.917327257318007, 26.816960657683989 ], [ 80.917118650740363, 26.81658831422779 ], [ 80.91698590110002, 26.816165195179192 ], [ 80.917004865334363, 26.816046721562529 ], [ 80.916644544882018, 26.815386652002882 ], [ 80.916568687944689, 26.815132778071838 ], [ 80.91596183244603, 26.814709653589858 ], [ 80.915620476228014, 26.814455778142545 ], [ 80.915184298838341, 26.814049576244173 ], [ 80.914899835323354, 26.813711073550291 ], [ 80.914691228745681, 26.813304868983373 ], [ 80.914482622168009, 26.812983289335605 ], [ 80.91434987252768, 26.812644783457696 ], [ 80.914255051356022, 26.812475530139714 ], [ 80.914330908293351, 26.812306276569021 ], [ 80.914217122887365, 26.812221649688919 ], [ 80.91368612432602, 26.81212009734941 ], [ 80.913287875405018, 26.81217087353053 ], [ 80.913230982702032, 26.811713887081652 ], [ 80.913022376124346, 26.811713887081652 ], [ 80.911258702331352, 26.811866216102633 ], [ 80.911031131519351, 26.811916992397464 ] ] ] } },
{ "type": "Feature", "properties": { "id": 18, "Zone": 5, "Ward Num": 75, "Ward Name": "Sardar Patel Nagar" }, "geometry": { "type": "Polygon", "coordinates": [ [ [ 80.90121002866394, 26.812187798919187 ], [ 80.900106547278682, 26.814269602453145 ], [ 80.899234192499335, 26.816114420787219 ], [ 80.898020481502016, 26.819042373561214 ], [ 80.896806770504668, 26.821817935251335 ], [ 80.896124058068665, 26.823594936004202 ], [ 80.895536166804334, 26.824170339798986 ], [ 80.895327560226661, 26.823865714624556 ], [ 80.895194810586332, 26.823188766860394 ], [ 80.894948275540003, 26.822105642025765 ], [ 80.894663812025001, 26.822105642025765 ], [ 80.894625883556316, 26.822004098541722 ], [ 80.89456899085333, 26.821817935251335 ], [ 80.893639743370983, 26.822071794207869 ], [ 80.89401902805767, 26.823831867332395 ], [ 80.893696636073983, 26.823831867332395 ], [ 80.893658707605326, 26.824018027314143 ], [ 80.893203565981324, 26.824136492597813 ], [ 80.893051852106652, 26.824305728502512 ], [ 80.892900138231994, 26.824356499224631 ], [ 80.892748424357336, 26.824373422793602 ], [ 80.892577746248321, 26.824373422793602 ], [ 80.892577746248321, 26.824525734800712 ], [ 80.892255354264663, 26.824508811254489 ], [ 80.892274318498991, 26.824762664182575 ], [ 80.891439892188316, 26.825050363480205 ], [ 80.891629534531646, 26.82560883650196 ], [ 80.892217425796005, 26.825625759883888 ], [ 80.890757179752327, 26.829534993372363 ], [ 80.891326106782316, 26.829856526053618 ], [ 80.892141568858648, 26.829924217028115 ], [ 80.893886278417327, 26.829467302165281 ], [ 80.898006258326262, 26.828519621019058 ], [ 80.899471245428501, 26.828316545456293 ], [ 80.901102169581165, 26.82816423854533 ], [ 80.902448630218842, 26.828231930531043 ], [ 80.904060590137178, 26.828418083283182 ], [ 80.905919085101857, 26.828485775117205 ], [ 80.909427468453515, 26.828705773298456 ], [ 80.909439321099995, 26.828570389852871 ], [ 80.909553106505996, 26.826590388475378 ], [ 80.909425097924242, 26.826268846524094 ], [ 80.909510436978735, 26.82598115032048 ], [ 80.909643186619064, 26.825782301046903 ], [ 80.909088482764815, 26.822372193238444 ], [ 80.908566966320649, 26.820057830845698 ], [ 80.90825405645414, 26.819444326490963 ], [ 80.912109722347054, 26.823366466039946 ], [ 80.913196610027285, 26.822892600941849 ], [ 80.912807843223462, 26.822042177358906 ], [ 80.913021190859709, 26.821813704263903 ], [ 80.913163422617203, 26.820637483632904 ], [ 80.912817325340626, 26.820015520307162 ], [ 80.91410333748135, 26.819486637242743 ], [ 80.9148856121476, 26.819833584811501 ], [ 80.915151111428273, 26.819799736314966 ], [ 80.915141629311108, 26.819681266497465 ], [ 80.915046808139437, 26.819689728631392 ], [ 80.91494724590919, 26.819660111159891 ], [ 80.914790790975943, 26.819363936019062 ], [ 80.914823978386025, 26.819287776572022 ], [ 80.914857165796107, 26.819076222283964 ], [ 80.914662782394174, 26.819080453373591 ], [ 80.914567961222517, 26.819012755920532 ], [ 80.914070150071254, 26.818475405952526 ], [ 80.913542707303876, 26.818056525076521 ], [ 80.913111270972777, 26.817404929525591 ], [ 80.912673908318467, 26.817036818694795 ], [ 80.912427373272152, 26.816757561404959 ], [ 80.912241286722747, 26.816524846471175 ], [ 80.912032680145074, 26.816397910851371 ], [ 80.911800368274484, 26.816385217281582 ], [ 80.911345226650482, 26.816533308840782 ], [ 80.910866379733562, 26.816630626045772 ], [ 80.910136256711738, 26.816677169027312 ], [ 80.909600517091818, 26.816711018456438 ], [ 80.90950569592016, 26.816376754900919 ], [ 80.90926864299098, 26.816359830137714 ], [ 80.909057665884035, 26.81583093001402 ], [ 80.908948621536609, 26.815695531185582 ], [ 80.909033960591103, 26.815653219018529 ], [ 80.909010255298185, 26.815568594637032 ], [ 80.909010255298185, 26.815471276520213 ], [ 80.908953362595199, 26.815445889171645 ], [ 80.908948621536609, 26.815361264635371 ], [ 80.908996032122431, 26.815289333729861 ], [ 80.908972326829527, 26.815204709076696 ], [ 80.908901210950773, 26.815166627962157 ], [ 80.908806389779102, 26.815247021411171 ], [ 80.908716309666033, 26.815213171544848 ], [ 80.908678381197362, 26.815175090433161 ], [ 80.908640452728704, 26.815111621885247 ], [ 80.908574077908526, 26.81520894031086 ], [ 80.908531408381279, 26.815120084360348 ], [ 80.908450810385361, 26.815128546834835 ], [ 80.908227980631949, 26.815234327712481 ], [ 80.90798618664418, 26.815340108491423 ], [ 80.907910329706851, 26.815378189547669 ], [ 80.907881883355358, 26.815276640035901 ], [ 80.907791803242276, 26.815158165490519 ], [ 80.907758615832179, 26.815035459580837 ], [ 80.907682758894865, 26.815052384541797 ], [ 80.907583196664618, 26.815069309500224 ], [ 80.907535786078782, 26.815090465694716 ], [ 80.907578455606028, 26.815213171544848 ], [ 80.907587937723193, 26.815268177572481 ], [ 80.907535786078782, 26.815352802178261 ], [ 80.907436223848521, 26.815378189547669 ], [ 80.907331920559685, 26.815407808138136 ], [ 80.90726554573952, 26.815407808138136 ], [ 80.907184947743602, 26.815335877262157 ], [ 80.907090126571944, 26.815357033406904 ], [ 80.90702375175178, 26.815386652002882 ], [ 80.906976341165944, 26.815496663863083 ], [ 80.906962117990204, 26.815610906835673 ], [ 80.907061680220451, 26.815780155472311 ], [ 80.907184947743602, 26.8157420745511 ], [ 80.907227617270848, 26.815670143887253 ], [ 80.907308215266767, 26.815644756583225 ], [ 80.907337846882911, 26.815598213177744 ], [ 80.907423185937418, 26.815598213177744 ], [ 80.907489560757597, 26.815636294147286 ], [ 80.907589122987844, 26.815754768192924 ], [ 80.907688685218091, 26.815902860575825 ], [ 80.907664979925173, 26.815991715912705 ], [ 80.907603346163583, 26.815991715912705 ], [ 80.907527489226254, 26.815991715912705 ], [ 80.907501413404034, 26.816004409526567 ], [ 80.907501413404034, 26.816139807986037 ], [ 80.90754882398987, 26.816224431941073 ], [ 80.907520377638377, 26.816249819115271 ], [ 80.90743503858387, 26.816249819115271 ], [ 80.907264360474883, 26.816190582366644 ], [ 80.907188503537554, 26.816139807986037 ], [ 80.907093682365883, 26.816131345587067 ], [ 80.906998861194197, 26.816148270384382 ], [ 80.906923004256868, 26.816165195179178 ], [ 80.906837665202374, 26.816207507155116 ], [ 80.906752326147881, 26.816258281505398 ], [ 80.906780772499374, 26.816385217281582 ], [ 80.906685951327717, 26.816385217281582 ], [ 80.906676469210538, 26.81658831422779 ], [ 80.906676469210538, 26.816732174344487 ], [ 80.906505791101537, 26.81679141081008 ], [ 80.906392005695537, 26.816867571934598 ], [ 80.906278220289536, 26.817028356362783 ], [ 80.906202363352222, 26.817129904305173 ], [ 80.90610754218055, 26.817172215920973 ], [ 80.905984274657357, 26.817104517328094 ], [ 80.905993756774535, 26.816952195346293 ], [ 80.905344231748614, 26.816351367755168 ], [ 80.904927018593284, 26.815979022297434 ], [ 80.905059768233627, 26.815826698803075 ], [ 80.904187413454281, 26.815268177572481 ], [ 80.903485736783963, 26.814574253422048 ], [ 80.903030595159962, 26.814168051948219 ], [ 80.901892741099957, 26.813050990389893 ], [ 80.901930669568614, 26.8129494387933 ], [ 80.90121002866394, 26.812187798919187 ] ] ] } },
{ "type": "Feature", "properties": { "id": 19, "Zone": 6, "Ward Num": 78, "Ward Name": "Alam Nagar" }, "geometry": { "type": "Polygon", "coordinates": [ [ [ 80.873885300701772, 26.837378759371116 ], [ 80.876593235367849, 26.835834713377526 ], [ 80.879089027686831, 26.834736052448005 ], [ 80.882803598588282, 26.833577992903596 ], [ 80.885249475060888, 26.832820793722398 ], [ 80.887782704264652, 26.832063589479144 ], [ 80.893107061211836, 26.830415539216645 ], [ 80.892112903938084, 26.829895878756179 ], [ 80.891247695934197, 26.829895878756179 ], [ 80.890665344393099, 26.829494996200712 ], [ 80.890449042392106, 26.829361368366961 ], [ 80.890099631467464, 26.828975331517348 ], [ 80.889475683387701, 26.82850020743501 ], [ 80.888959886308442, 26.827802365326381 ], [ 80.888760222922926, 26.827371779753218 ], [ 80.888726945692014, 26.82691149681358 ], [ 80.888793500153838, 26.826480907854524 ], [ 80.888610475383771, 26.826480907854524 ], [ 80.887994846611775, 26.826555147446982 ], [ 80.887329301993375, 26.826555147446982 ], [ 80.886514009835835, 26.826763018047036 ], [ 80.885815187986523, 26.82689664894567 ], [ 80.885449138446404, 26.82698573612387 ], [ 80.885166281983587, 26.827208453762879 ], [ 80.884800232443467, 26.827267845059339 ], [ 80.884550653211562, 26.827431170964054 ], [ 80.884317712595134, 26.827549953292326 ], [ 80.884151326440545, 26.827639039956786 ], [ 80.88385183136225, 26.827742974310144 ], [ 80.883568974899433, 26.827698431027528 ], [ 80.883469143206653, 26.827564801074601 ], [ 80.88353569766852, 26.827371779753218 ], [ 80.883402588744829, 26.827297540695895 ], [ 80.883336034283005, 26.827446018761901 ], [ 80.883286118436615, 26.827386627558848 ], [ 80.883219563974762, 26.827312388511249 ], [ 80.883136370897489, 26.827252997238148 ], [ 80.883119732282012, 26.827475714351756 ], [ 80.883003261973798, 26.827475714351756 ], [ 80.882953346127422, 26.827386627558848 ], [ 80.882920068896496, 26.827297540695895 ], [ 80.882653851049128, 26.827178758102978 ], [ 80.882587296587289, 26.827178758102978 ], [ 80.882554019356377, 26.827178758102978 ], [ 80.882454187663612, 26.827134214598527 ], [ 80.882321078739949, 26.82723814941501 ], [ 80.882187969816258, 26.827015431834369 ], [ 80.882088138123493, 26.82691149681358 ], [ 80.882038222277103, 26.826807561697425 ], [ 80.882021583661668, 26.826659082794677 ], [ 80.881913432661179, 26.82656999535962 ], [ 80.881713769275649, 26.826510603697347 ], [ 80.88134771973553, 26.826154253069809 ], [ 80.88118133358094, 26.824817928234349 ], [ 80.880815284040821, 26.823392497704482 ], [ 80.880415957269776, 26.82190765516776 ], [ 80.879683858189537, 26.820660372400905 ], [ 80.879018313571152, 26.819917935664776 ], [ 80.877953442181706, 26.820808859164458 ], [ 80.876855293561363, 26.821670078556302 ], [ 80.875249667169498, 26.822768866208918 ], [ 80.873552528392565, 26.823719160451422 ], [ 80.872121607463015, 26.824313090305861 ], [ 80.87042446868611, 26.824936713302399 ], [ 80.869126656680251, 26.825263371597416 ], [ 80.868194894214497, 26.825471244567535 ], [ 80.867296408979655, 26.825619725026971 ], [ 80.866963636670462, 26.825708813209246 ], [ 80.866497755437578, 26.826005773310868 ], [ 80.865832210819192, 26.826510603697347 ], [ 80.865266497893543, 26.826807561697425 ], [ 80.864201626504112, 26.82757964885494 ], [ 80.864201626504112, 26.827668735496058 ], [ 80.864434567120554, 26.827906299529896 ], [ 80.864867171122498, 26.828322035390403 ], [ 80.864967002815263, 26.828589293352245 ], [ 80.865333052355382, 26.829034721887528 ], [ 80.865798933588252, 26.829717708906667 ], [ 80.866364646513901, 26.830489776230678 ], [ 80.866963636670462, 26.831083670591411 ], [ 80.867928676367129, 26.830252217614532 ], [ 80.86812833975263, 26.830757029078338 ], [ 80.868261448676321, 26.831083670591411 ], [ 80.868361280369086, 26.831202449089911 ], [ 80.868461112061851, 26.831232143695079 ], [ 80.868494389292763, 26.831588478349857 ], [ 80.868627498216441, 26.831529089318565 ], [ 80.868793884371044, 26.831529089318565 ], [ 80.868926993294735, 26.831529089318565 ], [ 80.869126656680251, 26.831736950791829 ], [ 80.869259765603928, 26.831826034163601 ], [ 80.86929304283484, 26.831974506294198 ], [ 80.869559260682195, 26.832093283858555 ], [ 80.869725646836798, 26.832093283858555 ], [ 80.869692369605886, 26.832241755638844 ], [ 80.86975892406771, 26.832360532922959 ], [ 80.869792201298623, 26.832687169812001 ], [ 80.869825478529563, 26.832954417475154 ], [ 80.869725646836798, 26.833191970424135 ], [ 80.86965909237496, 26.833429522874887 ], [ 80.869525983451283, 26.833459216896195 ], [ 80.869126656680251, 26.833548298913421 ], [ 80.868827161601956, 26.833756156681147 ], [ 80.86812833975263, 26.83402340182198 ], [ 80.868161616983571, 26.834142177237723 ], [ 80.868594220985528, 26.834379727695527 ], [ 80.868926993294735, 26.834646971364982 ], [ 80.869193211142075, 26.834646971364982 ], [ 80.869426151758518, 26.834736052448005 ], [ 80.869492706220356, 26.834914214403852 ], [ 80.86965909237496, 26.834943908035907 ], [ 80.869792201298623, 26.835032988885363 ], [ 80.86985875576049, 26.835151763242322 ], [ 80.86985875576049, 26.835329924544208 ], [ 80.86985875576049, 26.835478392081686 ], [ 80.869958587453226, 26.835478392081686 ], [ 80.870025141915079, 26.835597165971524 ], [ 80.870091696376917, 26.835805019979023 ], [ 80.870258082531507, 26.835864406768227 ], [ 80.870391191455198, 26.836101953613674 ], [ 80.870524300378875, 26.836250420139052 ], [ 80.870757240995317, 26.836309806694704 ], [ 80.870757240995317, 26.836428579712585 ], [ 80.870823795457156, 26.836666125374634 ], [ 80.870990181611745, 26.836695818547359 ], [ 80.87128967669004, 26.836755204869441 ], [ 80.872454379772208, 26.83696305675149 ], [ 80.873885300701772, 26.837378759371116 ] ] ] } },
{ "type": "Feature", "properties": { "id": 20, "Zone": 6, "Ward Num": 70, "Ward Name": "Shahdatganj" }, "geometry": { "type": "Polygon", "coordinates": [ [ [ 80.869996024338008, 26.797999012554975 ], [ 80.867400400326247, 26.798949514440665 ], [ 80.86500443970003, 26.800018819541762 ], [ 80.863074360306669, 26.801800972308829 ], [ 80.861477053222515, 26.803226674360459 ], [ 80.859546973829183, 26.805127582549741 ], [ 80.857949666745029, 26.807206664397015 ], [ 80.856685131970067, 26.808513496332615 ], [ 80.854755052576721, 26.812018107616144 ], [ 80.853157745492567, 26.815582007983519 ], [ 80.851427329484736, 26.820036725869407 ], [ 80.844638774377088, 26.824669446724172 ], [ 80.844638774377088, 26.826748170159679 ], [ 80.845104655609958, 26.82799538591415 ], [ 80.845637091304681, 26.828767464976519 ], [ 80.845870031921123, 26.829183197676752 ], [ 80.845670368535608, 26.829925573703868 ], [ 80.842242813750858, 26.83227144997155 ], [ 80.841377605746956, 26.834617277655067 ], [ 80.844838437762604, 26.845840945232951 ], [ 80.842908358369257, 26.848513083046821 ], [ 80.843573902987657, 26.848364632600944 ], [ 80.843740289142261, 26.848245872104052 ], [ 80.84390667529685, 26.8483349424884 ], [ 80.844172893144204, 26.848127111482572 ], [ 80.84437255652972, 26.848038040934679 ], [ 80.844771883300766, 26.848038040934679 ], [ 80.844904992224443, 26.847919280095127 ], [ 80.845171210071825, 26.847741138602171 ], [ 80.845570536842843, 26.847652067750559 ], [ 80.845936586382962, 26.847622377451113 ], [ 80.846169526999404, 26.8479489703167 ], [ 80.84636919038492, 26.848186491808878 ], [ 80.846602131001362, 26.848186491808878 ], [ 80.8466686854632, 26.8479489703167 ], [ 80.846735239925025, 26.847562996828852 ], [ 80.846835071617804, 26.847414545136932 ], [ 80.847334230081614, 26.847414545136932 ], [ 80.847600447928954, 26.847414545136932 ], [ 80.84780011131447, 26.847473925837068 ], [ 80.850329180864378, 26.84973036935892 ], [ 80.852924804876139, 26.849760059105421 ], [ 80.855287488271443, 26.850769505852487 ], [ 80.855953032889829, 26.85038354198289 ], [ 80.865204103085546, 26.843673498230448 ], [ 80.872092489885944, 26.838685243383882 ], [ 80.873889460355613, 26.837438145335071 ], [ 80.872458539426063, 26.836903670538408 ], [ 80.871327113574793, 26.836755204869441 ], [ 80.871060895727425, 26.836695818547359 ], [ 80.870807156841664, 26.836695818547359 ], [ 80.870773879610752, 26.836473119562172 ], [ 80.870773879610752, 26.836354346591019 ], [ 80.870807156841664, 26.836280113420777 ], [ 80.870624132071598, 26.836309806694704 ], [ 80.870507661763384, 26.836235573495276 ], [ 80.870424468686082, 26.836087106950433 ], [ 80.870324636993331, 26.835849560073857 ], [ 80.870124973607815, 26.835834713377526 ], [ 80.870075057761426, 26.835597165971539 ], [ 80.870008503299573, 26.835463545336705 ], [ 80.8699253102223, 26.835493238824736 ], [ 80.869842117144998, 26.835493238824736 ], [ 80.869858755760447, 26.835374464825893 ], [ 80.869892032991359, 26.8352556907025 ], [ 80.8699253102223, 26.835122069664767 ], [ 80.869792201298623, 26.835077529283822 ], [ 80.869675730990394, 26.834943908035907 ], [ 80.869559260682166, 26.834929061220841 ], [ 80.86952598345124, 26.834899367584889 ], [ 80.869476067604879, 26.834736052448005 ], [ 80.869226488372973, 26.834632124511 ], [ 80.868993547756517, 26.834691511915246 ], [ 80.868644136831875, 26.83442426835089 ], [ 80.868178255598991, 26.834157024155928 ], [ 80.86812833975263, 26.83405309568759 ], [ 80.868278087291756, 26.834008554886257 ], [ 80.868610859600963, 26.833845238464821 ], [ 80.868777245755567, 26.83378585061682 ], [ 80.869076740833819, 26.833518604915461 ], [ 80.86952598345124, 26.833488910909725 ], [ 80.869675730990394, 26.833459216896195 ], [ 80.869675730990394, 26.83332559373898 ], [ 80.869692369605843, 26.833206817466905 ], [ 80.869775562683145, 26.833147429284157 ], [ 80.869858755760447, 26.832969264549053 ], [ 80.869775562683145, 26.83270201692094 ], [ 80.869775562683145, 26.832405074372378 ], [ 80.869675730990394, 26.832241755638844 ], [ 80.869792201298623, 26.832108131045342 ], [ 80.869625815144019, 26.832122978230181 ], [ 80.869409513143026, 26.832004200696964 ], [ 80.869342958681187, 26.831989353496567 ], [ 80.869309681450275, 26.831840881385425 ], [ 80.86920984975751, 26.831796339714131 ], [ 80.869076740833819, 26.83170725631901 ], [ 80.868993547756517, 26.831499394791258 ], [ 80.868877077448303, 26.831499394791258 ], [ 80.868777245755567, 26.831499394791258 ], [ 80.868677414062788, 26.831499394791258 ], [ 80.868477750677286, 26.831588478349857 ], [ 80.86854430513911, 26.831276685588236 ], [ 80.868527666523661, 26.831232143695079 ], [ 80.868427834830896, 26.831217296393486 ], [ 80.868294725907205, 26.831113365227722 ], [ 80.868144978368065, 26.830742181714459 ], [ 80.867928676367086, 26.830237370184474 ], [ 80.866946998054956, 26.831083670591411 ], [ 80.866381285129322, 26.8304600814309 ], [ 80.865798933588238, 26.829688013904519 ], [ 80.865382968201743, 26.829094112226574 ], [ 80.865000280046161, 26.828633836284578 ], [ 80.864883809737933, 26.828366578427826 ], [ 80.864451205735989, 26.827906299529896 ], [ 80.864168349273157, 26.827698431027528 ], [ 80.864184987888621, 26.827564801074601 ], [ 80.86521658204714, 26.826792713815905 ], [ 80.865815572203687, 26.826584843270325 ], [ 80.866514394052999, 26.826020621295516 ], [ 80.86691372082403, 26.825693965183721 ], [ 80.867275610710308, 26.825590028950646 ], [ 80.868140818714238, 26.825471244567535 ], [ 80.869039303949066, 26.82529306775935 ], [ 80.870503502109543, 26.824966409549955 ], [ 80.872134086424609, 26.824283393887079 ], [ 80.873565007354159, 26.823748857018074 ], [ 80.875228868900152, 26.822828259832551 ], [ 80.87689273044613, 26.821699775659987 ], [ 80.877891047373737, 26.820868253815394 ], [ 80.879022473225007, 26.819917935664776 ], [ 80.879554908919729, 26.819442773601093 ], [ 80.877125671062586, 26.81650266403329 ], [ 80.875262146131064, 26.814126762201905 ], [ 80.87433038366531, 26.81302789076263 ], [ 80.874463492589001, 26.812909093212237 ], [ 80.872733076581156, 26.810800415976814 ], [ 80.870669888264132, 26.808246191025649 ], [ 80.869904511952981, 26.807295767052899 ], [ 80.868307204868827, 26.805394895208405 ], [ 80.86787460086687, 26.804355342440697 ], [ 80.867641660250428, 26.802929654577675 ], [ 80.867674937481354, 26.801385139167849 ], [ 80.868273927637915, 26.800197036078561 ], [ 80.869105858410904, 26.799038623584106 ], [ 80.869996024338008, 26.797999012554975 ] ] ] } },
{ "type": "Feature", "properties": { "id": 21, "Zone": 6, "Ward Num": 16, "Ward Name": "Haidar Ganj 2nd" }, "geometry": { "type": "Polygon", "coordinates": [ [ [ 80.840703741820818, 26.850591368845457 ], [ 80.840870127975421, 26.853975924032547 ], [ 80.842234494443147, 26.857805693346908 ], [ 80.842467435059589, 26.859765060079006 ], [ 80.842467435059589, 26.86110097248595 ], [ 80.842134662750382, 26.861338466373414 ], [ 80.841968276595779, 26.861724392877132 ], [ 80.839472484276783, 26.861961885455777 ], [ 80.836843583034124, 26.863950866227775 ], [ 80.837442573190685, 26.87042223327002 ], [ 80.836943414726889, 26.873390626368085 ], [ 80.846627088924564, 26.871550231826934 ], [ 80.847325910773876, 26.87113465472035 ], [ 80.84789162369951, 26.871045602284521 ], [ 80.848058009854114, 26.870956549778555 ], [ 80.849422376321826, 26.869828545299463 ], [ 80.849888257554696, 26.869650438300496 ], [ 80.851552119100702, 26.866296037431063 ], [ 80.85265026772106, 26.86567264223584 ], [ 80.85265026772106, 26.865494528691801 ], [ 80.853249257877607, 26.865316414867301 ], [ 80.853914802496007, 26.865049243604624 ], [ 80.854314129267053, 26.864633642608297 ], [ 80.855179337270954, 26.864307097897044 ], [ 80.855811604658427, 26.86427741196745 ], [ 80.856210931429473, 26.864099296226311 ], [ 80.857608575128097, 26.86332745810698 ], [ 80.858007901899128, 26.863000909624887 ], [ 80.861601842838482, 26.861813452652548 ], [ 80.861535288376643, 26.861249406224044 ], [ 80.861402179452966, 26.86110097248595 ], [ 80.861302347760216, 26.860863478099908 ], [ 80.861302347760216, 26.860121304929997 ], [ 80.858041179130069, 26.855430657876468 ], [ 80.858839832672146, 26.855104086600676 ], [ 80.855977990813031, 26.850353852399945 ], [ 80.855312446194631, 26.850858574250857 ], [ 80.852916485568414, 26.849789748844145 ], [ 80.850254307094815, 26.849670989842561 ], [ 80.847725237544907, 26.847503616175445 ], [ 80.847558851390318, 26.847414545136932 ], [ 80.847325910773876, 26.847384854775175 ], [ 80.846760197848241, 26.847384854775175 ], [ 80.846660366155476, 26.847652067750559 ], [ 80.846660366155476, 26.848038040934679 ], [ 80.846394148308121, 26.848156801649615 ], [ 80.846094653229841, 26.847919280095127 ], [ 80.845961544306149, 26.847562996828852 ], [ 80.845695326458809, 26.847592687143869 ], [ 80.845162890764087, 26.847711448326081 ], [ 80.844730286762143, 26.848097421307727 ], [ 80.844297682760171, 26.848008350736478 ], [ 80.844064742143729, 26.848156801649615 ], [ 80.843865078758213, 26.848394322705687 ], [ 80.843665415372698, 26.848186491808878 ], [ 80.843532306449021, 26.848364632600944 ], [ 80.842933316292459, 26.848542773112623 ], [ 80.840703741820818, 26.850591368845457 ] ] ] } },
{ "type": "Feature", "properties": { "id": 22, "Zone": 6, "Ward Num": 47, "Ward Name": "Haidarganj 1st" }, "geometry": { "type": "Polygon", "coordinates": [ [ [ 80.869833797837259, 26.860096256500583 ], [ 80.869937789183894, 26.859794747192772 ], [ 80.870237284262174, 26.858844755688473 ], [ 80.870037620876658, 26.858161944367588 ], [ 80.869771403029304, 26.858013506578626 ], [ 80.869372076258273, 26.857954131408519 ], [ 80.869105858410904, 26.857508816639463 ], [ 80.868506868254343, 26.857033812287288 ], [ 80.867741491943193, 26.855786916375141 ], [ 80.867009392862954, 26.854688449068352 ], [ 80.867142501786631, 26.854064989907375 ], [ 80.864713263929488, 26.855341593076538 ], [ 80.863115956845334, 26.856232237921134 ], [ 80.862350580534184, 26.855994733314713 ], [ 80.862284026072331, 26.855816604532727 ], [ 80.862017808224977, 26.855697851855634 ], [ 80.859621847598731, 26.854985333175801 ], [ 80.858989580211272, 26.855104086600676 ], [ 80.857924708821827, 26.855430657876468 ], [ 80.861352263606577, 26.860240052964382 ], [ 80.861285709144738, 26.860625983215275 ], [ 80.861285709144738, 26.860922851743169 ], [ 80.861418818068415, 26.861130659249152 ], [ 80.861585204223019, 26.861308779664753 ], [ 80.861618481453945, 26.861724392877132 ], [ 80.862250748841404, 26.861694706269738 ], [ 80.862317303303257, 26.861843139228775 ], [ 80.86218419437958, 26.86240718269687 ], [ 80.862150917148668, 26.863089968395325 ], [ 80.862217471610492, 26.863683691739567 ], [ 80.862383857765096, 26.864307097897044 ], [ 80.862483689457846, 26.865138300762304 ], [ 80.862749907305215, 26.865583585498882 ], [ 80.863082679614422, 26.865732013354847 ], [ 80.863382174692688, 26.866147610315277 ], [ 80.863648392540057, 26.866652261714194 ], [ 80.865212422393284, 26.86576169890267 ], [ 80.865478640240639, 26.86611792486876 ], [ 80.865811412549846, 26.866385093607033 ], [ 80.865944521473523, 26.866266352023487 ], [ 80.866343848244554, 26.865969497519231 ], [ 80.866610066091908, 26.865791384442694 ], [ 80.866244016551789, 26.865078929331627 ], [ 80.866310571013642, 26.865049243604624 ], [ 80.868673254408947, 26.863802436034458 ], [ 80.868606699947108, 26.863594633436595 ], [ 80.868739808870771, 26.863268085725814 ], [ 80.869006026718139, 26.862882164488585 ], [ 80.869372076258273, 26.862555614721028 ], [ 80.87063661103322, 26.862080631558115 ], [ 80.870552236236065, 26.861833313984949 ], [ 80.870399510762908, 26.861575959762273 ], [ 80.870399510762908, 26.861391092792353 ], [ 80.870399510762908, 26.861338466373404 ], [ 80.870183208761887, 26.861040249536906 ], [ 80.870033461222789, 26.860833791266593 ], [ 80.869997688199518, 26.860706137794544 ], [ 80.869966906760936, 26.860596296319645 ], [ 80.869933629530024, 26.860447861724609 ], [ 80.869833797837259, 26.860240052964368 ], [ 80.869833797837259, 26.860096256500583 ] ] ] } },
{ "type": "Feature", "properties": { "id": 24, "Zone": 6, "Ward Num": 9, "Ward Name": "Kanhaiya Madhopur" }, "geometry": { "type": "Polygon", "coordinates": [ [ [ 80.870678001506064, 26.862045237742624 ], [ 80.870628291725467, 26.86206578830215 ], [ 80.869347118335057, 26.862555614721028 ], [ 80.868947791564025, 26.862897007637454 ], [ 80.86869821233212, 26.863268085725814 ], [ 80.868598380639355, 26.86362431954538 ], [ 80.868673254408932, 26.863802436034458 ], [ 80.86634384824454, 26.865004714999479 ], [ 80.866227377936326, 26.865093772192221 ], [ 80.866610066091894, 26.865806227209784 ], [ 80.866327209629077, 26.86593981202596 ], [ 80.865944521473509, 26.866266352023487 ], [ 80.865778135318905, 26.866429621668722 ], [ 80.865462001625147, 26.86611792486876 ], [ 80.86521242239327, 26.865746856129718 ], [ 80.863631753924579, 26.866637419058137 ], [ 80.863398813308137, 26.866147610315277 ], [ 80.863082679614408, 26.865702327799234 ], [ 80.862949570690716, 26.865598428293247 ], [ 80.862666714227899, 26.865598428293247 ], [ 80.862467050842383, 26.865153143615085 ], [ 80.862400496380531, 26.864307097897044 ], [ 80.862217471610478, 26.863668848693941 ], [ 80.862134278533176, 26.863089968395325 ], [ 80.862167555764103, 26.86239233948373 ], [ 80.862333941918692, 26.861843139228775 ], [ 80.86225074884139, 26.861650176344043 ], [ 80.861618481453931, 26.86173923617789 ], [ 80.861601842838454, 26.861783766068537 ], [ 80.858024540514592, 26.863030595889494 ], [ 80.85759193651262, 26.86332745810698 ], [ 80.856194292813981, 26.864069610242179 ], [ 80.855844881889325, 26.864292254933222 ], [ 80.855162698655477, 26.864307097897044 ], [ 80.854297490651561, 26.864648485527312 ], [ 80.853881525265052, 26.865049243604624 ], [ 80.853265896493042, 26.865316414867301 ], [ 80.852629469451699, 26.865405471814608 ], [ 80.852629469451699, 26.86567264223584 ], [ 80.851531320831342, 26.86631088013193 ], [ 80.849834182054437, 26.869665280561126 ], [ 80.849384939437016, 26.869843387536704 ], [ 80.848037211584767, 26.870971391867752 ], [ 80.8478541868147, 26.871060444362026 ], [ 80.847338389735441, 26.871119812652577 ], [ 80.846606290655217, 26.87152054779855 ], [ 80.840450002935043, 26.872678219131437 ], [ 80.83688933922663, 26.873390626368085 ], [ 80.837388497690426, 26.874429545542021 ], [ 80.837954210616061, 26.875913699230104 ], [ 80.838253705694342, 26.877160373271295 ], [ 80.838686309696286, 26.878496080202229 ], [ 80.838919250312742, 26.879356860750452 ], [ 80.8393518543147, 26.880009862311113 ], [ 80.846801794386863, 26.878599967857575 ], [ 80.852329974373433, 26.876982277821408 ], [ 80.857492104819869, 26.875839492008431 ], [ 80.867034350786128, 26.873731986578271 ], [ 80.870711484802769, 26.873004739672091 ], [ 80.87324471400656, 26.872767270281496 ], [ 80.874592441858809, 26.872648535399176 ], [ 80.879671379227943, 26.872648535399176 ], [ 80.881019107080192, 26.872633693530112 ], [ 80.881767844775894, 26.872648535399176 ], [ 80.881351879389399, 26.871980649362897 ], [ 80.880885998156515, 26.871104970582874 ], [ 80.880553225847308, 26.870630023323343 ], [ 80.88021629388426, 26.870125389674353 ], [ 80.880282848346113, 26.870125389674353 ], [ 80.880332764192474, 26.869650438300496 ], [ 80.880399318654341, 26.869338750377324 ], [ 80.88056570480893, 26.869027061595069 ], [ 80.88056570480893, 26.868789583851044 ], [ 80.880532427578018, 26.868047462686761 ], [ 80.880465873116165, 26.865865598258665 ], [ 80.880482511731628, 26.865227357849857 ], [ 80.880366041423414, 26.864678171359504 ], [ 80.880328604538605, 26.863060282146304 ], [ 80.880411797615906, 26.862243907245333 ], [ 80.880361881769517, 26.861605646400825 ], [ 80.880395159000443, 26.861115815868523 ], [ 80.880295327307678, 26.860922851743169 ], [ 80.880378520384994, 26.860477548659205 ], [ 80.88052826792412, 26.860150991950277 ], [ 80.880494990693208, 26.859839277848799 ], [ 80.879297010380085, 26.859705685828107 ], [ 80.877982559758763, 26.859705685828107 ], [ 80.877699703295917, 26.859720529393755 ], [ 80.87616895067363, 26.86003224382241 ], [ 80.87601920313449, 26.860061930866063 ], [ 80.875603237747995, 26.861011912149621 ], [ 80.875486767439781, 26.861041598936183 ], [ 80.874621559435852, 26.861264249587141 ], [ 80.87405983427756, 26.861414584530902 ], [ 80.873860342778556, 26.861160346004556 ], [ 80.873758431258864, 26.86119930985922 ], [ 80.873627402162128, 26.861249406224029 ], [ 80.87146438215234, 26.862110318064225 ], [ 80.871331273228662, 26.861902512357855 ], [ 80.871264718766824, 26.861872825797199 ], [ 80.870699005841189, 26.862080631558115 ], [ 80.870678001506064, 26.862045237742624 ] ] ] } },
{ "type": "Feature", "properties": { "id": 27, "Zone": 2, "Ward Num": 83, "Ward Name": "Rajaji Puram" }, "geometry": { "type": "Polygon", "coordinates": [ [ [ 80.872832908273921, 26.838106235283504 ], [ 80.873365343968644, 26.838314084685802 ], [ 80.874047527202492, 26.838551626392707 ], [ 80.875295423361976, 26.838670397059307 ], [ 80.875977606595853, 26.838670397059307 ], [ 80.876876091830681, 26.838700089706485 ], [ 80.87694264629252, 26.838729782345879 ], [ 80.876826175984306, 26.841342704122276 ], [ 80.876826175984306, 26.841402088007342 ], [ 80.87852331476121, 26.841491163776521 ], [ 80.881701290314069, 26.841520855684003 ], [ 80.88246666662522, 26.841535701634839 ], [ 80.882433389394308, 26.84045194210891 ], [ 80.888140434497046, 26.840229250510614 ], [ 80.88825690480526, 26.840229250510614 ], [ 80.888206988958885, 26.839219709771818 ], [ 80.888240266189811, 26.839160324742185 ], [ 80.890469840661424, 26.838432855601543 ], [ 80.89009131215974, 26.837289680366794 ], [ 80.890973158779104, 26.835211150374072 ], [ 80.89142656105038, 26.834246105624292 ], [ 80.891975635360566, 26.832865334990807 ], [ 80.892824204749019, 26.830935197293119 ], [ 80.893090422596373, 26.830415539216606 ], [ 80.889612951965262, 26.831454852985654 ], [ 80.887133798261715, 26.832241755638819 ], [ 80.88335267289844, 26.83339982884576 ], [ 80.879122304917772, 26.834721205605675 ], [ 80.875794581825787, 26.836235573495248 ], [ 80.872832908273921, 26.838106235283504 ] ] ] } },
{ "type": "Feature", "properties": { "id": 28, "Zone": 2, "Ward Num": 5, "Ward Name": "Ambedkar Nagar 2nd" }, "geometry": { "type": "Polygon", "coordinates": [ [ [ 80.89209626532265, 26.82991072623097 ], [ 80.893094582250242, 26.830400691807974 ], [ 80.892795087171962, 26.830994586635789 ], [ 80.891946517783509, 26.832865334990807 ], [ 80.891447359319713, 26.834260952528876 ], [ 80.890981478086829, 26.835211150374072 ], [ 80.890049715621075, 26.837289680366794 ], [ 80.890315933468443, 26.837987464025183 ], [ 80.89041576516118, 26.838002310439283 ], [ 80.890515596853959, 26.837898385499695 ], [ 80.890831730547703, 26.837913231925477 ], [ 80.890815091932225, 26.837764767580079 ], [ 80.890931562240453, 26.837779614023376 ], [ 80.891147864241418, 26.837809306904134 ], [ 80.891330889011499, 26.837779614023376 ], [ 80.891414082088787, 26.837764767580079 ], [ 80.891380804857874, 26.837645995963598 ], [ 80.891597106858853, 26.837601456575317 ], [ 80.891763493013443, 26.837497531267854 ], [ 80.892029710860811, 26.8373342198777 ], [ 80.89199643362987, 26.837259987349778 ], [ 80.892179458399951, 26.837200601292405 ], [ 80.892429037631842, 26.837111522147946 ], [ 80.892578785170969, 26.837141215203889 ], [ 80.892728532710123, 26.837037289474036 ], [ 80.892878280249263, 26.837022442933424 ], [ 80.893061305019316, 26.837022442933424 ], [ 80.89321105255847, 26.836933363648829 ], [ 80.893377438713074, 26.836918517094578 ], [ 80.893510547636723, 26.836873977420165 ], [ 80.893676933791326, 26.836770051445075 ], [ 80.894009706100533, 26.836710665130777 ], [ 80.894076260562386, 26.836636432194105 ], [ 80.894325839794277, 26.836547352605866 ], [ 80.894592057641631, 26.836562199208778 ], [ 80.894725166565323, 26.836458272947567 ], [ 80.894874914104449, 26.836443426331044 ], [ 80.895107854720891, 26.836443426331044 ], [ 80.895290879490958, 26.836339499960829 ], [ 80.895507181491936, 26.836265266780867 ], [ 80.895740122108364, 26.83614649359172 ], [ 80.895956424109357, 26.835998026930088 ], [ 80.896422305342227, 26.835953486893647 ], [ 80.896892346228967, 26.835775326572723 ], [ 80.897092009614482, 26.835715939736787 ], [ 80.89772427700197, 26.835493238824707 ], [ 80.898223435465766, 26.835240843928283 ], [ 80.898772509775938, 26.834943908035882 ], [ 80.899072004854233, 26.834899367584878 ], [ 80.899221752393359, 26.834839980289608 ], [ 80.899504608856176, 26.834661818216983 ], [ 80.899804103934471, 26.834557890211876 ], [ 80.900353178244629, 26.834498502737553 ], [ 80.900636034707446, 26.834320340127746 ], [ 80.900785782246587, 26.834260952528876 ], [ 80.90110191594033, 26.834201564898859 ], [ 80.901517881326825, 26.83421641180928 ], [ 80.901834015020569, 26.834023401821966 ], [ 80.902283257637976, 26.83405309568758 ], [ 80.902599391331719, 26.833919473231003 ], [ 80.903497876566547, 26.833978861008941 ], [ 80.90469585687967, 26.833845238464797 ], [ 80.905660896576336, 26.833607686885959 ], [ 80.90627652534836, 26.833370134808881 ], [ 80.906209970886536, 26.833295899682611 ], [ 80.906126777809234, 26.832509004352904 ], [ 80.906110139193757, 26.831751798025305 ], [ 80.907108456121364, 26.83029675989297 ], [ 80.909121728592012, 26.82974740390102 ], [ 80.909321391977528, 26.829361368366921 ], [ 80.909421223670293, 26.828604140998277 ], [ 80.905910475808255, 26.828500207434981 ], [ 80.904096866723108, 26.828440816784585 ], [ 80.902466282408056, 26.828232949262986 ], [ 80.901097756286475, 26.828143863065545 ], [ 80.899467171971395, 26.828292340022362 ], [ 80.898002973810932, 26.828529902748521 ], [ 80.893843319945944, 26.829480148671379 ], [ 80.89209626532265, 26.82991072623097 ] ] ] } },
{ "type": "Feature", "properties": { "id": 29, "Zone": 2, "Ward Num": 68, "Ward Name": "Chandrabhan Gupt Nagar" }, "geometry": { "type": "Polygon", "coordinates": [ [ [ 80.906501146657064, 26.833637380860562 ], [ 80.907016943736338, 26.833058346951614 ], [ 80.907333077430081, 26.833028652825195 ], [ 80.907798958662966, 26.833221664507704 ], [ 80.908214924049446, 26.83325135858351 ], [ 80.90878479662895, 26.833370134808881 ], [ 80.909350509554585, 26.83350375791354 ], [ 80.909733197710167, 26.833563145909448 ], [ 80.910598405714083, 26.833860085421932 ], [ 80.911247311717034, 26.834038248755732 ], [ 80.912345460337377, 26.83421641180928 ], [ 80.913243945572219, 26.834557890211876 ], [ 80.914907807118198, 26.834899367584878 ], [ 80.917154020205288, 26.835225997152158 ], [ 80.919233847137775, 26.835552625777407 ], [ 80.920440146758637, 26.835612012698988 ], [ 80.920989221068808, 26.835597165971514 ], [ 80.922786191538478, 26.835819866679223 ], [ 80.92383442431246, 26.835834713377501 ], [ 80.92415055800619, 26.835938640210944 ], [ 80.925215429395621, 26.836042566949008 ], [ 80.92629693940053, 26.836027720277979 ], [ 80.927245340481733, 26.835819866679223 ], [ 80.92854315248762, 26.835597165971514 ], [ 80.930373400188188, 26.835122069664742 ], [ 80.93157138050131, 26.834765746126752 ], [ 80.93208717758057, 26.834587583937353 ], [ 80.93208717758057, 26.834453962111375 ], [ 80.931654573578612, 26.833845238464797 ], [ 80.931654573578612, 26.832791099533694 ], [ 80.93177104388684, 26.831425158438869 ], [ 80.931920791425966, 26.830370996984847 ], [ 80.924579002354292, 26.82964347138665 ], [ 80.917187297436215, 26.829005026706298 ], [ 80.91662158451058, 26.829005026706298 ], [ 80.912657434377252, 26.828648683924769 ], [ 80.910228196520094, 26.829257435498377 ], [ 80.909329711285267, 26.829242587937927 ], [ 80.909329711285267, 26.829420758534731 ], [ 80.909113409284288, 26.829806793866428 ], [ 80.907133414044552, 26.83034130215394 ], [ 80.906118458501496, 26.831781492486456 ], [ 80.906035265424194, 26.832523851485199 ], [ 80.906201651578797, 26.833295899682611 ], [ 80.906501146657064, 26.833637380860562 ] ] ] } },
{ "type": "Feature", "properties": { "id": 30, "Zone": 2, "Ward Num": 76, "Ward Name": "Babu Banarsi Das" }, "geometry": { "type": "Polygon", "coordinates": [ [ [ 80.931912472118242, 26.83034130215394 ], [ 80.931779363194565, 26.831514242055853 ], [ 80.931629615655424, 26.832820793722373 ], [ 80.931646254270888, 26.833874932377121 ], [ 80.932078858272845, 26.834409421467694 ], [ 80.932162051350147, 26.834557890211876 ], [ 80.932378353351126, 26.834706358761419 ], [ 80.932594655352105, 26.834602430797176 ], [ 80.932877511814922, 26.834528196478615 ], [ 80.933110452431364, 26.834379727695488 ], [ 80.933393308894182, 26.834320340127746 ], [ 80.933543056433308, 26.834750899288338 ], [ 80.933792635665213, 26.835225997152158 ], [ 80.933842551511603, 26.835552625777407 ], [ 80.933809274280677, 26.835849560073832 ], [ 80.933809274280677, 26.836027720277979 ], [ 80.93392574458889, 26.83614649359172 ], [ 80.934108769358957, 26.83635434659098 ], [ 80.934241878282634, 26.836562199208778 ], [ 80.934408264437238, 26.836859130858127 ], [ 80.934824229823732, 26.837066982549445 ], [ 80.935040531824711, 26.836814591160369 ], [ 80.935206917979301, 26.83668097196195 ], [ 80.935356665518455, 26.836784898018792 ], [ 80.935706076443097, 26.837037289474036 ], [ 80.935822546751325, 26.837022442933424 ], [ 80.936088764598679, 26.836636432194105 ], [ 80.936188596291444, 26.836621585600938 ], [ 80.936904056756219, 26.837037289474036 ], [ 80.937070442910823, 26.836933363648829 ], [ 80.937652794451935, 26.836443426331044 ], [ 80.937952289530187, 26.836205880201859 ], [ 80.938850774765029, 26.83715606172893 ], [ 80.93930001738245, 26.836577045809733 ], [ 80.939948923385373, 26.835270537474706 ], [ 80.940331611540955, 26.834528196478615 ], [ 80.940664383850176, 26.833756156681122 ], [ 80.940930601697517, 26.83339982884576 ], [ 80.941163542313973, 26.832969264549043 ], [ 80.941529591854078, 26.832509004352904 ], [ 80.941945557240601, 26.831900270253211 ], [ 80.942411438473457, 26.831009433966578 ], [ 80.942261690934316, 26.831009433966578 ], [ 80.937752626144672, 26.830801571158283 ], [ 80.933559695048785, 26.830578860583259 ], [ 80.931912472118242, 26.83034130215394 ] ] ] } },
{ "type": "Feature", "properties": { "id": 31, "Zone": 1, "Ward Num": 57, "Ward Name": "Vikramaditya" }, "geometry": { "type": "Polygon", "coordinates": [ [ [ 80.942403119165732, 26.830994586635789 ], [ 80.941895641394211, 26.831944811883631 ], [ 80.941529591854078, 26.832419921518287 ], [ 80.941230096775797, 26.832895029160031 ], [ 80.940997156159369, 26.833281052651532 ], [ 80.941562869085004, 26.833607686885959 ], [ 80.942461354319832, 26.834082789545405 ], [ 80.94355950294019, 26.834854827116356 ], [ 80.944391433713193, 26.835537779042159 ], [ 80.945156810024343, 26.836280113420763 ], [ 80.945556136795375, 26.837141215203889 ], [ 80.94652117649207, 26.838032003261659 ], [ 80.947186721110455, 26.837645995963612 ], [ 80.948351424192666, 26.837170908252034 ], [ 80.949016968811051, 26.83696305675149 ], [ 80.94974906789129, 26.836636432194116 ], [ 80.950647553126117, 26.836398886469777 ], [ 80.950314780816925, 26.838863399126819 ], [ 80.950514444202454, 26.839368172209674 ], [ 80.950514444202454, 26.839962020014532 ], [ 80.950447889740602, 26.840704325390853 ], [ 80.950580998664279, 26.840763709610716 ], [ 80.950813939280735, 26.841060630242904 ], [ 80.951745701746489, 26.842485838438616 ], [ 80.952145028517506, 26.842485838438616 ], [ 80.953110068214187, 26.842723371393689 ], [ 80.955339642685828, 26.843406275863543 ], [ 80.957302999310102, 26.844207941071989 ], [ 80.957843754312535, 26.844386088125166 ], [ 80.958376190007257, 26.844920527602699 ], [ 80.958575853392773, 26.845484655425125 ], [ 80.959407784165776, 26.846523830896835 ], [ 80.960406101093369, 26.847592687143855 ], [ 80.961071645711755, 26.848483392973208 ], [ 80.961504249713727, 26.848661533297985 ], [ 80.962469289410393, 26.849403781633377 ], [ 80.963309539491121, 26.84996788711285 ], [ 80.964141470264138, 26.850442921125403 ], [ 80.964940123806201, 26.850769505852472 ], [ 80.965039955498952, 26.850472610684989 ], [ 80.96530617334632, 26.850264783604349 ], [ 80.96577205457919, 26.84996788711285 ], [ 80.96613810411931, 26.849433471465549 ], [ 80.966404321966664, 26.848305252368057 ], [ 80.965006678268026, 26.842129538071593 ], [ 80.962577440410882, 26.836666125374624 ], [ 80.963808697954917, 26.832360532922934 ], [ 80.962735507257747, 26.831974506294184 ], [ 80.960639041709811, 26.831855728605273 ], [ 80.955614179840921, 26.831558783838084 ], [ 80.952186625056171, 26.831410311162571 ], [ 80.948492852424067, 26.831232143695065 ], [ 80.944599416406433, 26.831024281295445 ], [ 80.942403119165732, 26.830994586635789 ] ] ] } },
{ "type": "Feature", "properties": { "id": 32, "Zone": 1, "Ward Num": 65, "Ward Name": "Ram Tirath" }, "geometry": { "type": "Polygon", "coordinates": [ [ [ 80.940697661081089, 26.833696768786421 ], [ 80.94109698785212, 26.833874932377135 ], [ 80.941829086932358, 26.834646971364958 ], [ 80.942494631550744, 26.835626859424515 ], [ 80.943093621707305, 26.836428579712571 ], [ 80.943359839554674, 26.836903670538394 ], [ 80.943692611863867, 26.838061696076238 ], [ 80.94385899801847, 26.839457249578953 ], [ 80.943958829711235, 26.840229250510614 ], [ 80.943958829711235, 26.841624777298907 ], [ 80.943825720787558, 26.842129538071593 ], [ 80.944391433713193, 26.842842137684343 ], [ 80.945056978331579, 26.843525041437797 ], [ 80.945556136795375, 26.844445470413927 ], [ 80.945888909104582, 26.84515805544952 ], [ 80.945988740797347, 26.845840945232936 ], [ 80.94615512695195, 26.845840945232936 ], [ 80.945922186335508, 26.846761355379495 ], [ 80.945689245719066, 26.84723640284961 ], [ 80.946354790337466, 26.847355164405627 ], [ 80.946587730953894, 26.847978660530462 ], [ 80.94678739433941, 26.848424012802649 ], [ 80.947153443879543, 26.849017813106439 ], [ 80.947452938957824, 26.849522540915345 ], [ 80.947652602343339, 26.85020540436836 ], [ 80.947918820190694, 26.850947642579129 ], [ 80.948750750963683, 26.852283659091693 ], [ 80.949183354965641, 26.853085261428674 ], [ 80.950081840200497, 26.854005612665269 ], [ 80.950947048204398, 26.854866579626282 ], [ 80.951579315591871, 26.855519722606285 ], [ 80.952644186981317, 26.854658760614772 ], [ 80.953243177137864, 26.853797792072577 ], [ 80.953808890063499, 26.852847750217069 ], [ 80.954441157450987, 26.852164902707017 ], [ 80.954973593145695, 26.851155468405842 ], [ 80.955306365454916, 26.85005695614209 ], [ 80.955539306071344, 26.849344401945675 ], [ 80.955539306071344, 26.848839673342393 ], [ 80.955605860533169, 26.848305252368068 ], [ 80.957669048850207, 26.847681758042206 ], [ 80.958467702392284, 26.847503616175445 ], [ 80.958900306394241, 26.84732547402831 ], [ 80.959432742088964, 26.846939498414425 ], [ 80.959599128243568, 26.846791045904798 ], [ 80.959399464858052, 26.846375377842087 ], [ 80.95850097962321, 26.845484655425125 ], [ 80.958234761775856, 26.844831454531661 ], [ 80.957868712235722, 26.844326705805265 ], [ 80.957302999310102, 26.844148558658627 ], [ 80.955339642685828, 26.843435967268793 ], [ 80.953143345445127, 26.84266398820164 ], [ 80.952178305748433, 26.84245614678419 ], [ 80.951712424515563, 26.842485838438616 ], [ 80.950880493742559, 26.841001246178759 ], [ 80.950680830357044, 26.840793401708982 ], [ 80.950414612509675, 26.840704325390853 ], [ 80.950514444202454, 26.83999171232302 ], [ 80.950547721433367, 26.839397864673881 ], [ 80.950248226355086, 26.839011862031835 ], [ 80.950747384818882, 26.836339499960843 ], [ 80.949682513429437, 26.836636432194116 ], [ 80.949016968811051, 26.836903670538394 ], [ 80.948351424192666, 26.837111522147957 ], [ 80.947219998341382, 26.837556917169522 ], [ 80.946587730953894, 26.838002310439283 ], [ 80.945589414026287, 26.837141215203889 ], [ 80.945223364486182, 26.836339499960843 ], [ 80.944457988175031, 26.835508085565809 ], [ 80.943659334632954, 26.834854827116356 ], [ 80.942594463243523, 26.834082789545405 ], [ 80.941496314623166, 26.833488910909701 ], [ 80.940864047235692, 26.833310746711767 ], [ 80.940697661081089, 26.833696768786421 ] ] ] } },
{ "type": "Feature", "properties": { "id": 37, "Zone": 1, "Ward Num": 48, "Ward Name": "Mahatma Gandhi" }, "geometry": { "type": "Polygon", "coordinates": [ [ [ 80.934765994669633, 26.83708182908423 ], [ 80.934599608515029, 26.83770538178743 ], [ 80.934599608515029, 26.838269545560287 ], [ 80.934599608515029, 26.838714936027156 ], [ 80.934666162976853, 26.839041554589461 ], [ 80.934666162976853, 26.839427557130318 ], [ 80.934599608515029, 26.839694788887758 ], [ 80.934333390667661, 26.839932327698243 ], [ 80.934100450051233, 26.83999171232302 ], [ 80.935830866059064, 26.840555864704896 ], [ 80.937028846372172, 26.841030938214725 ], [ 80.938393212839898, 26.841476317819858 ], [ 80.93909203468921, 26.841713852892902 ], [ 80.940123628847729, 26.842218613268475 ], [ 80.940955559620704, 26.84278275455458 ], [ 80.941787490393722, 26.84334689302969 ], [ 80.942952193475904, 26.844356396969097 ], [ 80.9441168965581, 26.845217437333346 ], [ 80.945015381792942, 26.846256615258103 ], [ 80.945481263025826, 26.846553521484424 ], [ 80.945847312565945, 26.846791045904784 ], [ 80.946113530413299, 26.845840945232936 ], [ 80.945847312565945, 26.845217437333346 ], [ 80.945614371949489, 26.844534543788683 ], [ 80.945048659023854, 26.843525041437797 ], [ 80.944482946098219, 26.842901520782959 ], [ 80.943750847017981, 26.842248304985187 ], [ 80.943983787634423, 26.841654469171367 ], [ 80.943983787634423, 26.840169866010427 ], [ 80.943817401479819, 26.839486942019803 ], [ 80.943684292556156, 26.838180467256702 ], [ 80.943384797477862, 26.837022442933424 ], [ 80.943118579630493, 26.836517659394229 ], [ 80.942552866704872, 26.835715939736801 ], [ 80.941887322086458, 26.834706358761419 ], [ 80.941121945775308, 26.833964014067387 ], [ 80.940722619004276, 26.833726462737665 ], [ 80.940323292233245, 26.834557890211876 ], [ 80.939957242693126, 26.835300231013342 ], [ 80.939291698074712, 26.836606739005823 ], [ 80.938892371303695, 26.837200601292405 ], [ 80.937993886068853, 26.836161340247173 ], [ 80.937727668221484, 26.836428579712571 ], [ 80.937095400834011, 26.83696305675149 ], [ 80.936929014679421, 26.837022442933424 ], [ 80.936296747291934, 26.836577045809733 ], [ 80.936163638368257, 26.836577045809733 ], [ 80.935930697751814, 26.836814591160369 ], [ 80.935731034366299, 26.837052136012712 ], [ 80.93536498482618, 26.836725511712277 ], [ 80.935198598671576, 26.836666125374624 ], [ 80.934765994669633, 26.83708182908423 ] ] ] } },
{ "type": "Feature", "properties": { "id": 33, "Zone": 1, "Ward Num": 13, "Ward Name": "Lal Kuan" }, "geometry": { "type": "Polygon", "coordinates": [ [ [ 80.923651399542393, 26.835805019979009 ], [ 80.923584845080541, 26.837824153341597 ], [ 80.923584845080541, 26.838863399126819 ], [ 80.924117280775263, 26.839783866000097 ], [ 80.925248706626547, 26.841060630242904 ], [ 80.926479964170568, 26.842218613268475 ], [ 80.927977439561971, 26.840912170024147 ], [ 80.926746182017936, 26.839576019295649 ], [ 80.926812736479775, 26.839249402274959 ], [ 80.925747865090329, 26.838061696076238 ], [ 80.927012399865291, 26.838150774473267 ], [ 80.928942479258637, 26.83844770195725 ], [ 80.930340122957276, 26.838863399126819 ], [ 80.931305162653942, 26.839130632215678 ], [ 80.932370034043387, 26.839457249578953 ], [ 80.933834232203864, 26.839932327698243 ], [ 80.934133727282145, 26.83999171232302 ], [ 80.934574650591841, 26.839679942695557 ], [ 80.934641205053666, 26.839442403355608 ], [ 80.934641205053666, 26.839071247139326 ], [ 80.934574650591841, 26.838714936027156 ], [ 80.934574650591841, 26.838314084685816 ], [ 80.934624566438217, 26.837690535334399 ], [ 80.93479095259282, 26.837007596390865 ], [ 80.934424903052701, 26.836888823980253 ], [ 80.934258516898112, 26.836591892408752 ], [ 80.934158685205333, 26.836339499960843 ], [ 80.933909105973441, 26.836131646934316 ], [ 80.933842551511603, 26.836072260285235 ], [ 80.93382591289614, 26.835879253460668 ], [ 80.93382591289614, 26.835567472510736 ], [ 80.933809274280677, 26.835225997152158 ], [ 80.933576333664234, 26.83478059296322 ], [ 80.933393308894182, 26.834335187022621 ], [ 80.933127091046813, 26.834379727695502 ], [ 80.932860873199459, 26.834513349609058 ], [ 80.932594655352105, 26.834557890211876 ], [ 80.932378353351126, 26.834691511915235 ], [ 80.932195328581059, 26.834528196478615 ], [ 80.9315630611936, 26.834750899288352 ], [ 80.930331803649551, 26.835107222873056 ], [ 80.9284973962951, 26.835597165971514 ], [ 80.927199584289227, 26.835805019979009 ], [ 80.926234544592546, 26.836027720277993 ], [ 80.925186311818564, 26.836012873605018 ], [ 80.924104801813684, 26.835923793526302 ], [ 80.923651399542393, 26.835805019979009 ] ] ] } },
{ "type": "Feature", "properties": { "id": 34, "Zone": 1, "Ward Num": 93, "Ward Name": "Yadhu Nath Sanyal" }, "geometry": { "type": "Polygon", "coordinates": [ [ [ 80.925718747513287, 26.838032003261659 ], [ 80.92681689613363, 26.839219709771832 ], [ 80.926733703056328, 26.839620557907303 ], [ 80.927948321984928, 26.840912170024161 ], [ 80.926417569362599, 26.842277996694129 ], [ 80.926534039670813, 26.842456146784201 ], [ 80.927382609059279, 26.843525041437811 ], [ 80.927432524905655, 26.843866491769813 ], [ 80.927432524905655, 26.844341551388158 ], [ 80.927432524905655, 26.844861145563144 ], [ 80.927382609059279, 26.845395582797952 ], [ 80.927499079367507, 26.845618264234474 ], [ 80.92763218829117, 26.84557372798221 ], [ 80.927998237831304, 26.84557372798221 ], [ 80.928397564602335, 26.845484655425125 ], [ 80.928464119064174, 26.845558882560887 ], [ 80.928680421065167, 26.845781563676177 ], [ 80.928996554758896, 26.845930017509687 ], [ 80.929312688452626, 26.845989398988575 ], [ 80.929562267684531, 26.846033935077312 ], [ 80.9298284855319, 26.846241769926344 ], [ 80.93004478753285, 26.8463605325259 ], [ 80.930177896456541, 26.84640506846862 ], [ 80.930244450918394, 26.84634568720778 ], [ 80.930244450918394, 26.846137852549528 ], [ 80.93029436676477, 26.84588548138008 ], [ 80.93039419845752, 26.845692491282634 ], [ 80.930760247997654, 26.845336201007559 ], [ 80.93086007969039, 26.844846300048374 ], [ 80.930843441074956, 26.844000102488959 ], [ 80.930726970766742, 26.843332047316366 ], [ 80.930610500458513, 26.843005441130579 ], [ 80.930494030150285, 26.842723371393689 ], [ 80.930011510301938, 26.842188921543976 ], [ 80.930078064763791, 26.842114692198642 ], [ 80.930843441074956, 26.841669315104671 ], [ 80.931359238154187, 26.841298166188057 ], [ 80.932790159083751, 26.840555864704911 ], [ 80.934087971089639, 26.83999171232303 ], [ 80.933805114626807, 26.839902635374209 ], [ 80.93234091646633, 26.839472095800364 ], [ 80.93130932230784, 26.839130632215703 ], [ 80.930311005380233, 26.838833706522465 ], [ 80.928930000297058, 26.838418009243902 ], [ 80.926950005057321, 26.838150774473267 ], [ 80.925718747513287, 26.838032003261659 ] ] ] } },
{ "type": "Feature", "properties": { "id": 35, "Zone": 1, "Ward Num": 72, "Ward Name": "Ganesh Ganj" }, "geometry": { "type": "Polygon", "coordinates": [ [ [ 80.920523339835924, 26.835597165971524 ], [ 80.920203046488325, 26.837556917169522 ], [ 80.920319516796539, 26.838002310439297 ], [ 80.920552457412981, 26.838759474977497 ], [ 80.92081867526035, 26.839353325974663 ], [ 80.921118170338616, 26.839917481537199 ], [ 80.921450942647809, 26.840422249921115 ], [ 80.921700521879714, 26.840897323991573 ], [ 80.922000016958009, 26.841491163776535 ], [ 80.922399343729026, 26.842174075678798 ], [ 80.922915140808286, 26.842931212320583 ], [ 80.923414299272082, 26.843643806887499 ], [ 80.923830264658577, 26.844133713050429 ], [ 80.924329423122387, 26.844623617093337 ], [ 80.924928413278948, 26.845172900923401 ], [ 80.925926730206541, 26.844519698231093 ], [ 80.926226225284807, 26.84447516154664 ], [ 80.926542358978566, 26.844371242548124 ], [ 80.926841854056818, 26.844237632266989 ], [ 80.926925047134119, 26.844059484980207 ], [ 80.927024878826899, 26.843718035230271 ], [ 80.926925047134119, 26.843421121567136 ], [ 80.92629277974666, 26.84233738008864 ], [ 80.926409250054888, 26.842233459127812 ], [ 80.925244546972678, 26.841075476254094 ], [ 80.924129759736871, 26.839769019819574 ], [ 80.923547408195773, 26.838878245426077 ], [ 80.923547408195773, 26.837883539071981 ], [ 80.923647239888524, 26.835805019979023 ], [ 80.922815309115535, 26.835790173276852 ], [ 80.921001700030402, 26.835552625777432 ], [ 80.920523339835924, 26.835597165971524 ] ] ] } },
{ "type": "Feature", "properties": { "id": 36, "Zone": 1, "Ward Num": 55, "Ward Name": "Motilal Nehru" }, "geometry": { "type": "Polygon", "coordinates": [ [ [ 80.906534423888004, 26.833681921807884 ], [ 80.906584339734366, 26.833978861008951 ], [ 80.907399631891906, 26.835522932304965 ], [ 80.907582656661972, 26.836384039845466 ], [ 80.908015260663916, 26.83708182908423 ], [ 80.908797275590544, 26.83829923831259 ], [ 80.909679122209923, 26.839635404107273 ], [ 80.910694077752979, 26.841164552280222 ], [ 80.911796386027206, 26.842500684262902 ], [ 80.913609995112338, 26.841535701634839 ], [ 80.913659910958714, 26.841431779938183 ], [ 80.914924445733661, 26.84065978720551 ], [ 80.915889485430341, 26.840006558474343 ], [ 80.916837886511559, 26.839323633498765 ], [ 80.918318723287499, 26.838388316522757 ], [ 80.919084099598649, 26.837913231925477 ], [ 80.92014897098808, 26.837631149502805 ], [ 80.92019888683447, 26.837542070697022 ], [ 80.920548297759126, 26.835626859424515 ], [ 80.920448466066347, 26.835641706148099 ], [ 80.919267124368702, 26.835552625777432 ], [ 80.917183137782345, 26.835270537474717 ], [ 80.914887008848879, 26.834854827116356 ], [ 80.913189870071974, 26.834557890211876 ], [ 80.912357939298971, 26.83421641180929 ], [ 80.911243152063136, 26.834038248755746 ], [ 80.910594246060214, 26.833860085421943 ], [ 80.909845508364526, 26.833533451915393 ], [ 80.908913745898758, 26.833414675861302 ], [ 80.908214924049446, 26.833281052651547 ], [ 80.907848874509313, 26.833281052651547 ], [ 80.90734971604553, 26.832969264549043 ], [ 80.907083498198162, 26.833043499889389 ], [ 80.906534423888004, 26.833681921807884 ] ] ] } },
{ "type": "Feature", "properties": { "id": 38, "Zone": 2, "Ward Num": 54, "Ward Name": "Kunwer Jyoti Prasad 2nd" }, "geometry": { "type": "Polygon", "coordinates": [ [ [ 80.872907782043484, 26.838121081682036 ], [ 80.868781405409422, 26.84110516827058 ], [ 80.865187464470083, 26.843628961213092 ], [ 80.864105954465188, 26.844400933700275 ], [ 80.864937885238177, 26.844757226918915 ], [ 80.865353850624686, 26.844965064111953 ], [ 80.86663502401511, 26.845751872886122 ], [ 80.867367123095335, 26.846197233919387 ], [ 80.867982751867359, 26.846627747919335 ], [ 80.868082583560096, 26.846761355379495 ], [ 80.86936375695052, 26.844400933700275 ], [ 80.871493499729397, 26.843628961213092 ], [ 80.871859549269502, 26.844445470413937 ], [ 80.872674841427042, 26.845306510100691 ], [ 80.873573326661884, 26.84640506846862 ], [ 80.874105762356592, 26.847058260281944 ], [ 80.874338702973034, 26.847399699957027 ], [ 80.874288787126659, 26.847592687143869 ], [ 80.87453836635855, 26.84805288603085 ], [ 80.87453836635855, 26.848542773112623 ], [ 80.874671475282241, 26.849181107643854 ], [ 80.874505089127638, 26.849314712090145 ], [ 80.875736346671673, 26.849878818013547 ], [ 80.87601920313449, 26.849878818013547 ], [ 80.876451807136448, 26.849834283437602 ], [ 80.876634831906514, 26.849819438575061 ], [ 80.876701386368339, 26.8498936628683 ], [ 80.876767940830192, 26.85005695614209 ], [ 80.87668474775289, 26.850309318010911 ], [ 80.876584916060125, 26.850442921125417 ], [ 80.876584916060125, 26.850517145009775 ], [ 80.876751302214728, 26.850561679317018 ], [ 80.877333653755827, 26.850457765906178 ], [ 80.878132307297889, 26.850368697192369 ], [ 80.878514995453486, 26.850249938798271 ], [ 80.877932643912374, 26.847147331600826 ], [ 80.876601554675602, 26.847147331600826 ], [ 80.876701386368339, 26.846494140301456 ], [ 80.876451807136448, 26.845737027488159 ], [ 80.876302059597307, 26.845202591865306 ], [ 80.87616895067363, 26.844697844793689 ], [ 80.876002564519041, 26.844148558658627 ], [ 80.875836178364438, 26.843495350055921 ], [ 80.875719708056209, 26.842515530085254 ], [ 80.87575298528715, 26.842233459127797 ], [ 80.875686430825283, 26.841431779938183 ], [ 80.875636514978908, 26.840630095072207 ], [ 80.875536683286157, 26.839798712178659 ], [ 80.875553321901634, 26.838670397059307 ], [ 80.875453490208855, 26.838655550732799 ], [ 80.875287104054266, 26.838655550732799 ], [ 80.874089123741143, 26.838536780050639 ], [ 80.87340694050728, 26.838343777426413 ], [ 80.872907782043484, 26.838121081682036 ] ] ] } },
{ "type": "Feature", "properties": { "id": 39, "Zone": 2, "Ward Num": 50, "Ward Name": "Hardeen Rai Nagar" }, "geometry": { "type": "Polygon", "coordinates": [ [ [ 80.875545002593881, 26.838685243383868 ], [ 80.875528363978432, 26.839769019819563 ], [ 80.875644834286646, 26.840615249002635 ], [ 80.875678111517573, 26.841446625900698 ], [ 80.875777943210338, 26.842218613268461 ], [ 80.875711388748485, 26.842515530085254 ], [ 80.875777943210338, 26.843495350055921 ], [ 80.875960967980376, 26.844163404264883 ], [ 80.876160631365892, 26.844697844793689 ], [ 80.876293740289583, 26.845202591865306 ], [ 80.876410210597811, 26.845707336686427 ], [ 80.876726344291527, 26.846479295000854 ], [ 80.876593235367864, 26.847132486385885 ], [ 80.877940963220126, 26.847177022024887 ], [ 80.878190542452018, 26.848424012802649 ], [ 80.878506676145747, 26.850309318010911 ], [ 80.879371884149677, 26.85016086992092 ], [ 80.880153899076277, 26.850012421636244 ], [ 80.88083608231014, 26.849967887112861 ], [ 80.881351879389399, 26.849834283437602 ], [ 80.881984146776873, 26.849581920509589 ], [ 80.883132211243606, 26.849106882883326 ], [ 80.883032379550855, 26.848765448357959 ], [ 80.882999102319928, 26.84805288603085 ], [ 80.882699607241648, 26.844920527602699 ], [ 80.882533221087044, 26.842678834002569 ], [ 80.882450028009742, 26.841520855684017 ], [ 80.881734567544981, 26.841506009731237 ], [ 80.87852331476121, 26.841461471861251 ], [ 80.87684281459974, 26.841416933973736 ], [ 80.876792898753394, 26.841357550096468 ], [ 80.876926007677042, 26.838729782345879 ], [ 80.875960967980376, 26.838685243383868 ], [ 80.875545002593881, 26.838685243383868 ] ] ] } },
{ "type": "Feature", "properties": { "id": 26, "Zone": 6, "Ward Num": 86, "Ward Name": "Kashmiri Mohalla" }, "geometry": { "type": "Polygon", "coordinates": [ [ [ 80.866955317362695, 26.854673604842535 ], [ 80.868511027908212, 26.857026390328464 ], [ 80.869134975987947, 26.857516238566646 ], [ 80.869392874527577, 26.85793928761111 ], [ 80.869783881990898, 26.85800608468406 ], [ 80.870041780530514, 26.858161944367588 ], [ 80.870241443916029, 26.858852177528014 ], [ 80.869933629530024, 26.859779903636856 ], [ 80.869833797837259, 26.86010646141693 ], [ 80.869825478529535, 26.860254896459903 ], [ 80.869916990914575, 26.860440439989748 ], [ 80.869975226068689, 26.860588874594516 ], [ 80.869975226068689, 26.860715043855446 ], [ 80.870033461222789, 26.860856056392311 ], [ 80.870174889454205, 26.861034177240263 ], [ 80.870399510762908, 26.861308779664753 ], [ 80.870399510762908, 26.861427526452665 ], [ 80.870399510762908, 26.861605646400825 ], [ 80.870565896917498, 26.861872825797214 ], [ 80.870599174148424, 26.862095474812158 ], [ 80.870682367225712, 26.86206578830215 ], [ 80.871235601189781, 26.861843139228775 ], [ 80.87136871011343, 26.861887669078506 ], [ 80.871485180421672, 26.862095474812158 ], [ 80.873648200431461, 26.861219719492009 ], [ 80.873764670739675, 26.861219719492009 ], [ 80.87386450243244, 26.861130659249152 ], [ 80.874080804433419, 26.861442369792378 ], [ 80.874596601512664, 26.861264249587141 ], [ 80.875428532285667, 26.861086129101427 ], [ 80.875594918440271, 26.861056442326543 ], [ 80.875994245211288, 26.860121304929997 ], [ 80.876227185827744, 26.860017400297664 ], [ 80.877624829526368, 26.859690842260513 ], [ 80.878007517681951, 26.859735372957445 ], [ 80.879405161380589, 26.859690842260513 ], [ 80.880536587231859, 26.859868964943086 ], [ 80.880719612001926, 26.859705685828107 ], [ 80.881085661542045, 26.859898652029585 ], [ 80.881900953699571, 26.859987713242333 ], [ 80.882549859702522, 26.859987713242333 ], [ 80.883398429090974, 26.859987713242333 ], [ 80.884330191556714, 26.860121304929997 ], [ 80.884463300480405, 26.859661155119486 ], [ 80.885212038176107, 26.859512719297491 ], [ 80.883315236013672, 26.856825997256152 ], [ 80.884313552941279, 26.856425210046776 ], [ 80.883564815245563, 26.855386125485257 ], [ 80.884895904482363, 26.855029865724731 ], [ 80.884779434174135, 26.854777514382373 ], [ 80.883793596208136, 26.854970488988926 ], [ 80.883460823898943, 26.855015021543696 ], [ 80.883244521897979, 26.854525162477252 ], [ 80.883044858512434, 26.854332187111257 ], [ 80.88277864066508, 26.853975924032532 ], [ 80.882562338664101, 26.853619659832205 ], [ 80.8803660414234, 26.85489626802535 ], [ 80.879816967113214, 26.855044709903805 ], [ 80.879267892803043, 26.854317342838712 ], [ 80.878402684799127, 26.852803216809402 ], [ 80.87811982833631, 26.852194591814875 ], [ 80.877953442181706, 26.851897700385866 ], [ 80.877271258947857, 26.851749254379278 ], [ 80.876023362788345, 26.851378138510967 ], [ 80.875341179554511, 26.852001612474613 ], [ 80.87519143201537, 26.852001612474613 ], [ 80.875108238938068, 26.852239125462049 ], [ 80.874509248781493, 26.852179747261921 ], [ 80.874243030934153, 26.852506326977071 ], [ 80.873610763546665, 26.852847750217069 ], [ 80.872961857543729, 26.853218861266154 ], [ 80.872080010924364, 26.853693881633099 ], [ 80.872096649539813, 26.853782947729918 ], [ 80.87227967430988, 26.853975924032532 ], [ 80.871880347538834, 26.854198588588176 ], [ 80.871547575229641, 26.854436096964609 ], [ 80.87146438215234, 26.854450941221582 ], [ 80.871131609843147, 26.854109522818494 ], [ 80.870931946457631, 26.853693881633099 ], [ 80.870532619686585, 26.853441527311428 ], [ 80.870083377069179, 26.85299619478274 ], [ 80.869733966144508, 26.852669616481244 ], [ 80.868968589833358, 26.853159483580075 ], [ 80.868702371985989, 26.853471216084358 ], [ 80.868236490753119, 26.853411838530707 ], [ 80.867171619363674, 26.854124367118317 ], [ 80.866955317362695, 26.854673604842535 ] ] ] } },
{ "type": "Feature", "properties": { "id": 40, "Zone": 2, "Ward Num": 60, "Ward Name": "Labour Colony" }, "geometry": { "type": "Polygon", "coordinates": [ [ [ 80.882391792855643, 26.84045194210892 ], [ 80.882554019356377, 26.843539887125829 ], [ 80.882691287933923, 26.844950218610812 ], [ 80.882990783012204, 26.847993505634442 ], [ 80.883040698858579, 26.848750603355235 ], [ 80.883090614704969, 26.849106882883326 ], [ 80.883706243476979, 26.850784350590409 ], [ 80.883839352400656, 26.850917953144158 ], [ 80.884638005942733, 26.850413231558047 ], [ 80.885603045639414, 26.849715524482743 ], [ 80.886934134876199, 26.8488248283494 ], [ 80.887250268569943, 26.848735758350564 ], [ 80.887915813188343, 26.848379477654277 ], [ 80.889163709347841, 26.847785674001688 ], [ 80.890116270082899, 26.847845054507125 ], [ 80.893843319945944, 26.84653867619161 ], [ 80.894226008101526, 26.846019089716329 ], [ 80.894824998258059, 26.845900326758553 ], [ 80.895823315185666, 26.845811254458457 ], [ 80.893859958561393, 26.84321328153964 ], [ 80.892179458399951, 26.84103093821474 ], [ 80.890898285009527, 26.839234556024376 ], [ 80.890465681007569, 26.838432855601553 ], [ 80.888182031035711, 26.839204863517331 ], [ 80.888165392420234, 26.839249402274969 ], [ 80.888231946882073, 26.840244096630794 ], [ 80.888032283496557, 26.840244096630794 ], [ 80.882391792855643, 26.84045194210892 ] ] ] } },
{ "type": "Feature", "properties": { "id": 41, "Zone": 2, "Ward Num": 14, "Ward Name": "Ambedkar Nagar 1st" }, "geometry": { "type": "Polygon", "coordinates": [ [ [ 80.890293055372169, 26.837980040817406 ], [ 80.890900364836469, 26.839293941015079 ], [ 80.891199859914749, 26.839657673403604 ], [ 80.891615825301244, 26.840258942749028 ], [ 80.892098345149591, 26.84097155413501 ], [ 80.892614142228837, 26.841617354329586 ], [ 80.893240170135527, 26.84244130095405 ], [ 80.893914034061638, 26.843294933024513 ], [ 80.894870754450579, 26.842864406349982 ], [ 80.895361593606651, 26.842708525598589 ], [ 80.896495099284863, 26.842344803010736 ], [ 80.897668121674783, 26.841951387467603 ], [ 80.898350304908647, 26.841706429929417 ], [ 80.898708035141027, 26.84160250838946 ], [ 80.899259189278126, 26.841364973082825 ], [ 80.89992473389654, 26.841142283280259 ], [ 80.900415573052612, 26.840964131122863 ], [ 80.900873134977758, 26.840756286584945 ], [ 80.901330696902903, 26.840548441665486 ], [ 80.901738342981673, 26.840444519062693 ], [ 80.902262459368657, 26.840318327202496 ], [ 80.9030715120454, 26.840088212271837 ], [ 80.904562747955978, 26.839717058172408 ], [ 80.905261569805305, 26.839546326878146 ], [ 80.905427955959908, 26.83939786467387 ], [ 80.905602661422236, 26.839123209082835 ], [ 80.905627619345424, 26.838945053748663 ], [ 80.905669215884089, 26.83890051487132 ], [ 80.905702493115001, 26.838848552825603 ], [ 80.906692490734855, 26.839041554589461 ], [ 80.907091817505901, 26.838982169466394 ], [ 80.908189966126258, 26.838581319071043 ], [ 80.908822233513732, 26.838328931057081 ], [ 80.907996542221525, 26.837089252350882 ], [ 80.907555618911843, 26.836376616532569 ], [ 80.907405871372717, 26.835537779042159 ], [ 80.90716461144855, 26.835129493059863 ], [ 80.906582259907452, 26.833986284478996 ], [ 80.906515705445599, 26.83364480435301 ], [ 80.906264046386781, 26.833370134808881 ], [ 80.905648417614756, 26.833622533874237 ], [ 80.904675058610337, 26.833860085421932 ], [ 80.90346875898949, 26.833978861008941 ], [ 80.902593151850937, 26.833904626281662 ], [ 80.902301976080366, 26.83407536608167 ], [ 80.901836094847496, 26.834015978354355 ], [ 80.90174458246247, 26.83407536608167 ], [ 80.901503322538304, 26.834231258717764 ], [ 80.901087357151809, 26.83421641180929 ], [ 80.900737946227153, 26.83429064633221 ], [ 80.900638114534374, 26.834342610469321 ], [ 80.900338619456093, 26.834513349609043 ], [ 80.899781225838197, 26.834580160506707 ], [ 80.899506688683118, 26.834676665067089 ], [ 80.89924047083575, 26.834847403703229 ], [ 80.899082403988899, 26.834899367584878 ], [ 80.898749631679692, 26.834943908035882 ], [ 80.898208876677231, 26.83524826731562 ], [ 80.897705558559565, 26.835515508935629 ], [ 80.897106568403004, 26.835738209803917 ], [ 80.896890266402025, 26.835767903219924 ], [ 80.896407746553692, 26.835975756914063 ], [ 80.895950184628546, 26.836012873605007 ], [ 80.895733882627567, 26.836161340247159 ], [ 80.895459345472474, 26.836294960058698 ], [ 80.895284640010146, 26.836361769905331 ], [ 80.895076657316906, 26.836458272947567 ], [ 80.894876993931391, 26.836465696255111 ], [ 80.894735565699989, 26.836443426331044 ], [ 80.894602456776298, 26.836584469109489 ], [ 80.894327919621205, 26.836554775907572 ], [ 80.89406170177385, 26.836658702080221 ], [ 80.89400346661975, 26.836732935002292 ], [ 80.893679013618268, 26.836784898018792 ], [ 80.893529266079142, 26.836888823980253 ], [ 80.893371199232263, 26.836933363648829 ], [ 80.893246409616324, 26.836940786925215 ], [ 80.89304674623078, 26.837044712743616 ], [ 80.89288867938393, 26.837037289474047 ], [ 80.892722293229326, 26.837022442933424 ], [ 80.892555907074723, 26.83715606172893 ], [ 80.892406159535597, 26.837118945412666 ], [ 80.892164899611416, 26.837208024551288 ], [ 80.891990194149102, 26.837267410604767 ], [ 80.892031790687739, 26.837356489626597 ], [ 80.891757253532646, 26.83751237774619 ], [ 80.891565909454869, 26.837631149502794 ], [ 80.8913579267616, 26.837660842422483 ], [ 80.89140784260799, 26.837787037244293 ], [ 80.891291372299776, 26.837787037244293 ], [ 80.891158263376084, 26.837809306904134 ], [ 80.890917003451932, 26.837772190801964 ], [ 80.890800533143704, 26.837749921134833 ], [ 80.890858768297804, 26.837935501560498 ], [ 80.890492718757699, 26.837890962286068 ], [ 80.890417844988136, 26.837980040817406 ], [ 80.890293055372169, 26.837980040817406 ] ] ] } },
{ "type": "Feature", "properties": { "id": 42, "Zone": 2, "Ward Num": 7, "Ward Name": "Malviya Nagar" }, "geometry": { "type": "Polygon", "coordinates": [ [ [ 80.908258600415039, 26.844772072445362 ], [ 80.909714479267762, 26.843792263524367 ], [ 80.911819264123451, 26.842500684262902 ], [ 80.910669119829791, 26.841171975279241 ], [ 80.909654164286735, 26.839650250305315 ], [ 80.908830552821456, 26.838343777426413 ], [ 80.908198285433983, 26.838588742239406 ], [ 80.90707309906351, 26.838997015750081 ], [ 80.906682091600189, 26.839041554589461 ], [ 80.905692093980335, 26.83883370652245 ], [ 80.905675455364857, 26.83890051487132 ], [ 80.90562553951851, 26.838952476893184 ], [ 80.9055881026337, 26.839175171002516 ], [ 80.905438355094574, 26.839427557130318 ], [ 80.905305246170883, 26.83953148066648 ], [ 80.904573147090645, 26.83972448126632 ], [ 80.903059033083807, 26.840125327614849 ], [ 80.90236021123448, 26.84030348109205 ], [ 80.901761221077933, 26.84045194210891 ], [ 80.901311978460512, 26.840570710782256 ], [ 80.900829458612179, 26.840793401708982 ], [ 80.900396854610221, 26.841001246178759 ], [ 80.899897696146425, 26.841149706280738 ], [ 80.899248790143474, 26.841372396068699 ], [ 80.898649799986927, 26.841639623236116 ], [ 80.89831702767772, 26.841713852892902 ], [ 80.897701398905696, 26.841936541571283 ], [ 80.896453502746226, 26.842352225932391 ], [ 80.895355354125869, 26.84266398820164 ], [ 80.894839557046595, 26.842856983461914 ], [ 80.893874517349929, 26.843302355883853 ], [ 80.896865308478851, 26.847117641168992 ], [ 80.898552048121104, 26.849151417745489 ], [ 80.898868181814819, 26.848988123165253 ], [ 80.899633558125998, 26.848698645830357 ], [ 80.900082800743419, 26.848475970453602 ], [ 80.900515404745363, 26.848268139706711 ], [ 80.900883534112424, 26.848089998762791 ], [ 80.901257902960268, 26.84785989962861 ], [ 80.90149084357671, 26.847637222601797 ], [ 80.901748742116339, 26.847362586998756 ], [ 80.901998321348231, 26.847169599419583 ], [ 80.902430925350188, 26.846939498414425 ], [ 80.903138066507239, 26.846694551669135 ], [ 80.903479158124156, 26.846583212064232 ], [ 80.903911762126128, 26.846486717651409 ], [ 80.904369324051274, 26.846442181740823 ], [ 80.904785289437768, 26.8463605325259 ], [ 80.904926717669184, 26.846271460587914 ], [ 80.905109742439237, 26.846212079256986 ], [ 80.905991589058615, 26.84588548138008 ], [ 80.906623856446089, 26.845655377764622 ], [ 80.906956628755282, 26.845544037137628 ], [ 80.907447467911354, 26.845321355555093 ], [ 80.907580576835031, 26.845210014599573 ], [ 80.908258600415039, 26.844772072445362 ] ] ] } },
{ "type": "Feature", "properties": { "id": 43, "Zone": 2, "Ward Num": 80, "Ward Name": "Sheetla Devi" }, "geometry": { "type": "Polygon", "coordinates": [ [ [ 80.883816474304396, 26.850932797862615 ], [ 80.883883028766235, 26.851110934332258 ], [ 80.884099330767228, 26.85146720643036 ], [ 80.88494790015568, 26.851793788201714 ], [ 80.885430420004013, 26.851823477406924 ], [ 80.885962855698722, 26.851630497433831 ], [ 80.886362182469767, 26.85146720643036 ], [ 80.886495291393459, 26.851392983169074 ], [ 80.886528568624371, 26.852060990768216 ], [ 80.88704436570363, 26.851912544975818 ], [ 80.88736049939736, 26.851868011200136 ], [ 80.887809742014795, 26.85166018668189 ], [ 80.888092598477598, 26.851511740363758 ], [ 80.888375454940416, 26.851675031302985 ], [ 80.888525202479556, 26.852669616481254 ], [ 80.889540158022612, 26.852595394008567 ], [ 80.889972762024584, 26.85315948358009 ], [ 80.8902888957183, 26.852832905749811 ], [ 80.89047192048838, 26.853070416992573 ], [ 80.890588390796594, 26.853411838530707 ], [ 80.890754776951184, 26.853545437982639 ], [ 80.890887885874861, 26.85315948358009 ], [ 80.891341288146165, 26.853293083329923 ], [ 80.891374565377077, 26.853797792072577 ], [ 80.892189857534618, 26.853842325088856 ], [ 80.893071704153982, 26.854035301290228 ], [ 80.893204813077659, 26.854035301290228 ], [ 80.893404476463175, 26.854243121446739 ], [ 80.893753887387845, 26.854228277162502 ], [ 80.893970189388824, 26.854747825952163 ], [ 80.89436951615987, 26.85485173542385 ], [ 80.894569179545385, 26.85485173542385 ], [ 80.895667328165743, 26.854658760614772 ], [ 80.896133209398613, 26.854747825952163 ], [ 80.896149848014062, 26.854836891219446 ], [ 80.896282956937753, 26.854940800609338 ], [ 80.896599090631483, 26.854940800609338 ], [ 80.896748838170623, 26.855000177360726 ], [ 80.897131526326206, 26.855890824892647 ], [ 80.897414382789023, 26.855816604532741 ], [ 80.898129843253813, 26.855742384124156 ], [ 80.89882866510311, 26.855608787266018 ], [ 80.898945135411353, 26.855786916375155 ], [ 80.899327823566921, 26.855668163666884 ], [ 80.899510848336973, 26.855549410833994 ], [ 80.89934446218237, 26.8552376840547 ], [ 80.899111521565942, 26.854747825952163 ], [ 80.898911858180412, 26.854361875650532 ], [ 80.898778749256749, 26.854005612665279 ], [ 80.89872883341036, 26.853842325088856 ], [ 80.898778749256749, 26.853708725987445 ], [ 80.898391901447297, 26.852847750217069 ], [ 80.898175599446304, 26.852432104397288 ], [ 80.898075767753568, 26.852432104397288 ], [ 80.89779291129075, 26.851927389563812 ], [ 80.897593247905206, 26.851971923316135 ], [ 80.897077450825961, 26.852105524467945 ], [ 80.896528376515789, 26.852328192703819 ], [ 80.89596266359014, 26.85252117148719 ], [ 80.895879470512838, 26.852714149941491 ], [ 80.895746361589175, 26.852758683384206 ], [ 80.895613252665484, 26.852699305456689 ], [ 80.895596614050021, 26.852461793435044 ], [ 80.895480143741807, 26.852239125462049 ], [ 80.89519728727899, 26.85180863280528 ], [ 80.894847876354333, 26.850814040060417 ], [ 80.894947708047084, 26.850665592632453 ], [ 80.894315440659625, 26.848988123165238 ], [ 80.894182331735934, 26.849032658074126 ], [ 80.894049222812257, 26.849092037925374 ], [ 80.893982668350418, 26.848943588238832 ], [ 80.893616618810299, 26.849047503039856 ], [ 80.892901158345524, 26.849270177292233 ], [ 80.892551747420868, 26.849433471465549 ], [ 80.892634940498169, 26.849774903975757 ], [ 80.893317123732018, 26.849581920509589 ], [ 80.893866198042204, 26.849433471465549 ], [ 80.893932752504028, 26.849492851106532 ], [ 80.893966029734955, 26.849537385816827 ], [ 80.894232247582309, 26.850368697192369 ], [ 80.894498465429663, 26.851007021425701 ], [ 80.894698128815179, 26.851482051076761 ], [ 80.895230564509902, 26.852714149941491 ], [ 80.895147371432614, 26.852758683384206 ], [ 80.894914430816172, 26.852818061280569 ], [ 80.894431910967839, 26.852818061280569 ], [ 80.894149054505007, 26.852328192703819 ], [ 80.893882836657653, 26.851853166604332 ], [ 80.893799643580351, 26.85180863280528 ], [ 80.893450232655695, 26.851719565154607 ], [ 80.893217292039267, 26.851793788201714 ], [ 80.892867881114611, 26.851897700385866 ], [ 80.892485192959015, 26.852001612474613 ], [ 80.891936118648857, 26.852253970007208 ], [ 80.891387044338657, 26.850858574250843 ], [ 80.891786371109717, 26.850621058366087 ], [ 80.891786371109717, 26.850561679317018 ], [ 80.891636623570562, 26.85035385239993 ], [ 80.891387044338657, 26.849760059105421 ], [ 80.891337128492296, 26.849448316378719 ], [ 80.891270574030443, 26.848973278191714 ], [ 80.892318806804411, 26.848735758350564 ], [ 80.893017628653737, 26.848646688281626 ], [ 80.894648212968818, 26.848112266396111 ], [ 80.895164010048063, 26.847889589865769 ], [ 80.89554669820366, 26.847845054507125 ], [ 80.895746361589175, 26.847904434981416 ], [ 80.895929386359214, 26.848023195836539 ], [ 80.896029218051993, 26.848201336885595 ], [ 80.896162326975656, 26.848438857848208 ], [ 80.896278797283884, 26.848616998243074 ], [ 80.896495099284863, 26.848750603355235 ], [ 80.896861148824968, 26.848973278191714 ], [ 80.897360307288778, 26.848958433216254 ], [ 80.898042490522627, 26.848943588238832 ], [ 80.898258792523606, 26.848899053294897 ], [ 80.895812916051, 26.845766718282128 ], [ 80.89483123773887, 26.845855790617275 ], [ 80.894282163428684, 26.846019089716343 ], [ 80.893849559426727, 26.846568366775308 ], [ 80.89012250956371, 26.847859899628624 ], [ 80.889174108482479, 26.847785674001688 ], [ 80.887926212323009, 26.84836463260093 ], [ 80.887310583550985, 26.848750603355235 ], [ 80.886927895395402, 26.84879513835758 ], [ 80.885580167543139, 26.849641300072676 ], [ 80.88459848923101, 26.850428076342698 ], [ 80.883816474304396, 26.850932797862615 ] ] ] } },
{ "type": "Feature", "properties": { "id": 44, "Zone": 2, "Ward Num": 97, "Ward Name": "Bhawani Ganj" }, "geometry": { "type": "Polygon", "coordinates": [ [ [ 80.891907001071786, 26.852268814550431 ], [ 80.892441516593422, 26.852009034763018 ], [ 80.892865801287655, 26.851912544975807 ], [ 80.893215212212326, 26.851793788201714 ], [ 80.893464791444231, 26.851712142847219 ], [ 80.893822521676626, 26.851801210503744 ], [ 80.893905714753913, 26.851860588902468 ], [ 80.89443815044865, 26.852810639045241 ], [ 80.894928989604693, 26.852803216809416 ], [ 80.895161930221136, 26.85275868338422 ], [ 80.895236803990713, 26.852721572183167 ], [ 80.894679410372788, 26.851474628753802 ], [ 80.894479746987287, 26.850992176716975 ], [ 80.894221848447657, 26.850361274796398 ], [ 80.89393899198484, 26.849529963366329 ], [ 80.893905714753913, 26.849470583744822 ], [ 80.893872437522987, 26.849426049008244 ], [ 80.893315043905076, 26.84958934295668 ], [ 80.892641179978952, 26.849782326410185 ], [ 80.892549667593926, 26.849448316378719 ], [ 80.892924036441784, 26.849240487417237 ], [ 80.893614538983357, 26.849047503039856 ], [ 80.893980588523476, 26.848936165749393 ], [ 80.894030504369866, 26.849084615445676 ], [ 80.894171932601282, 26.849032658074126 ], [ 80.894329999448146, 26.848988123165238 ], [ 80.894945628220157, 26.850658170255947 ], [ 80.89485411583513, 26.850858574250857 ], [ 80.895211846067525, 26.851801210503744 ], [ 80.895486383222604, 26.852239125462049 ], [ 80.895629891280933, 26.852461793435044 ], [ 80.89564652989641, 26.852721572183167 ], [ 80.895746361589175, 26.852751261144974 ], [ 80.895879470512838, 26.852714149941502 ], [ 80.895954344282416, 26.852506326977085 ], [ 80.896503418592602, 26.852328192703833 ], [ 80.897060812210498, 26.852105524467959 ], [ 80.897609886520684, 26.8519645010253 ], [ 80.897801230598475, 26.851927389563812 ], [ 80.898084087061278, 26.852439526657474 ], [ 80.898213036331114, 26.852446948917152 ], [ 80.898412699716616, 26.852847750217069 ], [ 80.898762110641272, 26.853738414690266 ], [ 80.898745472025823, 26.853842325088856 ], [ 80.899044967104089, 26.853723570339838 ], [ 80.899560764183363, 26.853693881633099 ], [ 80.900076561262608, 26.853708725987435 ], [ 80.900542442495492, 26.853679037276816 ], [ 80.901058239574752, 26.853530593606866 ], [ 80.901757061424064, 26.85339699413743 ], [ 80.900858576189236, 26.852298503631012 ], [ 80.899960090954394, 26.851021866132481 ], [ 80.898579085871219, 26.849166262695658 ], [ 80.898379422485689, 26.848899053294907 ], [ 80.898046650176511, 26.848928743259467 ], [ 80.897314551096272, 26.848928743259467 ], [ 80.896798754016999, 26.848973278191714 ], [ 80.896449343092357, 26.848706068335371 ], [ 80.896199763860452, 26.84860215322087 ], [ 80.896133209398613, 26.848394322705687 ], [ 80.896000100474936, 26.848186491808878 ], [ 80.895883630166722, 26.848008350736464 ], [ 80.895717244012118, 26.847874744748161 ], [ 80.895484303395662, 26.847845054507125 ], [ 80.895184808317396, 26.847889589865769 ], [ 80.894669011238122, 26.848112266396111 ], [ 80.893055065538519, 26.848676378312401 ], [ 80.892289689227354, 26.84876544835797 ], [ 80.891258095068864, 26.849032658074126 ], [ 80.891324649530688, 26.849478006199213 ], [ 80.891374565377077, 26.849774903975757 ], [ 80.891640783224432, 26.850398386771435 ], [ 80.891790530763572, 26.850591368845457 ], [ 80.8913579267616, 26.850873418977102 ], [ 80.891907001071786, 26.852268814550431 ] ] ] } },
{ "type": "Feature", "properties": { "id": 45, "Zone": 2, "Ward Num": 39, "Ward Name": "Aish Bagh" }, "geometry": { "type": "Polygon", "coordinates": [ [ [ 80.901761221077933, 26.853367305345021 ], [ 80.902709622159151, 26.853129794725366 ], [ 80.903158864776572, 26.853040728114479 ], [ 80.903524914316691, 26.852907128066715 ], [ 80.903757854933119, 26.853085261428674 ], [ 80.904623062937034, 26.852788372336292 ], [ 80.90482272632255, 26.853174328004524 ], [ 80.906719528484999, 26.852654771990601 ], [ 80.90743498894976, 26.854851735423839 ], [ 80.90805061772177, 26.854510318230009 ], [ 80.909082211880303, 26.854198588588176 ], [ 80.908932464341163, 26.853738414690266 ], [ 80.908533137570117, 26.852936816979849 ], [ 80.908150449414549, 26.851853166604347 ], [ 80.907867592951732, 26.850784350590409 ], [ 80.90778439987443, 26.850220249180289 ], [ 80.907767761258967, 26.849507696011919 ], [ 80.907767761258967, 26.849017813106453 ], [ 80.908083894952696, 26.848067731125084 ], [ 80.908117172183637, 26.847102795950157 ], [ 80.90820036526091, 26.846434759087355 ], [ 80.908283558338212, 26.845588573401589 ], [ 80.908300196953675, 26.845232282799451 ], [ 80.908283558338212, 26.844772072445362 ], [ 80.907601375104363, 26.845187746395332 ], [ 80.907451627565237, 26.845306510100706 ], [ 80.906985746332339, 26.845529191712426 ], [ 80.906686251254087, 26.845603418818992 ], [ 80.906020706635672, 26.845900326758567 ], [ 80.905188775862669, 26.846167543238352 ], [ 80.905005751092617, 26.846241769926344 ], [ 80.904806087707101, 26.846330841887685 ], [ 80.904456676782431, 26.846419913778956 ], [ 80.904040711395936, 26.846479295000865 ], [ 80.903491637085764, 26.846553521484438 ], [ 80.903242057853873, 26.846657438479674 ], [ 80.902410127080856, 26.846939498414436 ], [ 80.902027438925273, 26.847132486385885 ], [ 80.901794498308846, 26.847355164405641 ], [ 80.901544919076954, 26.847622377451113 ], [ 80.901295339845035, 26.847830209383691 ], [ 80.900945928920393, 26.848067731125084 ], [ 80.900546602149362, 26.84826071717298 ], [ 80.900130636762853, 26.848483392973222 ], [ 80.899598201068144, 26.848706068335382 ], [ 80.898849463372443, 26.849017813106453 ], [ 80.898583245525089, 26.849166262695658 ], [ 80.899930973377352, 26.850962487293696 ], [ 80.900896013074018, 26.852328192703833 ], [ 80.901761221077933, 26.853367305345021 ] ] ] } },
{ "type": "Feature", "properties": { "id": 46, "Zone": 2, "Ward Num": 33, "Ward Name": "Rajendra Nagar" }, "geometry": { "type": "Polygon", "coordinates": [ [ [ 80.911806785161858, 26.84253037590565 ], [ 80.911706953469093, 26.842574913355179 ], [ 80.912073003009212, 26.843287510164679 ], [ 80.912788463473987, 26.844445470413937 ], [ 80.913953166556183, 26.846256615258103 ], [ 80.914851651791025, 26.847711448326081 ], [ 80.915583750871278, 26.848869363322539 ], [ 80.915833330103155, 26.849567075613948 ], [ 80.915999716257758, 26.85038354198289 ], [ 80.916066270719597, 26.851155468405842 ], [ 80.91608290933506, 26.851853166604332 ], [ 80.91608290933506, 26.852313348168394 ], [ 80.916132825181435, 26.852313348168394 ], [ 80.916399043028804, 26.851467206430346 ], [ 80.917397359956396, 26.847919280095127 ], [ 80.917763409496501, 26.846776200643113 ], [ 80.919094498733315, 26.846419913778941 ], [ 80.919610295812561, 26.846390223156313 ], [ 80.920126092891806, 26.846226924592624 ], [ 80.920492142431954, 26.846048780436309 ], [ 80.921024578126648, 26.846004244353427 ], [ 80.920225924584571, 26.844623617093326 ], [ 80.920508781047403, 26.844519698231093 ], [ 80.920758360279308, 26.843955565600101 ], [ 80.920026261199069, 26.842975749612418 ], [ 80.919210969041529, 26.841788082501026 ], [ 80.919643573043487, 26.840244096630794 ], [ 80.920059538429982, 26.838833706522465 ], [ 80.920275840430961, 26.837942924771212 ], [ 80.920159370122747, 26.837645995963623 ], [ 80.919094498733315, 26.837957771191153 ], [ 80.918262567960298, 26.838418009243902 ], [ 80.915899884565007, 26.840036250771153 ], [ 80.914918206252864, 26.840689479331015 ], [ 80.913637032862439, 26.841431779938183 ], [ 80.913603755631527, 26.84158023947564 ], [ 80.911806785161858, 26.84253037590565 ] ] ] } },
{ "type": "Feature", "properties": { "id": 47, "Zone": 2, "Ward Num": 96, "Ward Name": "Basheerat Ganj" }, "geometry": { "type": "Polygon", "coordinates": [ [ [ 80.925150954760724, 26.846019089716329 ], [ 80.925533642916292, 26.846494140301456 ], [ 80.925783222148198, 26.846850426932008 ], [ 80.925783222148198, 26.847028569826751 ], [ 80.925749944917271, 26.847132486385885 ], [ 80.925600197378145, 26.847206712441135 ], [ 80.92555028153177, 26.847266093250287 ], [ 80.925583558762682, 26.847399699957013 ], [ 80.925899692456412, 26.847800519130963 ], [ 80.92631565784292, 26.847637222601797 ], [ 80.926282380612008, 26.84744423549088 ], [ 80.926032801380089, 26.847043415055321 ], [ 80.92601616276464, 26.846820736422291 ], [ 80.925916331071875, 26.846583212064232 ], [ 80.925333979530777, 26.845766718282128 ], [ 80.924901375528819, 26.845187746395332 ], [ 80.92433566260317, 26.844668153719383 ], [ 80.923819865523924, 26.844207941071989 ], [ 80.923420538752893, 26.843703189565595 ], [ 80.92288810305817, 26.84299059537247 ], [ 80.922355667363448, 26.842188921543976 ], [ 80.921939701976953, 26.841446625900698 ], [ 80.921706761360511, 26.840941862083472 ], [ 80.921440543513157, 26.840437096015993 ], [ 80.92110777120395, 26.839962020014532 ], [ 80.920808276125683, 26.839397864673881 ], [ 80.920525419662866, 26.838729782345879 ], [ 80.920292479046424, 26.838017156851453 ], [ 80.920026261199069, 26.838848552825613 ], [ 80.919643573043487, 26.840273788865314 ], [ 80.91916105319514, 26.841802928416822 ], [ 80.920359033508262, 26.843435967268793 ], [ 80.920824914741132, 26.843940719966582 ], [ 80.920458865201013, 26.844549389344326 ], [ 80.920225924584571, 26.844638462637302 ], [ 80.921057855357589, 26.846063625793384 ], [ 80.921257518743104, 26.846419913778941 ], [ 80.921490459359532, 26.846390223156313 ], [ 80.921640206898672, 26.846494140301456 ], [ 80.92177331582235, 26.846568366775308 ], [ 80.922289112901623, 26.846063625793384 ], [ 80.922505414902588, 26.846197233919387 ], [ 80.922771632749956, 26.846301151241686 ], [ 80.923187598136465, 26.846419913778941 ], [ 80.92325415259829, 26.846553521484438 ], [ 80.923853142754851, 26.846226924592624 ], [ 80.92483482106698, 26.845484655425125 ], [ 80.924967929990672, 26.845707336686427 ], [ 80.925150954760724, 26.846019089716329 ] ] ] } },
{ "type": "Feature", "properties": { "id": 48, "Zone": 2, "Ward Num": 3, "Ward Name": "Tilak Nagar" }, "geometry": { "type": "Polygon", "coordinates": [ [ [ 80.908258600415039, 26.844772072445362 ], [ 80.908291877645951, 26.845662800469196 ], [ 80.908225323184112, 26.84649414030147 ], [ 80.908125491491347, 26.847102795950146 ], [ 80.908108852875884, 26.848097421307713 ], [ 80.907742803335765, 26.849032658074115 ], [ 80.907776080566677, 26.849522540915345 ], [ 80.907809357797618, 26.84973036935892 ], [ 80.90834179349234, 26.849552230716348 ], [ 80.909007338110726, 26.849359246870527 ], [ 80.909489857959059, 26.849299867159441 ], [ 80.910504813502129, 26.849166262695643 ], [ 80.910887501657697, 26.849181107643854 ], [ 80.91095405611955, 26.849433471465549 ], [ 80.911070526427764, 26.849774903975757 ], [ 80.911419937352406, 26.84973036935892 ], [ 80.912218590894497, 26.849492851106532 ], [ 80.91275102658922, 26.849374091793432 ], [ 80.913067160282949, 26.849299867159441 ], [ 80.913117076129339, 26.849448316378719 ], [ 80.913233546437553, 26.849685834724564 ], [ 80.913483125669458, 26.849611610295032 ], [ 80.913749343516812, 26.849403781633377 ], [ 80.914248501980609, 26.849032658074115 ], [ 80.914531358443412, 26.849121727839325 ], [ 80.914880769368082, 26.849106882883326 ], [ 80.915063794138149, 26.848958433216254 ], [ 80.915429843678254, 26.848706068335371 ], [ 80.914847492137156, 26.847770828870459 ], [ 80.913932368286865, 26.846271460587914 ], [ 80.91275102658922, 26.844460315981262 ], [ 80.912002288893518, 26.843302355883853 ], [ 80.911719432430687, 26.842634296593943 ], [ 80.909722798575515, 26.84377741786945 ], [ 80.908258600415039, 26.844772072445362 ] ] ] } },
{ "type": "Feature", "properties": { "id": 49, "Zone": 2, "Ward Num": 106, "Ward Name": "Kundri Rakab Ganj" }, "geometry": { "type": "Polygon", "coordinates": [ [ [ 80.901765380731803, 26.853367305345021 ], [ 80.905143019670163, 26.857716630416469 ], [ 80.906524024753338, 26.857048656203482 ], [ 80.907788559528299, 26.856499430007478 ], [ 80.909053094303246, 26.855935357085215 ], [ 80.910450738001884, 26.855356437214738 ], [ 80.911515609391316, 26.854777514382373 ], [ 80.91244737185707, 26.854376719917237 ], [ 80.913196109552771, 26.854183744298098 ], [ 80.913661990785641, 26.853961079713258 ], [ 80.913678629401105, 26.853782947729918 ], [ 80.913961485863922, 26.85351574922916 ], [ 80.914726862175073, 26.852951661433494 ], [ 80.916091228642799, 26.852313348168394 ], [ 80.916057951411858, 26.851868011200125 ], [ 80.916024674180946, 26.851214847143385 ], [ 80.915958119719107, 26.850413231558047 ], [ 80.915775094949041, 26.84964130007269 ], [ 80.915608708794437, 26.848913898278155 ], [ 80.915458961255311, 26.848706068335371 ], [ 80.915042995868816, 26.848973278191714 ], [ 80.91485997109875, 26.849151417745489 ], [ 80.914510560174094, 26.849106882883326 ], [ 80.914277619557666, 26.849017813106439 ], [ 80.913778461093855, 26.849418626550442 ], [ 80.913429050169199, 26.849656144958598 ], [ 80.913246025399133, 26.849685834724578 ], [ 80.913129555090919, 26.849448316378719 ], [ 80.913029723398168, 26.849299867159456 ], [ 80.912763505550814, 26.849374091793432 ], [ 80.912197792625165, 26.849492851106532 ], [ 80.911399139083088, 26.84973036935892 ], [ 80.911066366773909, 26.849774903975757 ], [ 80.91096653508113, 26.849522540915345 ], [ 80.910883342003828, 26.849151417745489 ], [ 80.910500653848246, 26.849166262695658 ], [ 80.909535614151579, 26.849240487417237 ], [ 80.908986539841393, 26.849344401945675 ], [ 80.908337633838457, 26.849552230716363 ], [ 80.907755282297373, 26.849774903975757 ], [ 80.907771920912822, 26.850249938798285 ], [ 80.907821836759211, 26.850754661112603 ], [ 80.908137970452941, 26.851868011200125 ], [ 80.90850401999306, 26.852951661433494 ], [ 80.908919985379555, 26.853768103385313 ], [ 80.909053094303246, 26.854213432876318 ], [ 80.908004861529264, 26.854540006722544 ], [ 80.907439148603629, 26.854925956416626 ], [ 80.906723688138854, 26.85268446096994 ], [ 80.904843524591882, 26.853174328004524 ], [ 80.904610583975455, 26.852743838905244 ], [ 80.903778653202437, 26.853085261428674 ], [ 80.903529073970546, 26.852892283607233 ], [ 80.903196301661353, 26.853025883672512 ], [ 80.902680504582094, 26.85311495029509 ], [ 80.901765380731803, 26.853367305345021 ] ] ] } },
{ "type": "Feature", "properties": { "id": 50, "Zone": 1, "Ward Num": 94, "Ward Name": "Moulviya Ganj" }, "geometry": { "type": "Polygon", "coordinates": [ [ [ 80.925783222148198, 26.846850426932008 ], [ 80.925517004300843, 26.846464449698292 ], [ 80.925150954760724, 26.846019089716329 ], [ 80.925001207221584, 26.84569249128262 ], [ 80.924818182451517, 26.845484655425125 ], [ 80.9238697813703, 26.846226924592624 ], [ 80.92325415259829, 26.84653867619161 ], [ 80.9232042367519, 26.846434759087344 ], [ 80.922754994134493, 26.846315996565661 ], [ 80.922488776287139, 26.846197233919373 ], [ 80.922305751517072, 26.846078471148502 ], [ 80.921740038591437, 26.846553521484424 ], [ 80.92160692966776, 26.846494140301456 ], [ 80.921473820744069, 26.846390223156313 ], [ 80.921240880127627, 26.846419913778941 ], [ 80.920974662280287, 26.845974553621769 ], [ 80.920508781047403, 26.846078471148502 ], [ 80.920109454276357, 26.846256615258103 ], [ 80.919610295812561, 26.846405068468606 ], [ 80.91911113734875, 26.846405068468606 ], [ 80.917780048111979, 26.846791045904784 ], [ 80.916120346219842, 26.852313348168394 ], [ 80.916386564067196, 26.852150058150169 ], [ 80.917827884131412, 26.851452361781988 ], [ 80.920082416526228, 26.850390964377397 ], [ 80.922062411765978, 26.849448316378709 ], [ 80.923659718850118, 26.848676378312391 ], [ 80.924108961467553, 26.848639265772718 ], [ 80.924375179314893, 26.848520505563986 ], [ 80.92588929332176, 26.847800519130963 ], [ 80.925589798243479, 26.847414545136921 ], [ 80.925548201704814, 26.847243825450512 ], [ 80.925606436858928, 26.847191867233978 ], [ 80.925764503705807, 26.847132486385885 ], [ 80.925797780936719, 26.847013724596223 ], [ 80.925783222148198, 26.846850426932008 ] ] ] } },
{ "type": "Feature", "properties": { "id": 51, "Zone": 1, "Ward Num": 34, "Ward Name": "Rani Laxmi Bai" }, "geometry": { "type": "Polygon", "coordinates": [ [ [ 80.92624702355414, 26.842367071774184 ], [ 80.926929206788003, 26.843435967268782 ], [ 80.927029038480754, 26.843718035230257 ], [ 80.926945845403452, 26.844059484980178 ], [ 80.926829375095238, 26.844282169044874 ], [ 80.926513241401508, 26.844356396969097 ], [ 80.926230384938691, 26.844475161546626 ], [ 80.925897612629484, 26.844549389344312 ], [ 80.924899295701877, 26.84520259186532 ], [ 80.925381815550224, 26.845870635999646 ], [ 80.925947528475859, 26.846583212064232 ], [ 80.926014082937698, 26.846776200643113 ], [ 80.926030721553161, 26.847028569826751 ], [ 80.926197107707765, 26.847414545136921 ], [ 80.926330216631442, 26.847666912897349 ], [ 80.925897612629484, 26.84783020938368 ], [ 80.925198790780172, 26.848156801649615 ], [ 80.92435022139172, 26.848527928080678 ], [ 80.924067364928888, 26.848631843263316 ], [ 80.924117280775263, 26.848750603355235 ], [ 80.924300305545344, 26.849047503039856 ], [ 80.924267028314418, 26.849329557018876 ], [ 80.92435022139172, 26.849656144958587 ], [ 80.924766186778214, 26.850027266473464 ], [ 80.925198790780172, 26.850457765906178 ], [ 80.925831058167631, 26.850888263701389 ], [ 80.926063998784088, 26.851140623716582 ], [ 80.926479964170568, 26.851630497433831 ], [ 80.927012399865291, 26.852253970007208 ], [ 80.92763218829117, 26.852788372336281 ], [ 80.927931683369451, 26.852818061280569 ], [ 80.928746975526991, 26.853411838530707 ], [ 80.929545629069068, 26.854168900006076 ], [ 80.930377559842071, 26.85356028235643 ], [ 80.931409154000576, 26.854762670168235 ], [ 80.932024782772601, 26.855400969617616 ], [ 80.932840074930141, 26.856187705845393 ], [ 80.931758564925246, 26.856989280527021 ], [ 80.932457386774558, 26.857746318067733 ], [ 80.932956545238355, 26.857657255090555 ], [ 80.933721921549505, 26.857523660493335 ], [ 80.934404104783368, 26.85700412444907 ], [ 80.935069649401768, 26.856336146029683 ], [ 80.935984773252073, 26.855237684054671 ], [ 80.936567124793157, 26.854376719917227 ], [ 80.937282585257933, 26.853604815466177 ], [ 80.937748466490817, 26.85299619478274 ], [ 80.938430649724665, 26.852446948917141 ], [ 80.938463926955578, 26.852328192703819 ], [ 80.938164431877311, 26.852343037237311 ], [ 80.937432332797087, 26.85268446096994 ], [ 80.936833342640512, 26.85299619478274 ], [ 80.936317545561266, 26.853411838530707 ], [ 80.935581286827158, 26.853946235392012 ], [ 80.935115405594289, 26.854332187111257 ], [ 80.934666162976853, 26.853946235392012 ], [ 80.93438330651405, 26.853782947729918 ], [ 80.934483138206815, 26.85326339451025 ], [ 80.933967341127541, 26.852773527861224 ], [ 80.933484821279208, 26.852313348168394 ], [ 80.932969024199949, 26.851853166604332 ], [ 80.932802638045345, 26.851868011200125 ], [ 80.932602974659844, 26.851897700385855 ], [ 80.932469865736152, 26.852001612474602 ], [ 80.93203726173418, 26.851600808177992 ], [ 80.931588019116774, 26.851229691822891 ], [ 80.931355078500332, 26.851214847143375 ], [ 80.931305162653942, 26.851066400241116 ], [ 80.931188692345728, 26.850799195326374 ], [ 80.930972390344778, 26.850591368845432 ], [ 80.930789365574711, 26.850279628408479 ], [ 80.930672895266497, 26.849863973156836 ], [ 80.930373400188188, 26.849092037925374 ], [ 80.930073905109907, 26.848483392973193 ], [ 80.929924157570781, 26.84820133688558 ], [ 80.929807687262567, 26.847978660530462 ], [ 80.929558108030662, 26.847696603185106 ], [ 80.929558108030662, 26.847533306506023 ], [ 80.929441637722448, 26.84729578364319 ], [ 80.92880937033496, 26.84665743847966 ], [ 80.928609706949445, 26.846360532525885 ], [ 80.928726177257658, 26.846301151241686 ], [ 80.928842647565901, 26.846301151241686 ], [ 80.929025672335939, 26.846256615258103 ], [ 80.929125504028718, 26.846093316501673 ], [ 80.929009033720504, 26.845959708253012 ], [ 80.928676261411297, 26.845811254458457 ], [ 80.928459959410318, 26.845529191712412 ], [ 80.928376766333017, 26.84544011912029 ], [ 80.927927523715596, 26.84558857340156 ], [ 80.927594751406389, 26.845603418818992 ], [ 80.927494919713638, 26.845677645876883 ], [ 80.927361810789961, 26.84544011912029 ], [ 80.927445003867263, 26.844890836586799 ], [ 80.927445003867263, 26.844326705805251 ], [ 80.927428365251799, 26.843866491769813 ], [ 80.927428365251799, 26.843539887125829 ], [ 80.926529880016957, 26.842485838438616 ], [ 80.926413409708744, 26.842233459127797 ], [ 80.92624702355414, 26.842367071774184 ] ] ] } },
{ "type": "Feature", "properties": { "id": 52, "Zone": 1, "Ward Num": 100, "Ward Name": "Nazer Bagh" }, "geometry": { "type": "Polygon", "coordinates": [ [ [ 80.929994871686503, 26.842203767407192 ], [ 80.930514828419618, 26.842715948496387 ], [ 80.930614660112369, 26.842998018251759 ], [ 80.930731130420597, 26.843332047316352 ], [ 80.930822642805623, 26.844007525302068 ], [ 80.930864239344288, 26.844861145563129 ], [ 80.930739449728321, 26.845373314630198 ], [ 80.930390038803665, 26.845685068580007 ], [ 80.9302902071109, 26.845900326758553 ], [ 80.930248610572264, 26.846160120566868 ], [ 80.930248610572264, 26.846367955184228 ], [ 80.930165417494962, 26.846419913778956 ], [ 80.930048947186748, 26.846367955184228 ], [ 80.929816006570292, 26.846241769926344 ], [ 80.929558108030662, 26.846041357757052 ], [ 80.929300209491032, 26.846004244353427 ], [ 80.928984075797302, 26.845944862882337 ], [ 80.92911718472098, 26.84610073917753 ], [ 80.928992395105027, 26.846271460587914 ], [ 80.928826008950423, 26.846323419226927 ], [ 80.92870953864221, 26.846308573903922 ], [ 80.928634664872632, 26.846390223156313 ], [ 80.928801051027236, 26.846687129032215 ], [ 80.929000714412751, 26.846865272183937 ], [ 80.929483234261085, 26.84732547402831 ], [ 80.929516511492025, 26.847622377451103 ], [ 80.930198694725874, 26.847117641168992 ], [ 80.931246927499842, 26.846508985600124 ], [ 80.931729447348175, 26.846108161852907 ], [ 80.932278521658361, 26.845633109647988 ], [ 80.933093813815901, 26.844994755108374 ], [ 80.933842551511603, 26.844430624844669 ], [ 80.934458180283627, 26.844044639360302 ], [ 80.934641205053666, 26.844207941071989 ], [ 80.935023893209248, 26.844490007110071 ], [ 80.935423219980294, 26.844668153719383 ], [ 80.937070442910823, 26.84107547625408 ], [ 80.936983090179666, 26.841016092197723 ], [ 80.935835025712919, 26.840570710782256 ], [ 80.9353525058646, 26.840407403824294 ], [ 80.934104609705088, 26.840006558474343 ], [ 80.932756881852839, 26.840570710782256 ], [ 80.931409154000576, 26.841298166188043 ], [ 80.93086007969039, 26.841684161036028 ], [ 80.930028148917415, 26.842174075678798 ], [ 80.929994871686503, 26.842203767407192 ] ] ] } },
{ "type": "Feature", "properties": { "id": 53, "Zone": 1, "Ward Num": 23, "Ward Name": "Jagdish Chandra Bose" }, "geometry": { "type": "Polygon", "coordinates": [ [ [ 80.934435302187353, 26.84402237092683 ], [ 80.93308757433509, 26.844979909611137 ], [ 80.932280601485303, 26.845640532354025 ], [ 80.931273965249972, 26.846516408248732 ], [ 80.93019037541815, 26.847117641168992 ], [ 80.929583065953864, 26.847607532298458 ], [ 80.929574746646125, 26.847718870895839 ], [ 80.929816006570292, 26.847978660530476 ], [ 80.929915838263057, 26.848186491808878 ], [ 80.930048947186748, 26.848468547933489 ], [ 80.930383799322854, 26.849069770484821 ], [ 80.930666655785686, 26.849834283437602 ], [ 80.930791445401638, 26.85027962840849 ], [ 80.930974470171691, 26.850576524082204 ], [ 80.931215730095872, 26.850784350590409 ], [ 80.931290603865421, 26.851058977890894 ], [ 80.931323881096361, 26.85122226948338 ], [ 80.931606737559179, 26.851214847143385 ], [ 80.932039341561122, 26.851571118914375 ], [ 80.932455306947631, 26.852009034763032 ], [ 80.932613373794496, 26.851875433497295 ], [ 80.932779759949085, 26.851853166604347 ], [ 80.93299814177702, 26.851845744305724 ], [ 80.933247721008911, 26.852120369030647 ], [ 80.933904946319572, 26.852743838905255 ], [ 80.934478978552931, 26.853263394510265 ], [ 80.934387466167905, 26.853768103385327 ], [ 80.934703599861649, 26.853953657552879 ], [ 80.935127884555882, 26.854324764975225 ], [ 80.93556048855784, 26.853961079713258 ], [ 80.935926538097945, 26.853686459455211 ], [ 80.936325864868991, 26.853411838530707 ], [ 80.936558805485447, 26.853181750215999 ], [ 80.935851664328382, 26.852298503631012 ], [ 80.93596813463661, 26.852209436365886 ], [ 80.936184436637575, 26.852075835336731 ], [ 80.936201075253052, 26.851979345606487 ], [ 80.936051327713912, 26.851741832073838 ], [ 80.935726874712429, 26.851474628753802 ], [ 80.935710236096966, 26.851303915191274 ], [ 80.935785109866544, 26.851237114161929 ], [ 80.936375780715366, 26.850806617693646 ], [ 80.936259310407152, 26.850569101699858 ], [ 80.936092924252563, 26.850465188295839 ], [ 80.935718555404705, 26.85020540436836 ], [ 80.935726874712429, 26.850004999216889 ], [ 80.936159478714387, 26.849129150316603 ], [ 80.936600402024084, 26.848431435325676 ], [ 80.937016367410578, 26.84840174523065 ], [ 80.937548803105301, 26.848475970453602 ], [ 80.939389449940549, 26.848542773112612 ], [ 80.939456004402388, 26.848468547933489 ], [ 80.939522558864226, 26.848386900180216 ], [ 80.939688945018844, 26.848275562239941 ], [ 80.939655667787903, 26.848149379108587 ], [ 80.939331214786435, 26.848008350736464 ], [ 80.938549199859821, 26.847904434981416 ], [ 80.935911979309424, 26.847525883924114 ], [ 80.937051724468432, 26.846605479993965 ], [ 80.937983486934186, 26.845833522540055 ], [ 80.938665670168035, 26.845432696401122 ], [ 80.940021717328008, 26.844549389344326 ], [ 80.941901880874994, 26.843450812968491 ], [ 80.940943080659125, 26.842767908767289 ], [ 80.940102830578397, 26.84221119033808 ], [ 80.939096194343065, 26.841736121780453 ], [ 80.938405691801478, 26.841476317819872 ], [ 80.937082921872417, 26.84106805324874 ], [ 80.935416980499483, 26.844660730949595 ], [ 80.935042611651653, 26.844490007110071 ], [ 80.934651604188332, 26.844193095471574 ], [ 80.934435302187353, 26.84402237092683 ] ] ] } },
{ "type": "Feature", "properties": { "id": 54, "Zone": 1, "Ward Num": 17, "Ward Name": "Hazarat Ganj" }, "geometry": { "type": "Polygon", "coordinates": [ [ [ 80.93671479250537, 26.848424012802635 ], [ 80.936619298747772, 26.84840288812136 ], [ 80.936463126493251, 26.848646728666374 ], [ 80.936020638438777, 26.849389858515977 ], [ 80.935721308284272, 26.850016870531451 ], [ 80.935734322638822, 26.850214262484084 ], [ 80.936098724566037, 26.850481321636764 ], [ 80.936254896820557, 26.850539377890904 ], [ 80.936345997302368, 26.85074838015926 ], [ 80.936359011656904, 26.850841269932431 ], [ 80.935799394411518, 26.851259272968178 ], [ 80.935734322638822, 26.851317328823274 ], [ 80.93575384417062, 26.851503107359417 ], [ 80.936066188679661, 26.851781774591831 ], [ 80.936222360934181, 26.851967552365583 ], [ 80.936222360934181, 26.852083663319284 ], [ 80.935857959006967, 26.852315884869348 ], [ 80.936586762861396, 26.853175100461261 ], [ 80.93687307866135, 26.852989324669835 ], [ 80.937445710261272, 26.852664216300969 ], [ 80.938174514115701, 26.852315884869348 ], [ 80.938460829915684, 26.852315884869348 ], [ 80.938460829915684, 26.852455217570661 ], [ 80.937758054770327, 26.853082212603663 ], [ 80.937315566715853, 26.853593094876917 ], [ 80.936638820279569, 26.854359413962303 ], [ 80.9359881025524, 26.855357943165689 ], [ 80.93507709773435, 26.856356463557667 ], [ 80.934478437425341, 26.856983436974716 ], [ 80.933983891952678, 26.857424638407792 ], [ 80.933645518734565, 26.857540743762154 ], [ 80.932968772298295, 26.857656848997348 ], [ 80.932480734002908, 26.857703291058066 ], [ 80.933313652693712, 26.859166206212631 ], [ 80.934667145566252, 26.85835347790648 ], [ 80.93599460972969, 26.858307036112649 ], [ 80.936801499711393, 26.858562465742818 ], [ 80.938701595474754, 26.859607399133896 ], [ 80.939846858674585, 26.859886046408214 ], [ 80.942007241528799, 26.860420118432309 ], [ 80.94437585405575, 26.860768424915776 ], [ 80.945963605310055, 26.860930967574397 ], [ 80.948540447509671, 26.861465034665528 ], [ 80.951039203582056, 26.862022319376813 ], [ 80.955490112835946, 26.862370620927212 ], [ 80.955516141545033, 26.861372153613402 ], [ 80.955824242361089, 26.861115815868523 ], [ 80.955541385898286, 26.860937695149104 ], [ 80.955191974973616, 26.860878321513642 ], [ 80.954139582545778, 26.86010646141693 ], [ 80.953607146851056, 26.859037723358377 ], [ 80.953074711156347, 26.857879912402051 ], [ 80.951543958534032, 26.855564254944905 ], [ 80.950895052531095, 26.85482204701308 ], [ 80.950063121758078, 26.854035301290214 ], [ 80.949214552369625, 26.853100105862843 ], [ 80.948732032521306, 26.852313348168384 ], [ 80.947912580709897, 26.850962487293682 ], [ 80.947663001478006, 26.850235093990246 ], [ 80.9474134222461, 26.849448316378709 ], [ 80.947147204398732, 26.849017813106439 ], [ 80.946781154858613, 26.848394322705676 ], [ 80.946348550856669, 26.847414545136907 ], [ 80.945666367622806, 26.847177022024862 ], [ 80.945816115161946, 26.846820736422277 ], [ 80.945017461619869, 26.846286305915779 ], [ 80.944069060538666, 26.845217437333346 ], [ 80.942920996071933, 26.844341551388158 ], [ 80.9418894019134, 26.843435967268782 ], [ 80.94060822852299, 26.844163404264883 ], [ 80.938944366976997, 26.845232282799426 ], [ 80.937995965895766, 26.845840945232936 ], [ 80.937047564814577, 26.846627747919335 ], [ 80.935916138963293, 26.847548151668409 ], [ 80.938545040205966, 26.847904434981416 ], [ 80.93932705513258, 26.847993505634442 ], [ 80.939693104672699, 26.848112266396111 ], [ 80.939693104672699, 26.848290407304965 ], [ 80.939543357133545, 26.848349787545626 ], [ 80.939393609594418, 26.848468547933475 ], [ 80.939376970978955, 26.8485576181426 ], [ 80.937513446047447, 26.84845370289182 ], [ 80.936997648968187, 26.848409167755129 ], [ 80.93671479250537, 26.848424012802635 ] ] ] } },
{ "type": "Feature", "properties": { "id": 55, "Zone": 1, "Ward Num": 29, "Ward Name": "Raja Ram Mohan Rai" }, "geometry": { "type": "Polygon", "coordinates": [ [ [ 80.955620256381337, 26.848321607822943 ], [ 80.955548677431338, 26.84885573442974 ], [ 80.955561691785888, 26.849343413043325 ], [ 80.954969538654169, 26.851166383538104 ], [ 80.954474993181506, 26.852153329834344 ], [ 80.95377221803615, 26.852861603636303 ], [ 80.953212600790778, 26.85382531332959 ], [ 80.952679012254492, 26.854661295813521 ], [ 80.951937194045499, 26.855230224805524 ], [ 80.951546763409212, 26.855566936534995 ], [ 80.953082457245358, 26.857900669603438 ], [ 80.954191930970183, 26.860141472473426 ], [ 80.95522006497913, 26.860861306463583 ], [ 80.955480352069998, 26.860907747208888 ], [ 80.95581872528814, 26.861128340488751 ], [ 80.956092026733543, 26.861070289667328 ], [ 80.956534514788032, 26.860977408291102 ], [ 80.957003031551594, 26.86094257775536 ], [ 80.957888007660557, 26.860896137024355 ], [ 80.958746955060434, 26.860872916651694 ], [ 80.959254514887633, 26.860872916651694 ], [ 80.960061404869336, 26.860919357392241 ], [ 80.960308677605653, 26.860919357392241 ], [ 80.961128581941921, 26.860896137024355 ], [ 80.961779299669089, 26.860814865699208 ], [ 80.962469060459895, 26.860745204516896 ], [ 80.962872505450761, 26.860571051373466 ], [ 80.963223893023425, 26.860420118432309 ], [ 80.96360130930519, 26.860362067247475 ], [ 80.964291070095996, 26.860141472473426 ], [ 80.965006859595888, 26.859723502248269 ], [ 80.965644562968521, 26.859247478722139 ], [ 80.965904850059403, 26.858968829875035 ], [ 80.966048007959387, 26.858759842789333 ], [ 80.966191165859371, 26.858597297011336 ], [ 80.966959012777437, 26.857714901570262 ], [ 80.967323414704637, 26.857157595640658 ], [ 80.967440543895549, 26.856414516797784 ], [ 80.967375472122825, 26.855892036564459 ], [ 80.967128199386494, 26.855392775420714 ], [ 80.966815854877453, 26.854916733673974 ], [ 80.966360352468413, 26.854684517461024 ], [ 80.965800735223041, 26.854220083605501 ], [ 80.965319204104944, 26.853720815084856 ], [ 80.965084945723149, 26.853326043067234 ], [ 80.964811644277745, 26.853337654028589 ], [ 80.963015663350717, 26.851746941225304 ], [ 80.961779299669089, 26.850725157704066 ], [ 80.960777194369243, 26.849796255588743 ], [ 80.959862935962548, 26.848716397297036 ], [ 80.958743701471803, 26.847392685981642 ], [ 80.958509443090009, 26.847473966947085 ], [ 80.957728581817406, 26.847659751791809 ], [ 80.955620256381337, 26.848321607822943 ] ] ] } },
{ "type": "Feature", "properties": { "id": 56, "Zone": 6, "Ward Num": 108, "Ward Name": "Maulana Kalbey Abid 2nd" }, "geometry": { "type": "Polygon", "coordinates": [ [ [ 80.883589057571328, 26.855404386170026 ], [ 80.884291832716684, 26.856426127442255 ], [ 80.88332877048046, 26.856867331048491 ], [ 80.883719201116776, 26.857413027865828 ], [ 80.88482542125297, 26.858968829875046 ], [ 80.885254894952922, 26.859514516556615 ], [ 80.885424081561979, 26.85946807523937 ], [ 80.88574944042557, 26.859363582205887 ], [ 80.886022741870988, 26.859235868367225 ], [ 80.886230971543696, 26.859084933644741 ], [ 80.886387143798203, 26.859177816574718 ], [ 80.886777574434518, 26.85949129590038 ], [ 80.887128962007196, 26.859142985484919 ], [ 80.887597478770758, 26.858910777945518 ], [ 80.88807900988887, 26.858690180341654 ], [ 80.88817011037068, 26.858492803173604 ], [ 80.888300253916114, 26.858388309239359 ], [ 80.888625612779705, 26.858063216382277 ], [ 80.888872885516022, 26.857935501075715 ], [ 80.889107143897803, 26.857854227623747 ], [ 80.888716713261502, 26.857157595640668 ], [ 80.8888598711615, 26.857111153355962 ], [ 80.88884685680695, 26.857018268729352 ], [ 80.88876877067969, 26.856925384026507 ], [ 80.888625612779705, 26.856623508215606 ], [ 80.888833842452399, 26.856542233821212 ], [ 80.888612598425155, 26.856101028947307 ], [ 80.886985804107198, 26.856890552243271 ], [ 80.886257000252769, 26.855485661381707 ], [ 80.885983698807351, 26.855624990180203 ], [ 80.88567135429831, 26.855230224805538 ], [ 80.885398052852892, 26.854870290469517 ], [ 80.883589057571328, 26.855404386170026 ] ] ] } },
{ "type": "Feature", "properties": { "id": 58, "Zone": 6, "Ward Num": 105, "Ward Name": "Gadi Peer Khan" }, "geometry": { "type": "Polygon", "coordinates": [ [ [ 80.892708866517751, 26.865006067899863 ], [ 80.892071163145133, 26.865296311610134 ], [ 80.891329344936139, 26.865540115751166 ], [ 80.890353268345379, 26.865841967769089 ], [ 80.890509440599899, 26.866654642274785 ], [ 80.890366282699901, 26.866840395627612 ], [ 80.890405325763538, 26.867490529959994 ], [ 80.88914293337281, 26.868163879435755 ], [ 80.888700445318335, 26.867548577486502 ], [ 80.888557287418351, 26.867130634630652 ], [ 80.888479201291076, 26.866759128573293 ], [ 80.888362072100207, 26.866422450154726 ], [ 80.888290493150194, 26.866445669388185 ], [ 80.888134320895674, 26.866376011673516 ], [ 80.887769918968459, 26.866074161080864 ], [ 80.887431545750317, 26.865679432167227 ], [ 80.887145229950363, 26.865377579715528 ], [ 80.886910971568582, 26.865586554575582 ], [ 80.88649451222318, 26.86586518712172 ], [ 80.886416426095934, 26.865540115751166 ], [ 80.886260253841414, 26.865145384973736 ], [ 80.886078052877792, 26.864704213651109 ], [ 80.886650684477701, 26.864495237160856 ], [ 80.886546569641368, 26.864425578244965 ], [ 80.886312311259573, 26.864193381548855 ], [ 80.886052024168691, 26.863775426294655 ], [ 80.885843794495997, 26.863380689358767 ], [ 80.885635564823318, 26.863032390918438 ], [ 80.885557478696057, 26.862846631311751 ], [ 80.88566159353239, 26.862753751394013 ], [ 80.885791737077824, 26.862335790820449 ], [ 80.885895851914185, 26.861917828702573 ], [ 80.885817765786925, 26.861592745987693 ], [ 80.885817765786925, 26.861360543476547 ], [ 80.885895851914185, 26.861267662338623 ], [ 80.885895851914185, 26.861081899834016 ], [ 80.885843794495997, 26.861081899834016 ], [ 80.885843794495997, 26.860965798113718 ], [ 80.885947909332344, 26.860663933083345 ], [ 80.886052024168691, 26.860571051373491 ], [ 80.886234225132313, 26.860547830934106 ], [ 80.886338339968674, 26.860501390041044 ], [ 80.886442454805021, 26.860269185289795 ], [ 80.886390397386833, 26.860106641680325 ], [ 80.886520540932281, 26.859804774357446 ], [ 80.886702741895888, 26.859479685570481 ], [ 80.886182167714139, 26.859061712900338 ], [ 80.885947909332344, 26.859293920129939 ], [ 80.885687622241477, 26.859410023566017 ], [ 80.885401306441523, 26.859456464907094 ], [ 80.885141019350655, 26.859549347532027 ], [ 80.884464272914386, 26.859665450705979 ], [ 80.884334129368952, 26.860129862210254 ], [ 80.883371067132728, 26.859944097837314 ], [ 80.882486091023779, 26.860013759512917 ], [ 80.881861402005669, 26.859967318400614 ], [ 80.88113259815124, 26.859920877269253 ], [ 80.880742167514939, 26.859665450705979 ], [ 80.880507909133144, 26.859874436118837 ], [ 80.880537191430861, 26.860222744282336 ], [ 80.880341976112717, 26.860454949128926 ], [ 80.880302933049094, 26.860861306463597 ], [ 80.880302933049094, 26.860989018467318 ], [ 80.880407047885441, 26.861128340488762 ], [ 80.880328961758181, 26.861639186432729 ], [ 80.880394033530891, 26.862242910483261 ], [ 80.880328961758181, 26.86336907942804 ], [ 80.880328961758181, 26.86425143076757 ], [ 80.880394033530891, 26.864936409298583 ], [ 80.880485134012702, 26.865261482404215 ], [ 80.880459105303601, 26.866016112797613 ], [ 80.880498148367238, 26.867026148675365 ], [ 80.880498148367238, 26.868071003884349 ], [ 80.880563220139962, 26.86876756866074 ], [ 80.880563220139962, 26.86903458402081 ], [ 80.880407047885441, 26.869359645347338 ], [ 80.880328961758181, 26.869673096455866 ], [ 80.880328961758181, 26.869731142862108 ], [ 80.880328961758181, 26.87010263915645 ], [ 80.880198818212733, 26.870137466871462 ], [ 80.880784464167206, 26.870973328814088 ], [ 80.881396138830752, 26.87204136563831 ], [ 80.881695468985257, 26.871936884220236 ], [ 80.881968770430674, 26.871832402705614 ], [ 80.882372215421512, 26.8717627483089 ], [ 80.882359201066961, 26.871600221216379 ], [ 80.8824242728397, 26.871460912094008 ], [ 80.882892789603247, 26.871484130292984 ], [ 80.883000158028253, 26.871669875713206 ], [ 80.883754990591768, 26.871495739390689 ], [ 80.884262550418967, 26.871333211914379 ], [ 80.884652981055282, 26.871124247673013 ], [ 80.884731067182543, 26.871182293334353 ], [ 80.884809153309803, 26.871484130292984 ], [ 80.884874225082513, 26.871785966445909 ], [ 80.885108483464307, 26.872180674045566 ], [ 80.890799009988498, 26.872180674045566 ], [ 80.890772981279412, 26.872064583718092 ], [ 80.890799009988498, 26.8717627483089 ], [ 80.890877096115759, 26.871553784861323 ], [ 80.890825038697571, 26.871402866575675 ], [ 80.890603794670341, 26.871205511590542 ], [ 80.890421593706733, 26.870903673888193 ], [ 80.890603794670341, 26.87082240975375 ], [ 80.890968196597555, 26.87075275473488 ], [ 80.891475756424754, 26.870578617 ], [ 80.891866187061055, 26.870497352631954 ], [ 80.891866187061055, 26.870346432936355 ], [ 80.891957287542866, 26.870299996066414 ], [ 80.892217574633733, 26.87018390380814 ], [ 80.892568962206411, 26.870056202186397 ], [ 80.893167622515406, 26.869707924303178 ], [ 80.893740254115343, 26.869754361416252 ], [ 80.894247813942528, 26.869510566359899 ], [ 80.894208770878905, 26.86941769191446 ], [ 80.894078627333457, 26.869324817392762 ], [ 80.893961498142573, 26.869115849440046 ], [ 80.894013555560747, 26.868941709184465 ], [ 80.894495086678859, 26.868697912376177 ], [ 80.896499297278567, 26.867478920451109 ], [ 80.896551354696754, 26.867177072802008 ], [ 80.896629440824015, 26.866596594289462 ], [ 80.89669451259671, 26.866213476839111 ], [ 80.896850684851245, 26.865946454818374 ], [ 80.897097957587576, 26.865540115751166 ], [ 80.89571518241732, 26.865563335165767 ], [ 80.895259680008294, 26.865006067899863 ], [ 80.894830206308356, 26.864948019068436 ], [ 80.894244560353883, 26.864971238604586 ], [ 80.893763029235785, 26.865064116701504 ], [ 80.893424656017643, 26.8650292874241 ], [ 80.89315135457224, 26.86490157998184 ], [ 80.892708866517751, 26.865006067899863 ] ] ] } },
{ "type": "Feature", "properties": { "id": 59, "Zone": 6, "Ward Num": 85, "Ward Name": "Ambar Ganj" }, "geometry": { "type": "Polygon", "coordinates": [ [ [ 80.892708866517751, 26.865006067899863 ], [ 80.893112311508602, 26.864913189755285 ], [ 80.893281498117659, 26.864971238604586 ], [ 80.893567813917628, 26.865064116701504 ], [ 80.893723986172148, 26.865064116701504 ], [ 80.893984273263015, 26.865017677662578 ], [ 80.894231545999347, 26.864959628837109 ], [ 80.89442676131749, 26.864959628837109 ], [ 80.894713077117459, 26.864948019068436 ], [ 80.894726091472009, 26.864913189755285 ], [ 80.894452790026591, 26.864727433237306 ], [ 80.894153459872072, 26.864541676414277 ], [ 80.893945230199392, 26.864297870121089 ], [ 80.893710971817598, 26.863984404114802 ], [ 80.89352877085399, 26.863752206513031 ], [ 80.893281498117659, 26.863380689358767 ], [ 80.892878053126822, 26.863032390918438 ], [ 80.892930110544995, 26.862695701406697 ], [ 80.892799966999547, 26.862521551266017 ], [ 80.892786952645025, 26.861975879089073 ], [ 80.892331450236, 26.861546305523589 ], [ 80.891993077017844, 26.861128340488762 ], [ 80.891849919117874, 26.861058679499486 ], [ 80.891381402354313, 26.860362067247486 ], [ 80.891264273163401, 26.86017630325583 ], [ 80.891173172681604, 26.860060200606149 ], [ 80.891003986072533, 26.859874436118837 ], [ 80.890717670272593, 26.859421633903068 ], [ 80.890509440599899, 26.85949129590038 ], [ 80.890379297054452, 26.859410023566017 ], [ 80.890079966899961, 26.859398413227773 ], [ 80.889650493200008, 26.859421633903068 ], [ 80.889247048209157, 26.859479685570481 ], [ 80.888908674991029, 26.859560957854779 ], [ 80.888804560154682, 26.859514516556615 ], [ 80.888544273063815, 26.859166206212642 ], [ 80.888075756300239, 26.858701790752583 ], [ 80.887594225182127, 26.858933998720914 ], [ 80.887151737127638, 26.859166206212642 ], [ 80.886787335200424, 26.859502906229096 ], [ 80.886722263427714, 26.85949129590038 ], [ 80.886474990691397, 26.859874436118837 ], [ 80.886357861500485, 26.860106641680325 ], [ 80.886435947627746, 26.86023435453599 ], [ 80.886357861500485, 26.86043172866572 ], [ 80.886279775373225, 26.860547830934106 ], [ 80.886136617473241, 26.860582661591398 ], [ 80.88604551699143, 26.860605882023624 ], [ 80.885980445218721, 26.860629102451089 ], [ 80.885889344736924, 26.86075681471694 ], [ 80.885850301673287, 26.860977408291117 ], [ 80.885811258609664, 26.861116730326859 ], [ 80.885915373446011, 26.861105120163774 ], [ 80.885915373446011, 26.861163170967309 ], [ 80.885915373446011, 26.861221221741062 ], [ 80.8858242729642, 26.861383763749096 ], [ 80.885850301673287, 26.861697236962215 ], [ 80.885889344736924, 26.861929438782251 ], [ 80.885798244255113, 26.862242910483261 ], [ 80.885655086355143, 26.86277697138059 ], [ 80.885550971518796, 26.862869851279267 ], [ 80.885590014582405, 26.862939511153215 ], [ 80.88574618683694, 26.863194930324056 ], [ 80.885980445218721, 26.863636107533406 ], [ 80.886227717955038, 26.864088892880083 ], [ 80.88650101940047, 26.864379138943875 ], [ 80.886657191655004, 26.864483627344512 ], [ 80.886058531345995, 26.864715823444808 ], [ 80.886253746664138, 26.865133775224137 ], [ 80.886409918918659, 26.865516896331808 ], [ 80.886474990691397, 26.865853577445996 ], [ 80.886930493100422, 26.865586554575582 ], [ 80.887138722773102, 26.865365969989767 ], [ 80.887399009863969, 26.865609773980651 ], [ 80.887789440500271, 26.866085770733942 ], [ 80.88816685678205, 26.866410840536215 ], [ 80.888283985972947, 26.866445669388185 ], [ 80.888375086454744, 26.866399230916507 ], [ 80.888453172582004, 26.866782347737633 ], [ 80.888544273063815, 26.86710741553782 ], [ 80.888687430963785, 26.867571796488761 ], [ 80.889168962081897, 26.868187098311687 ], [ 80.890405325763538, 26.867478920451109 ], [ 80.890340253990829, 26.866828786052 ], [ 80.890522454954436, 26.866654642274785 ], [ 80.890340253990829, 26.865830358090989 ], [ 80.891082072199794, 26.865598164278708 ], [ 80.891680732508817, 26.865424018606696 ], [ 80.892188292336002, 26.865238262927658 ], [ 80.892708866517751, 26.865006067899863 ] ] ] } },
{ "type": "Feature", "properties": { "id": 60, "Zone": 6, "Ward Num": 107, "Ward Name": "Maulana Kalbey Abid 1st" }, "geometry": { "type": "Polygon", "coordinates": [ [ [ 80.893301019649499, 26.859572568176358 ], [ 80.893925708667581, 26.860420118432319 ], [ 80.893990780440305, 26.86037367748683 ], [ 80.894107909631202, 26.860524610489961 ], [ 80.894433268494794, 26.860930967574397 ], [ 80.894589440749314, 26.86113995064947 ], [ 80.894940828321992, 26.861674016753991 ], [ 80.89513604364015, 26.861952658938048 ], [ 80.895175086703759, 26.862115199895126 ], [ 80.895162072349223, 26.862266130574707 ], [ 80.895110014931049, 26.862289350661385 ], [ 80.894966857031079, 26.862335790820449 ], [ 80.894810684776544, 26.862219690387054 ], [ 80.894615469458387, 26.862010709306674 ], [ 80.894342168012997, 26.861674016753991 ], [ 80.893886665603972, 26.861244442042221 ], [ 80.893209919167688, 26.860536220712635 ], [ 80.892598244504143, 26.859897656696422 ], [ 80.892390014831435, 26.859723502248269 ], [ 80.892168770804219, 26.859677061016821 ], [ 80.892064655967857, 26.859735112553157 ], [ 80.891934512422409, 26.859839605243497 ], [ 80.891856426295149, 26.859955708119557 ], [ 80.891791354522454, 26.860211134027494 ], [ 80.891400923886138, 26.86037367748683 ], [ 80.89188245500425, 26.861058679499486 ], [ 80.891999584195148, 26.861116730326859 ], [ 80.892324943058739, 26.861546305523589 ], [ 80.892754416758663, 26.861952658938048 ], [ 80.892806474176851, 26.862509941247097 ], [ 80.89292360336772, 26.862684091405665 ], [ 80.892884560304111, 26.863032390918438 ], [ 80.893274990940398, 26.863334249628696 ], [ 80.893405134485846, 26.863531618349857 ], [ 80.893535278031266, 26.863763816404433 ], [ 80.893704464640365, 26.863972794246031 ], [ 80.893964751731218, 26.864321089790707 ], [ 80.894172981403912, 26.864553286224652 ], [ 80.894433268494794, 26.864727433237306 ], [ 80.894745613003835, 26.864948019068436 ], [ 80.894852981428826, 26.864936409298583 ], [ 80.895282455128765, 26.865017677662578 ], [ 80.895724943183239, 26.865574944871273 ], [ 80.897130493473952, 26.865540115751166 ], [ 80.897299680083023, 26.865424018606696 ], [ 80.897885326037468, 26.865145384973736 ], [ 80.898653172955548, 26.864855140876188 ], [ 80.899551163419062, 26.864576505841839 ], [ 80.899368962455441, 26.864379138943875 ], [ 80.898978531819139, 26.864158552003317 ], [ 80.898236713610146, 26.86383347572788 ], [ 80.898080541355625, 26.863717376831648 ], [ 80.8976250389466, 26.863438738994553 ], [ 80.897039392992156, 26.863183320374258 ], [ 80.896688005419477, 26.863113660650445 ], [ 80.896323603492263, 26.863090440732975 ], [ 80.895594799637806, 26.86241706105292 ], [ 80.895594799637806, 26.862266130574707 ], [ 80.895672885765066, 26.862208080337158 ], [ 80.89581604366505, 26.862266130574707 ], [ 80.89649279010132, 26.862811801351533 ], [ 80.897429823628443, 26.862939511153215 ], [ 80.898470971991941, 26.863647717436731 ], [ 80.898835373919155, 26.863752206513031 ], [ 80.899980637118986, 26.864286260284494 ], [ 80.899954608409899, 26.86385669549281 ], [ 80.900501211300721, 26.863752206513031 ], [ 80.900709440973429, 26.864216601239907 ], [ 80.900566283073459, 26.864263040607739 ], [ 80.90072245532798, 26.864576505841839 ], [ 80.901060828546107, 26.864437188067264 ], [ 80.901503316600582, 26.864088892880083 ], [ 80.902908866891295, 26.863241370111325 ], [ 80.903286283173045, 26.862974341074121 ], [ 80.90411920186385, 26.862370620927226 ], [ 80.904665804754671, 26.861848168199462 ], [ 80.904769919591018, 26.86166240664809 ], [ 80.904821977009192, 26.861267662338623 ], [ 80.904874034427365, 26.861174781124454 ], [ 80.90517336458187, 26.861093509999481 ], [ 80.905355565545477, 26.860896137024366 ], [ 80.905407622963665, 26.860652322873783 ], [ 80.905472694736375, 26.860292405786367 ], [ 80.905550780863635, 26.86017630325583 ], [ 80.905850111018154, 26.859932487553873 ], [ 80.905602838281823, 26.859735112553157 ], [ 80.905277479418217, 26.859479685570481 ], [ 80.905069249745537, 26.859375192547706 ], [ 80.904861020072829, 26.859282309779786 ], [ 80.904561689918324, 26.859142985484919 ], [ 80.90419728799111, 26.85900366101847 ], [ 80.903920732957047, 26.85885272598621 ], [ 80.903530302320732, 26.858655349101735 ], [ 80.903243986520792, 26.85859729701135 ], [ 80.902931642011737, 26.858504413604784 ], [ 80.902632311857218, 26.858411530121977 ], [ 80.902554225729972, 26.858446361436972 ], [ 80.902424082184538, 26.858469582307681 ], [ 80.902385039120901, 26.858550855317603 ], [ 80.902450110893611, 26.858736621978217 ], [ 80.902489153957262, 26.858864336380456 ], [ 80.902385039120901, 26.858957219491522 ], [ 80.902319967348191, 26.85900366101847 ], [ 80.902293938639104, 26.859108154384383 ], [ 80.902280924284554, 26.859224258011107 ], [ 80.902293938639104, 26.859328751173276 ], [ 80.902332981702727, 26.859433244238936 ], [ 80.902502168311798, 26.859700281634929 ], [ 80.902567240084522, 26.859816384653985 ], [ 80.902541211375421, 26.860571051373491 ], [ 80.902554225729972, 26.860791645309885 ], [ 80.902398053475451, 26.860814865699222 ], [ 80.901526091721038, 26.860768424915786 ], [ 80.90130484769378, 26.860745204516906 ], [ 80.901031546248376, 26.860733594315693 ], [ 80.900836330930218, 26.860803255505157 ], [ 80.900693173030234, 26.860919357392255 ], [ 80.900576043839351, 26.861012238816137 ], [ 80.900393842875744, 26.861221221741062 ], [ 80.900198627557586, 26.861023848988765 ], [ 80.899990397884892, 26.860571051373491 ], [ 80.899639010312214, 26.859769943460655 ], [ 80.899873268693995, 26.859886046408214 ], [ 80.900302742393933, 26.859677061016821 ], [ 80.900784273512045, 26.859584178496728 ], [ 80.901239775921084, 26.859224258011107 ], [ 80.901500063011952, 26.859096544015159 ], [ 80.902137766384584, 26.858307036112659 ], [ 80.901500063011952, 26.857981943022061 ], [ 80.901005517539289, 26.858481192741241 ], [ 80.900901402702942, 26.858469582307681 ], [ 80.90048494335754, 26.858109658276195 ], [ 80.900315756748483, 26.858190931544687 ], [ 80.900224656266673, 26.858330257011957 ], [ 80.900289728039397, 26.858423140561491 ], [ 80.900523986421192, 26.858783063595705 ], [ 80.900055469657602, 26.859050102526343 ], [ 80.899899297403081, 26.858910777945518 ], [ 80.899678053375851, 26.85857407616686 ], [ 80.89957393853949, 26.858353477906494 ], [ 80.89957393853949, 26.858225762927578 ], [ 80.900172598848513, 26.857726512081285 ], [ 80.89943078063952, 26.857877448615977 ], [ 80.899378723221346, 26.857691680544686 ], [ 80.899287622739536, 26.857250480152896 ], [ 80.898845134685061, 26.857505912168367 ], [ 80.898480732757847, 26.857656848997348 ], [ 80.897595756648869, 26.858005163988071 ], [ 80.896919010212613, 26.858225762927578 ], [ 80.896762837958093, 26.858237373386164 ], [ 80.895838818785492, 26.857912280095405 ], [ 80.895396330731018, 26.857703291058076 ], [ 80.894732598649284, 26.857703291058076 ], [ 80.893301019649499, 26.859572568176358 ] ] ] } },
{ "type": "Feature", "properties": { "id": 61, "Zone": 6, "Ward Num": 101, "Ward Name": "Asharfabad" }, "geometry": { "type": "Polygon", "coordinates": [ [ [ 80.898705230373679, 26.853906589675457 ], [ 80.898799584444106, 26.854051725862153 ], [ 80.898923220812264, 26.85442327365185 ], [ 80.899144464839523, 26.854841263457054 ], [ 80.899365708866753, 26.855299889383502 ], [ 80.899495852412201, 26.855532104333605 ], [ 80.899580445716737, 26.855537909701251 ], [ 80.899704082084895, 26.855665627714124 ], [ 80.899860254339416, 26.855775929518323 ], [ 80.900088005543935, 26.856060391569766 ], [ 80.900380828521151, 26.856472570008133 ], [ 80.900738723271104, 26.856966021093385 ], [ 80.900894895525624, 26.857018268729362 ], [ 80.901207240034694, 26.856913773433295 ], [ 80.901461019948272, 26.856838304548326 ], [ 80.901688771152791, 26.85681508334282 ], [ 80.901766857280052, 26.856757030308227 ], [ 80.901818914698239, 26.85669317193577 ], [ 80.901916522357297, 26.856745419697727 ], [ 80.901942551066384, 26.856925384026507 ], [ 80.901981594130007, 26.8570647110522 ], [ 80.902079201789107, 26.857204037906332 ], [ 80.902248388398164, 26.857372390959494 ], [ 80.902411067829959, 26.857488496367452 ], [ 80.902573747261755, 26.857575575345219 ], [ 80.902560732907219, 26.857761343607166 ], [ 80.902612790325406, 26.857970332537256 ], [ 80.902690876452667, 26.858121268746689 ], [ 80.902690876452667, 26.8583186465629 ], [ 80.902612790325406, 26.858399919681268 ], [ 80.902690876452667, 26.858411530121977 ], [ 80.902938149188984, 26.858504413604784 ], [ 80.903250493698039, 26.858608907431819 ], [ 80.903523795143442, 26.858632128269157 ], [ 80.903797096588875, 26.858794673997117 ], [ 80.904057383679742, 26.858933998720914 ], [ 80.904239584643349, 26.859026881774792 ], [ 80.904512886088767, 26.859084933644741 ], [ 80.904838244952344, 26.85924747872215 ], [ 80.905072503334139, 26.859351971862882 ], [ 80.905254704297747, 26.859433244238936 ], [ 80.905606091870425, 26.859723502248269 ], [ 80.905856618195386, 26.859920877269253 ], [ 80.906728579949799, 26.860977408291117 ], [ 80.908329345558684, 26.863067220810734 ], [ 80.908615661358624, 26.86305561084783 ], [ 80.909136235540373, 26.863891525131283 ], [ 80.909852025040266, 26.863531618349857 ], [ 80.909354225978959, 26.862753751394013 ], [ 80.908036522581426, 26.861302492774282 ], [ 80.905121307163668, 26.857714901570262 ], [ 80.903832886063853, 26.856066196910302 ], [ 80.901711546273262, 26.853349264988761 ], [ 80.901047814191529, 26.853546651129221 ], [ 80.900501211300693, 26.85370920416284 ], [ 80.900045708891668, 26.853732426005717 ], [ 80.899525134709918, 26.853685982315191 ], [ 80.899056617946357, 26.853732426005717 ], [ 80.898705230373679, 26.853906589675457 ] ] ] } },
{ "type": "Feature", "properties": { "id": 63, "Zone": 2, "Ward Num": 110, "Ward Name": "Raja Bazar" }, "geometry": { "type": "Polygon", "coordinates": [ [ [ 80.912041690192225, 26.856739614392037 ], [ 80.911742360037735, 26.856820888644641 ], [ 80.911495087301404, 26.856948605209368 ], [ 80.911104656665088, 26.856948605209368 ], [ 80.910974513119655, 26.856948605209368 ], [ 80.910818340865134, 26.857598796394647 ], [ 80.911000541828741, 26.858028384949336 ], [ 80.91120877150145, 26.858643738686037 ], [ 80.911403986819607, 26.858910777945532 ], [ 80.910805326510584, 26.859119764752425 ], [ 80.910388867165196, 26.859584178496728 ], [ 80.910167623137951, 26.859978928680476 ], [ 80.909972407819794, 26.860199523771474 ], [ 80.909868292983447, 26.860245964788461 ], [ 80.909594991538043, 26.86047816958737 ], [ 80.909256618319901, 26.860629102451089 ], [ 80.908697001074543, 26.860942577755385 ], [ 80.908319584792778, 26.861116730326859 ], [ 80.908059297701911, 26.861314102917113 ], [ 80.909373747510799, 26.862742141398936 ], [ 80.909998436528895, 26.863740596620445 ], [ 80.910505996356079, 26.863531618349857 ], [ 80.912015661483139, 26.862951121128052 ], [ 80.9121197763195, 26.862869851279267 ], [ 80.912158819383109, 26.862626041382601 ], [ 80.912367049055817, 26.862556381315606 ], [ 80.912757479692118, 26.862440281108618 ], [ 80.913186953392056, 26.862440281108618 ], [ 80.913369154355664, 26.862521551266017 ], [ 80.916167240582539, 26.86358966790819 ], [ 80.916193269291625, 26.863520008434623 ], [ 80.916154226228002, 26.863160100471099 ], [ 80.916375470255232, 26.863113660650445 ], [ 80.91664877170065, 26.863090440732975 ], [ 80.916974130564256, 26.862985951045371 ], [ 80.917156331527863, 26.863020780951963 ], [ 80.917156331527863, 26.862811801351544 ], [ 80.917273460718732, 26.862776971380601 ], [ 80.917429632973267, 26.862753751394024 ], [ 80.917598819582338, 26.862684091405665 ], [ 80.917872121027756, 26.862556381315606 ], [ 80.918015278927712, 26.862347400857228 ], [ 80.918171451182246, 26.862173250180334 ], [ 80.918379680854954, 26.862126809954539 ], [ 80.918587910527648, 26.861975879089073 ], [ 80.918665996654909, 26.862010709306674 ], [ 80.918783125845792, 26.862080369709702 ], [ 80.919108484709383, 26.861836558111449 ], [ 80.919381786154801, 26.861708847064541 ], [ 80.919329728736614, 26.861615966212597 ], [ 80.918835183263965, 26.860930967574411 ], [ 80.918548867464011, 26.860547830934117 ], [ 80.917429632973267, 26.859549347532042 ], [ 80.916804943955185, 26.858736621978217 ], [ 80.916167240582539, 26.858063216382291 ], [ 80.915438436728095, 26.857053100473273 ], [ 80.915204178346301, 26.856263578311545 ], [ 80.915360350600835, 26.855323110899963 ], [ 80.915087049155431, 26.855253446336302 ], [ 80.914735661582753, 26.855265057099889 ], [ 80.914319202237351, 26.855265057099889 ], [ 80.913876714182862, 26.855392775420725 ], [ 80.913733556282907, 26.855311500142331 ], [ 80.913642455801096, 26.855056063173016 ], [ 80.913512312255648, 26.855102506301233 ], [ 80.913225996455694, 26.855288278623501 ], [ 80.912965709364826, 26.855439218410751 ], [ 80.912692407919408, 26.855450829155281 ], [ 80.912445135183077, 26.85552049359741 ], [ 80.912249919864919, 26.855775929518323 ], [ 80.91218484809221, 26.856066196910316 ], [ 80.9121197763195, 26.856472570008133 ], [ 80.912041690192225, 26.856739614392037 ] ] ] } },
{ "type": "Feature", "properties": { "id": 62, "Zone": 2, "Ward Num": 98, "Ward Name": "Yahiya Ganj" }, "geometry": { "type": "Polygon", "coordinates": [ [ [ 80.905131164174463, 26.857680030464444 ], [ 80.907005204255057, 26.860141397481787 ], [ 80.908072365967641, 26.861325621023067 ], [ 80.908332649312172, 26.86111664129891 ], [ 80.908644989325609, 26.860954101246563 ], [ 80.909243641018023, 26.860652240529756 ], [ 80.90955598103146, 26.860466479688299 ], [ 80.909972434382695, 26.860187837854191 ], [ 80.910154632723874, 26.859978856028224 ], [ 80.910362859399498, 26.859584111525926 ], [ 80.910779312750748, 26.859166145257529 ], [ 80.911403992777622, 26.858910720666682 ], [ 80.911273851105349, 26.858678515992782 ], [ 80.911143709433091, 26.858376649204224 ], [ 80.911039596095279, 26.858028340370478 ], [ 80.910857397754114, 26.857540706201799 ], [ 80.911013567760818, 26.856960186594083 ], [ 80.911195766101997, 26.856960186594083 ], [ 80.911377964443162, 26.856960186594083 ], [ 80.911586191118786, 26.856960186594083 ], [ 80.911742361125505, 26.856797640570178 ], [ 80.911846474463317, 26.85675119880618 ], [ 80.912028672804482, 26.856658315220983 ], [ 80.912054701138942, 26.856565431559531 ], [ 80.912132786142294, 26.856379664007889 ], [ 80.912132786142294, 26.856240338144019 ], [ 80.9121848428112, 26.856031349026527 ], [ 80.912262927814567, 26.855752696269441 ], [ 80.912445126155745, 26.855566927383482 ], [ 80.912575267827989, 26.855427600518855 ], [ 80.912809522838074, 26.855427600518855 ], [ 80.913017749513699, 26.855474042826131 ], [ 80.913173919520418, 26.85535793702222 ], [ 80.913382146196028, 26.855241831099175 ], [ 80.913668457875019, 26.855032840137483 ], [ 80.913746542878371, 26.855148946274962 ], [ 80.913746542878371, 26.855334715847132 ], [ 80.91392874121955, 26.855450821674872 ], [ 80.91437122290526, 26.855288273482682 ], [ 80.914839732925415, 26.855241831099175 ], [ 80.915100016269932, 26.855288273482682 ], [ 80.915386327948923, 26.855288273482682 ], [ 80.916063064644689, 26.852315922510996 ], [ 80.914735619587603, 26.852966130957245 ], [ 80.913954769553996, 26.853569892597978 ], [ 80.913668457875019, 26.853755664762453 ], [ 80.913694486209479, 26.853987879539179 ], [ 80.913199947854864, 26.854196872430816 ], [ 80.912393069486825, 26.854359422190779 ], [ 80.912445126155745, 26.854359422190779 ], [ 80.911273851105349, 26.855009618895693 ], [ 80.906692864241634, 26.857006628272309 ], [ 80.905131164174463, 26.857680030464444 ] ] ] } },
{ "type": "Feature", "properties": { "id": 65, "Zone": 6, "Ward Num": 25, "Ward Name": "Bala Ganj" }, "geometry": { "type": "Polygon", "coordinates": [ [ [ 80.88529431977949, 26.874513782517099 ], [ 80.884734710588759, 26.873886915291074 ], [ 80.884328017862927, 26.873469001876156 ], [ 80.884028692016727, 26.873120739517084 ], [ 80.883859507842772, 26.872993043049988 ], [ 80.883325926986487, 26.872946607935297 ], [ 80.882883445300791, 26.873016260600185 ], [ 80.882697993417821, 26.872888564015092 ], [ 80.882554837578311, 26.872551908690383 ], [ 80.882554837578311, 26.872273296629142 ], [ 80.882606894247232, 26.87220364350657 ], [ 80.88276306425395, 26.87220364350657 ], [ 80.882841149257303, 26.87214559920498 ], [ 80.882971290929575, 26.872029510512412 ], [ 80.882984305096798, 26.871878595033898 ], [ 80.883023347598467, 26.871692852629977 ], [ 80.882880191758986, 26.8714955009915 ], [ 80.88238565340437, 26.871483892060866 ], [ 80.882307568401018, 26.871611590232316 ], [ 80.882359625069924, 26.871808941668181 ], [ 80.881956185885912, 26.871866986142575 ], [ 80.88164384587246, 26.871971466121437 ], [ 80.881396576695167, 26.872041119387031 ], [ 80.88176097337751, 26.872656388036351 ], [ 80.881019165845601, 26.87264477922491 ], [ 80.880030089136383, 26.87264477922491 ], [ 80.878325233229717, 26.87264477922491 ], [ 80.874590167235723, 26.872656388036351 ], [ 80.873236693844163, 26.872795693680811 ], [ 80.870721706027638, 26.873051086916544 ], [ 80.866921569197515, 26.873747610991071 ], [ 80.857447255456634, 26.875837157469206 ], [ 80.852397758572764, 26.876905132977626 ], [ 80.846671524993113, 26.878623159364615 ], [ 80.839227421339572, 26.880016134564315 ], [ 80.840850938701067, 26.883150265998967 ], [ 80.841605760400213, 26.884009234996054 ], [ 80.843037318795126, 26.88551821877666 ], [ 80.84431270718332, 26.886911108997946 ], [ 80.845952492253858, 26.88862898329166 ], [ 80.846993625631981, 26.890207547453748 ], [ 80.846134690595022, 26.890695040752519 ], [ 80.844364763852212, 26.891646807321163 ], [ 80.842907177122854, 26.892528925274096 ], [ 80.841059165376691, 26.894061008506199 ], [ 80.839575550312873, 26.894664550741133 ], [ 80.838091935249054, 26.89550021928137 ], [ 80.83642612184407, 26.896568008974949 ], [ 80.832834211689558, 26.898517859760169 ], [ 80.831767049977003, 26.898982104985723 ], [ 80.831116341615669, 26.900258769516398 ], [ 80.832808183355112, 26.903856564637664 ], [ 80.835463073469313, 26.903926198251181 ], [ 80.841091700794763, 26.903995831821764 ], [ 80.842887655872019, 26.903624452282454 ], [ 80.845594602655112, 26.903090592054795 ], [ 80.8474491214849, 26.902649575180412 ], [ 80.850650606622608, 26.903810142204797 ], [ 80.852368476696512, 26.904808220305608 ], [ 80.857112140650557, 26.906966824163007 ], [ 80.862005467527723, 26.90889328522659 ], [ 80.864692893059981, 26.909682428460226 ], [ 80.871069835000952, 26.911678472015687 ], [ 80.873932951790778, 26.912235501127242 ], [ 80.875468623523517, 26.912514014652203 ], [ 80.87578096353694, 26.911724891213307 ], [ 80.875676850199127, 26.910425146464423 ], [ 80.875286425182338, 26.909589588366114 ], [ 80.874427490145393, 26.908521921796115 ], [ 80.873334300098364, 26.907872032853323 ], [ 80.871902741703451, 26.90763992875284 ], [ 80.871121891669873, 26.907732770450295 ], [ 80.870549268311905, 26.907964874359909 ], [ 80.869950616619477, 26.907848822464743 ], [ 80.869534163268227, 26.906990034732889 ], [ 80.869456078264875, 26.906293715560192 ], [ 80.869299908258142, 26.906177661947222 ], [ 80.869325936592602, 26.905899132789415 ], [ 80.869456078264875, 26.904552898840507 ], [ 80.869612248271594, 26.904390421243932 ], [ 80.870861608325328, 26.903879775846939 ], [ 80.87166848669338, 26.903461973349923 ], [ 80.871798628365639, 26.903160226140663 ], [ 80.872163025047968, 26.903206648840722 ], [ 80.872501393395865, 26.902765632419609 ], [ 80.874661745155464, 26.901349725952379 ], [ 80.874801647453154, 26.901291696620106 ], [ 80.874931789125412, 26.901140820216643 ], [ 80.875113987466577, 26.900955125904893 ], [ 80.875621539988416, 26.900723007585817 ], [ 80.876285262516959, 26.900606948247365 ], [ 80.876909942543847, 26.900641766061426 ], [ 80.877378452563988, 26.900560524478589 ], [ 80.877824187791489, 26.900421253057772 ], [ 80.878188584473833, 26.900235557562834 ], [ 80.878292697811645, 26.900189133641391 ], [ 80.878526952821716, 26.900189133641391 ], [ 80.878774221999038, 26.900119497723445 ], [ 80.878891349504073, 26.900061467759031 ], [ 80.879060533678015, 26.900084679748382 ], [ 80.879164647015827, 26.900165921673523 ], [ 80.879333831189768, 26.900119497723445 ], [ 80.87950301536371, 26.900084679748382 ], [ 80.87962014286876, 26.900177527658048 ], [ 80.879698227872112, 26.900189133641391 ], [ 80.87985439787883, 26.900119497723445 ], [ 80.880088652888915, 26.900200739623536 ], [ 80.880257837062857, 26.900177527658048 ], [ 80.880856488755256, 26.900223951584262 ], [ 80.881975707136746, 26.900409647098286 ], [ 80.882652443832527, 26.900548918533413 ], [ 80.883368223029976, 26.900897096369842 ], [ 80.883810704715671, 26.901082790777021 ], [ 80.884162087230791, 26.901384543537429 ], [ 80.884344285571956, 26.901732718797543 ], [ 80.884519976829523, 26.902266585444774 ], [ 80.884676146836227, 26.902637969449923 ], [ 80.884676146836227, 26.902788843853127 ], [ 80.884754231839608, 26.90288168953952 ], [ 80.884754231839608, 26.902939718054746 ], [ 80.884767246006817, 26.903113803421522 ], [ 80.884793274341277, 26.903427156405385 ], [ 80.884910401846312, 26.903856564637664 ], [ 80.884936430180773, 26.904309182357977 ], [ 80.885053557685794, 26.904668954123498 ], [ 80.885222741859749, 26.90483143131927 ], [ 80.885352883532008, 26.905028724742678 ], [ 80.885522067705949, 26.905249228749117 ], [ 80.885717280214351, 26.905249228749117 ], [ 80.88578235105048, 26.905342072412488 ], [ 80.886068662729471, 26.905237623285835 ], [ 80.886302917739556, 26.905086752154546 ], [ 80.88652415858239, 26.904587715437927 ], [ 80.886472101913498, 26.904518082232357 ], [ 80.886511144415167, 26.904390421243932 ], [ 80.886602243585756, 26.904332393474217 ], [ 80.88657621525131, 26.90233622003878 ], [ 80.886472101913498, 26.901976440840905 ], [ 80.886133733565615, 26.901106002556443 ], [ 80.886120719398377, 26.900467676883796 ], [ 80.88589947855553, 26.899539196737475 ], [ 80.885665223545459, 26.898030400219568 ], [ 80.88545699686982, 26.896463551732975 ], [ 80.885326855197562, 26.896045721799041 ], [ 80.885027529351362, 26.895221663788213 ], [ 80.884936430180773, 26.895012746717541 ], [ 80.884936430180773, 26.894919894562115 ], [ 80.885040543518571, 26.894710976933329 ], [ 80.885027529351362, 26.894444026067617 ], [ 80.885014515184125, 26.894455632640113 ], [ 80.884464666618797, 26.892610172633876 ], [ 80.884087255769245, 26.891600379869686 ], [ 80.884074241602022, 26.890300403482353 ], [ 80.884152326605374, 26.890091477310673 ], [ 80.884386581615445, 26.890091477310673 ], [ 80.884907148304507, 26.889406661039473 ], [ 80.884933176638953, 26.889151304757284 ], [ 80.885076332478448, 26.889046840657318 ], [ 80.885180445816275, 26.888930769321867 ], [ 80.885206474150706, 26.888617376120575 ], [ 80.885388672491885, 26.888582554600099 ], [ 80.885518814164158, 26.88847808997431 ], [ 80.88562292750197, 26.888454875599912 ], [ 80.885818140010358, 26.888269160432987 ], [ 80.885948281682616, 26.888315589253324 ], [ 80.886364735033879, 26.888245946015662 ], [ 80.886729131716208, 26.888141481078662 ], [ 80.886716117548985, 26.888280767639863 ], [ 80.887067500064106, 26.888222731593565 ], [ 80.887236684238047, 26.888037016045104 ], [ 80.887496967582578, 26.887828085688209 ], [ 80.88760108092039, 26.887700405835492 ], [ 80.887640123422074, 26.88778165666756 ], [ 80.887861364264921, 26.887886121937207 ], [ 80.887965477602734, 26.887874514689784 ], [ 80.888082605107769, 26.8878396929404 ], [ 80.888095619274992, 26.887758442150059 ], [ 80.88801753427164, 26.887595940394146 ], [ 80.887926435101051, 26.887445045697248 ], [ 80.887978491769957, 26.887398616519199 ], [ 80.888095619274992, 26.887421831110604 ], [ 80.888212746780042, 26.887526296712924 ], [ 80.888433987622875, 26.887653976762376 ], [ 80.888720299301866, 26.887770049409415 ], [ 80.888902497643031, 26.887746834889548 ], [ 80.889110724318655, 26.887700405835492 ], [ 80.889371007663186, 26.887630762218656 ], [ 80.889501149335459, 26.887456652988778 ], [ 80.889501149335459, 26.887352187322069 ], [ 80.889579234338811, 26.887305758105882 ], [ 80.889657319342163, 26.887352187322069 ], [ 80.889761432679975, 26.887456652988778 ], [ 80.889917602686694, 26.887526296712924 ], [ 80.890242956867368, 26.887526296712924 ], [ 80.890529268546345, 26.887514689428546 ], [ 80.890685438553064, 26.8874102238155 ], [ 80.89103682106817, 26.887352187322069 ], [ 80.89138820358329, 26.887282543490624 ], [ 80.889540191837128, 26.885587863695488 ], [ 80.889540191837128, 26.885460181311533 ], [ 80.888746327636312, 26.884357463810705 ], [ 80.888342888452286, 26.883904766142418 ], [ 80.888004520104403, 26.883440458957942 ], [ 80.887562038418707, 26.88224485917798 ], [ 80.887848350097698, 26.882163604365029 ], [ 80.887444910913672, 26.881385876771308 ], [ 80.886794202552338, 26.879807189378681 ], [ 80.886312678364959, 26.878855323089965 ], [ 80.885792111675912, 26.878054356222339 ], [ 80.885531828331381, 26.877706107987983 ], [ 80.886833245054035, 26.876835482708522 ], [ 80.886569708167684, 26.876278279010876 ], [ 80.88606215564586, 26.876417580192751 ], [ 80.885567617291244, 26.875349600078547 ], [ 80.885112121438326, 26.874595042828965 ], [ 80.88529431977949, 26.874513782517099 ] ] ] } },
{ "type": "Feature", "properties": { "id": 64, "Zone": 6, "Ward Num": 53, "Ward Name": "Mallahi Tola 1st" }, "geometry": { "type": "Polygon", "coordinates": [ [ [ 80.88529431977949, 26.874513782517099 ], [ 80.885112121438326, 26.874653085873103 ], [ 80.885554603124021, 26.875372817144829 ], [ 80.886023113144176, 26.876440797039717 ], [ 80.886517651498778, 26.876301495886437 ], [ 80.886595736502144, 26.876301495886437 ], [ 80.886856019846661, 26.876858699469647 ], [ 80.885502546455115, 26.877717716279758 ], [ 80.885736801465185, 26.87811239749043 ], [ 80.886257368154261, 26.878808890383041 ], [ 80.886777934843309, 26.879783973223105 ], [ 80.887454671539089, 26.881385876771308 ], [ 80.887845096555893, 26.882128780855869 ], [ 80.887480699873549, 26.882268074828101 ], [ 80.888001266562597, 26.883475282062946 ], [ 80.8883916915794, 26.883939589104372 ], [ 80.888756088261744, 26.884427109444879 ], [ 80.889536938295322, 26.885471788806935 ], [ 80.889615023298674, 26.88568072352048 ], [ 80.891410978375944, 26.887282543490624 ], [ 80.891697290054921, 26.887189684981912 ], [ 80.892400055085147, 26.887027182408062 ], [ 80.893076791780928, 26.887027182408062 ], [ 80.893076791780928, 26.886841464894641 ], [ 80.892972678443115, 26.885889657847734 ], [ 80.892868565105303, 26.88530928376267 ], [ 80.893441188463271, 26.884752121836826 ], [ 80.893649415138896, 26.884519970223664 ], [ 80.893779556811154, 26.884311033364074 ], [ 80.893649415138896, 26.883800297192234 ], [ 80.89318090511874, 26.882894895578705 ], [ 80.892842536770857, 26.881919839575637 ], [ 80.892608281760772, 26.880225079363711 ], [ 80.892321970081795, 26.877160516930527 ], [ 80.890005448315478, 26.877369467008336 ], [ 80.889719136636486, 26.876255062130539 ], [ 80.889068428275166, 26.874536999755016 ], [ 80.888678003258391, 26.873167174560265 ], [ 80.890161618322196, 26.873051086916544 ], [ 80.894013811821239, 26.872772476085323 ], [ 80.894143953493497, 26.873469001876156 ], [ 80.89427409516577, 26.875558553503431 ], [ 80.895107001868254, 26.875628204559241 ], [ 80.896044021908565, 26.87565142156831 ], [ 80.897111183621135, 26.875883591396754 ], [ 80.898282458671531, 26.876046109992966 ], [ 80.899219478711828, 26.875953242252315 ], [ 80.900572952103389, 26.875721072566908 ], [ 80.901770255488216, 26.875349600078547 ], [ 80.901692170484864, 26.875210297580736 ], [ 80.901952453829381, 26.874769171872007 ], [ 80.90239493551509, 26.874235175290174 ], [ 80.902681247194067, 26.873886915291074 ], [ 80.901353802136967, 26.87326004458944 ], [ 80.897449551969032, 26.874629868659028 ], [ 80.896486503594261, 26.872400993909107 ], [ 80.896538560263167, 26.872284905478747 ], [ 80.896798843607712, 26.872238470073224 ], [ 80.89971401706643, 26.871356193745207 ], [ 80.899896215407594, 26.871240104242172 ], [ 80.899661960397538, 26.870938270976556 ], [ 80.899505790390805, 26.870891835018025 ], [ 80.899297563715194, 26.870798963043761 ], [ 80.898464657012696, 26.871100796681233 ], [ 80.897761891982455, 26.871332975854131 ], [ 80.896928985279956, 26.871588372393695 ], [ 80.896564588597627, 26.87170446153916 ], [ 80.896200191915284, 26.871727679353953 ], [ 80.895965936905213, 26.871518718849202 ], [ 80.895835795232941, 26.871286540057692 ], [ 80.89557551188841, 26.871147232553955 ], [ 80.895419341881706, 26.871100796681233 ], [ 80.895133030202715, 26.871193668407603 ], [ 80.894820690189277, 26.871216886327268 ], [ 80.894560406844747, 26.871286540057692 ], [ 80.894117925159051, 26.871309757958297 ], [ 80.893805585145614, 26.871356193745207 ], [ 80.893597358469989, 26.8714490652618 ], [ 80.893258990122106, 26.8714955009915 ], [ 80.893050763446467, 26.870636436905269 ], [ 80.892842536770857, 26.870334602028308 ], [ 80.892712395098584, 26.870334602028308 ], [ 80.892686366764138, 26.87024172959639 ], [ 80.892582253426312, 26.870079202656996 ], [ 80.892165800075077, 26.870195293351834 ], [ 80.89185346006164, 26.870357820124365 ], [ 80.891827431727179, 26.870357820124365 ], [ 80.891827431727179, 26.870590000822784 ], [ 80.891358921707038, 26.870566782774397 ], [ 80.890968496690249, 26.870775745038273 ], [ 80.890604100007906, 26.870845399040434 ], [ 80.890369844997821, 26.870938270976556 ], [ 80.890578071673445, 26.871170450483159 ], [ 80.890864383352422, 26.871425847389798 ], [ 80.890942468355789, 26.871565154550289 ], [ 80.89078629834907, 26.871820550565442 ], [ 80.890838355017976, 26.872215252363311 ], [ 80.885034036434959, 26.87214559920498 ], [ 80.884825809759334, 26.871727679353953 ], [ 80.884799781424888, 26.8714490652618 ], [ 80.88466963975263, 26.871170450483159 ], [ 80.88464361141817, 26.87112401461998 ], [ 80.884279214735827, 26.871356193745207 ], [ 80.883654534708953, 26.871472283129034 ], [ 80.883003826347633, 26.871727679353953 ], [ 80.88299081218041, 26.871936639472544 ], [ 80.882951769678741, 26.872087554873595 ], [ 80.882834642173691, 26.87220364350657 ], [ 80.882756557170339, 26.872215252363311 ], [ 80.882587372996383, 26.872215252363311 ], [ 80.882548330494714, 26.872308123174346 ], [ 80.88257435882916, 26.872563517511374 ], [ 80.882756557170339, 26.872888564015092 ], [ 80.882886698842597, 26.873004651825692 ], [ 80.883355208862753, 26.872934999153628 ], [ 80.883875775551815, 26.872993043049988 ], [ 80.884005917224073, 26.873109130753313 ], [ 80.884331271404747, 26.873515436776312 ], [ 80.884695668087076, 26.873863697919649 ], [ 80.88529431977949, 26.874513782517099 ] ] ] } },
{ "type": "Feature", "properties": { "id": 66, "Zone": 6, "Ward Num": 109, "Ward Name": "Mallahi Tola 2nd" }, "geometry": { "type": "Polygon", "coordinates": [ [ [ 80.893109327198999, 26.887027182408062 ], [ 80.895191593955232, 26.887328972716354 ], [ 80.895686132309834, 26.887259328870595 ], [ 80.896024500657731, 26.887445045697248 ], [ 80.896206698998895, 26.887537903996105 ], [ 80.896466982343426, 26.887630762218656 ], [ 80.896597124015685, 26.887561118558896 ], [ 80.896805350691309, 26.887537903996105 ], [ 80.897143719039192, 26.887537903996105 ], [ 80.896102585661083, 26.885077133294065 ], [ 80.895764217313186, 26.884914627682285 ], [ 80.8944367722561, 26.883614574375656 ], [ 80.894957338945147, 26.883475282062946 ], [ 80.894723083935077, 26.88178054517422 ], [ 80.894749112269523, 26.881246581711835 ], [ 80.894983367279607, 26.880248295428679 ], [ 80.894983367279607, 26.879714324727772 ], [ 80.89508748061742, 26.879667892373686 ], [ 80.894853225607335, 26.877787366005293 ], [ 80.895868330650998, 26.877671283105546 ], [ 80.897039605701394, 26.877323033691088 ], [ 80.898002654076151, 26.876974783203806 ], [ 80.897846484069433, 26.876324712757242 ], [ 80.896805350691309, 26.876138977657348 ], [ 80.894254573914935, 26.875953242252315 ], [ 80.894306630583827, 26.875604987545415 ], [ 80.894150460577109, 26.873445784418919 ], [ 80.893994290570404, 26.87281891127153 ], [ 80.890090040402455, 26.873074304454832 ], [ 80.888580397004176, 26.873143957041059 ], [ 80.889022878689872, 26.874513782517099 ], [ 80.889699615385652, 26.876301495886437 ], [ 80.890037983733535, 26.877392683659796 ], [ 80.892302448830961, 26.877137300231382 ], [ 80.892562732175477, 26.880225079363711 ], [ 80.892849043854469, 26.881966271004615 ], [ 80.893213440536812, 26.882871680057359 ], [ 80.893655922222507, 26.883800297192234 ], [ 80.893760035560319, 26.884311033364074 ], [ 80.893629893888047, 26.884566400584447 ], [ 80.893421667212436, 26.884798552102229 ], [ 80.892875072188929, 26.885286068737276 ], [ 80.893005213861173, 26.885820013114909 ], [ 80.893109327198999, 26.886864679600503 ], [ 80.893109327198999, 26.887027182408062 ] ] ] } },
{ "type": "Feature", "properties": { "id": 67, "Zone": 6, "Ward Num": 92, "Ward Name": "Daulat Ganj" }, "geometry": { "type": "Polygon", "coordinates": [ [ [ 80.894365194336345, 26.875558553503431 ], [ 80.894287109332993, 26.875953242252315 ], [ 80.896811857774935, 26.876162194561523 ], [ 80.897826962818598, 26.876324712757242 ], [ 80.898087246163129, 26.876974783203806 ], [ 80.897046112785006, 26.877323033691088 ], [ 80.895796752731258, 26.877671283105546 ], [ 80.8948337043565, 26.877880232239278 ], [ 80.895093987701031, 26.879691108553114 ], [ 80.894937817694313, 26.879830405529496 ], [ 80.894989874363219, 26.880317943595006 ], [ 80.894755619353148, 26.881269797566997 ], [ 80.894703562684228, 26.881850192396392 ], [ 80.894963846028773, 26.883544928240749 ], [ 80.894391222670805, 26.883614574375656 ], [ 80.895770724396812, 26.884891412575811 ], [ 80.896109092744695, 26.885100348362382 ], [ 80.897176254457278, 26.887584333116916 ], [ 80.897436537801795, 26.887445045697248 ], [ 80.897826962818598, 26.887259328870595 ], [ 80.898607812852177, 26.886980753058314 ], [ 80.899440719554676, 26.886586102815304 ], [ 80.900143484584902, 26.886261095697908 ], [ 80.900664051273964, 26.885703938464808 ], [ 80.901106532959659, 26.885448573814923 ], [ 80.901705184652087, 26.885100348362382 ], [ 80.902407949682313, 26.884891412575811 ], [ 80.903032629709188, 26.884705691552341 ], [ 80.903657309736047, 26.884728906696971 ], [ 80.904308018097367, 26.884891412575811 ], [ 80.905245038137679, 26.885286068737276 ], [ 80.905192981468787, 26.884543185406446 ], [ 80.905062839796514, 26.884055665566674 ], [ 80.904958726458702, 26.884032450283744 ], [ 80.904750499783091, 26.884032450283744 ], [ 80.904542273107452, 26.883916373797597 ], [ 80.9044641881041, 26.883823512522834 ], [ 80.904360074766288, 26.883405635842202 ], [ 80.904021706418391, 26.882964542114195 ], [ 80.903891564746132, 26.882616309007624 ], [ 80.903631281401601, 26.88219842786344 ], [ 80.903605253067155, 26.88194305529251 ], [ 80.903631281401601, 26.881803760919716 ], [ 80.903657309736047, 26.881478740048919 ], [ 80.903370998057071, 26.881223365851898 ], [ 80.903084686378094, 26.880991206990277 ], [ 80.902850431368009, 26.880689399757287 ], [ 80.90272028969575, 26.880364375682053 ], [ 80.902251779675595, 26.88010899896728 ], [ 80.903058658043633, 26.8796446761895 ], [ 80.903709366404968, 26.879273216594001 ], [ 80.904255961428476, 26.878878539436272 ], [ 80.904490216438546, 26.878576726562322 ], [ 80.904672414779711, 26.878298129348064 ], [ 80.905010783127608, 26.877973098396954 ], [ 80.904750499783091, 26.877740932859705 ], [ 80.904542273107452, 26.877949881864687 ], [ 80.903995678083945, 26.87848386090052 ], [ 80.903449083060437, 26.878808890383041 ], [ 80.902850431368009, 26.879250000328749 ], [ 80.902407949682313, 26.878390995162448 ], [ 80.902694261361304, 26.878251696412267 ], [ 80.902824403033549, 26.878042747965154 ], [ 80.903605253067155, 26.87755520008659 ], [ 80.904646386445265, 26.87695156646652 ], [ 80.904386103100748, 26.876371146484537 ], [ 80.904776528117523, 26.876185411460927 ], [ 80.90550532148221, 26.875767506542136 ], [ 80.905427236478857, 26.875419251263093 ], [ 80.905401208144411, 26.875117429153502 ], [ 80.90550532148221, 26.87458343421655 ], [ 80.905583406485576, 26.874444130774723 ], [ 80.904594329776359, 26.87474595468175 ], [ 80.904334046431828, 26.87474595468175 ], [ 80.902694261361304, 26.873863697919649 ], [ 80.902355893013407, 26.874281609875673 ], [ 80.901939439662158, 26.874769171872007 ], [ 80.901679156317627, 26.875233514675628 ], [ 80.901783269655439, 26.875442468315075 ], [ 80.900507881267245, 26.875697855572152 ], [ 80.899232492879051, 26.875953242252315 ], [ 80.898373557842106, 26.876115760748402 ], [ 80.89725433946063, 26.875906808353381 ], [ 80.896135121079155, 26.875581770526814 ], [ 80.895093987701031, 26.875604987545415 ], [ 80.894365194336345, 26.875558553503431 ] ] ] } },
{ "type": "Feature", "properties": { "id": 68, "Zone": 6, "Ward Num": 90, "Ward Name": "Acharya Narendra Dev" }, "geometry": { "type": "Polygon", "coordinates": [ [ [ 80.892562732175477, 26.870032766345687 ], [ 80.892657084887873, 26.870218511476491 ], [ 80.892722155724016, 26.870369429170619 ], [ 80.892852297396274, 26.870322992978494 ], [ 80.893086552406359, 26.870648045922909 ], [ 80.893281764914747, 26.8714955009915 ], [ 80.893607119095407, 26.8714490652618 ], [ 80.893802331603808, 26.871332975854131 ], [ 80.894101657450022, 26.871286540057692 ], [ 80.894544139135718, 26.871274931105596 ], [ 80.8948337043565, 26.871205277368034 ], [ 80.89515905853716, 26.871193668407603 ], [ 80.895458384383375, 26.87108918771008 ], [ 80.895627568557316, 26.871147232553955 ], [ 80.895835795232941, 26.871274931105596 ], [ 80.895978951072436, 26.871518718849202 ], [ 80.896031007741342, 26.871588372393695 ], [ 80.896278276918636, 26.871750897163977 ], [ 80.896486503594261, 26.87170446153916 ], [ 80.896772815273252, 26.87163480806618 ], [ 80.897475580303478, 26.871402629513032 ], [ 80.89820437366815, 26.871193668407603 ], [ 80.898685897855543, 26.871007924878594 ], [ 80.899193450377382, 26.870833790043058 ], [ 80.899401677052992, 26.870810572044721 ], [ 80.8996489462303, 26.870915052999671 ], [ 80.899727031233652, 26.871007924878594 ], [ 80.899818130404242, 26.870984706916005 ], [ 80.899583875394171, 26.870740918021113 ], [ 80.899544832892488, 26.870648045922909 ], [ 80.899701002899207, 26.870578391799189 ], [ 80.8996489462303, 26.870439083423037 ], [ 80.899375648718546, 26.869986330015323 ], [ 80.899401677052992, 26.869812193606613 ], [ 80.899661960397538, 26.869719320745649 ], [ 80.899922243742054, 26.869568402183905 ], [ 80.900065399581536, 26.869405874276783 ], [ 80.900351711260527, 26.86932461023563 ], [ 80.900468838765562, 26.869150472807945 ], [ 80.900507881267245, 26.86891828915391 ], [ 80.900638022939503, 26.868929898347933 ], [ 80.901158589628565, 26.868860243165916 ], [ 80.901223660464709, 26.868964725922851 ], [ 80.901184617963025, 26.869069208583259 ], [ 80.901080504625213, 26.869069208583259 ], [ 80.900807207113459, 26.86904599022262 ], [ 80.90071610794287, 26.869150472807945 ], [ 80.90071610794287, 26.869313001082126 ], [ 80.90074213627733, 26.869521965662848 ], [ 80.900976391287401, 26.86983541180993 ], [ 80.901236674631932, 26.870288165821883 ], [ 80.901327773802521, 26.87025333865455 ], [ 80.901470929642002, 26.87023012053703 ], [ 80.901536000478131, 26.870299774875274 ], [ 80.901757241320993, 26.870276556767298 ], [ 80.90216068050502, 26.870090811731849 ], [ 80.90281138886634, 26.869881848202276 ], [ 80.903475111394883, 26.869614838685891 ], [ 80.904125819756203, 26.869394265131628 ], [ 80.903826493910003, 26.86852357584802 ], [ 80.90378745140832, 26.868244953861478 ], [ 80.904425145602417, 26.867954721895543 ], [ 80.90520599563601, 26.86767609850752 ], [ 80.90520599563601, 26.867060802760612 ], [ 80.905101882298197, 26.866782177170311 ], [ 80.904919683957033, 26.866224923930464 ], [ 80.904802556451983, 26.866201704985887 ], [ 80.904594329776359, 26.866236533400965 ], [ 80.904008692251182, 26.866166876560094 ], [ 80.903449083060437, 26.866027562749633 ], [ 80.90281138886634, 26.865899858272616 ], [ 80.902824403033549, 26.865481915339736 ], [ 80.903084686378094, 26.865377429365211 ], [ 80.903305927220941, 26.865354210246643 ], [ 80.903579224732695, 26.865447086692285 ], [ 80.904047734752851, 26.865632839354767 ], [ 80.90455528727469, 26.865632839354767 ], [ 80.905036811462054, 26.865447086692285 ], [ 80.904906669789796, 26.865180066705513 ], [ 80.904620358110819, 26.86465763447341 ], [ 80.904490216438546, 26.864448660904927 ], [ 80.90443815976964, 26.864146809513265 ], [ 80.904594329776359, 26.864007493214658 ], [ 80.904802556451983, 26.863810128164584 ], [ 80.905127910632643, 26.863624372508738 ], [ 80.905166953134326, 26.86351988481827 ], [ 80.905049825629277, 26.863368957983866 ], [ 80.904880641455335, 26.863090323298994 ], [ 80.9047635139503, 26.862904566461093 ], [ 80.904815570619206, 26.862788468282506 ], [ 80.904945712291479, 26.862707199486604 ], [ 80.905010783127608, 26.862579491260771 ], [ 80.904997768960385, 26.862324074376595 ], [ 80.904893655622573, 26.862173145946684 ], [ 80.904737485615854, 26.861743579313206 ], [ 80.904685428946948, 26.861859678564198 ], [ 80.904373088933511, 26.862184755833052 ], [ 80.903318941388164, 26.862974225311053 ], [ 80.902902488036929, 26.863264470057473 ], [ 80.901509972143685, 26.864135199828269 ], [ 80.901028447956307, 26.864448660904927 ], [ 80.90071610794287, 26.864634415207089 ], [ 80.900559937936151, 26.864251296624623 ], [ 80.900703093775633, 26.86422807727488 ], [ 80.900520895434468, 26.863752079554892 ], [ 80.899935257909291, 26.863868176744464 ], [ 80.899987314578183, 26.86429773530978 ], [ 80.898829053695039, 26.863740469829388 ], [ 80.898451642845473, 26.863659201717443 ], [ 80.897410509467349, 26.862927786082516 ], [ 80.896473489427038, 26.862846517386696 ], [ 80.895783738564035, 26.862277634881135 ], [ 80.895666611058999, 26.862231195366629 ], [ 80.89557551188841, 26.862300854631243 ], [ 80.89557551188841, 26.862451782890766 ], [ 80.896304305253096, 26.86310193309123 ], [ 80.896720758604346, 26.863136762460805 ], [ 80.89706563403584, 26.863206421167767 ], [ 80.897664285728268, 26.863485055566667 ], [ 80.898054710745058, 26.863740469829388 ], [ 80.898288965755128, 26.863903005878107 ], [ 80.899043787454275, 26.86422807727488 ], [ 80.899356127467698, 26.864367393301794 ], [ 80.899616410812243, 26.864553147737421 ], [ 80.899095844123167, 26.864692463363955 ], [ 80.898393079092941, 26.864971094102241 ], [ 80.897456059052644, 26.865319381559871 ], [ 80.897117690704761, 26.865644448886044 ], [ 80.89685740736023, 26.865946296280942 ], [ 80.896701237353497, 26.866201704985887 ], [ 80.896649180684605, 26.866712520665473 ], [ 80.896597124015685, 26.867223334037952 ], [ 80.896519039012333, 26.867525177219076 ], [ 80.894384715587179, 26.868755760312446 ], [ 80.893994290570404, 26.86898794430018 ], [ 80.893942233901484, 26.869173691147122 ], [ 80.894072375573757, 26.869382655985262 ], [ 80.894254573914935, 26.869545183925755 ], [ 80.893734007225859, 26.869777366292681 ], [ 80.893135355533445, 26.869707711632667 ], [ 80.892562732175477, 26.870032766345687 ] ] ] } },
{ "type": "Feature", "properties": { "id": 69, "Zone": 6, "Ward Num": 59, "Ward Name": "Hussainabad" }, "geometry": { "type": "Polygon", "coordinates": [ [ [ 80.896476742968844, 26.872424211580867 ], [ 80.897444671656316, 26.874629868659028 ], [ 80.901352175366057, 26.873248435839958 ], [ 80.902679620423172, 26.873863697919649 ], [ 80.904319405493695, 26.87474595468175 ], [ 80.904595956547254, 26.874722737486742 ], [ 80.905585033256486, 26.874455739401437 ], [ 80.905480919918674, 26.874595042828965 ], [ 80.905363792413624, 26.875129037711094 ], [ 80.905402834915307, 26.875396034206354 ], [ 80.90550694825312, 26.875767506542136 ], [ 80.904791169055656, 26.876150586110036 ], [ 80.904374715704421, 26.876371146484537 ], [ 80.904648013216175, 26.876939958096084 ], [ 80.903554823169145, 26.87755520008659 ], [ 80.902800001470013, 26.878042747965154 ], [ 80.9026958881322, 26.878274912882553 ], [ 80.902383548118763, 26.878402603383869 ], [ 80.902826029804473, 26.879250000328749 ], [ 80.90341166732965, 26.878808890383041 ], [ 80.903958262353157, 26.878495469112426 ], [ 80.904530885711125, 26.877926665327653 ], [ 80.904752126553987, 26.877729324570321 ], [ 80.904999395731281, 26.877996314924463 ], [ 80.904648013216175, 26.878321345808807 ], [ 80.904478829042233, 26.878588334764686 ], [ 80.904257588199371, 26.878890147607642 ], [ 80.903724007343087, 26.879273216594001 ], [ 80.903073298981766, 26.8796446761895 ], [ 80.902227378112045, 26.880120607012294 ], [ 80.9026958881322, 26.880341159640913 ], [ 80.902839043971682, 26.880666183782903 ], [ 80.903086313149004, 26.880967991077888 ], [ 80.903359610660758, 26.881211757920138 ], [ 80.903619894005274, 26.88149034795325 ], [ 80.903619894005274, 26.881803760919716 ], [ 80.903593865670828, 26.881954663149159 ], [ 80.903632908172511, 26.88218682003183 ], [ 80.903906205684265, 26.882604701218924 ], [ 80.903997304854855, 26.882952934361256 ], [ 80.904036347356524, 26.882976149865925 ], [ 80.904361701537184, 26.883417243548628 ], [ 80.904465814874996, 26.883823512522834 ], [ 80.904556914045585, 26.883986019703592 ], [ 80.904739112386764, 26.884032450283744 ], [ 80.904947339062389, 26.884020842640496 ], [ 80.905077480734647, 26.884102096118212 ], [ 80.905168579905222, 26.884543185406446 ], [ 80.905220636574143, 26.885123563425935 ], [ 80.905272693243035, 26.885402143816584 ], [ 80.905376806580847, 26.88549500379419 ], [ 80.90574120326319, 26.885750368339156 ], [ 80.906131628279994, 26.885994124866496 ], [ 80.906522053296783, 26.886295917933779 ], [ 80.907120704989197, 26.886620924951025 ], [ 80.907888540855566, 26.887038789742515 ], [ 80.909987075320828, 26.88818790995148 ], [ 80.910585727013256, 26.88839683964304 ], [ 80.911223421207353, 26.888454875599912 ], [ 80.911665902893048, 26.888315589253324 ], [ 80.911848101234213, 26.888211124380724 ], [ 80.912004271240932, 26.888211124380724 ], [ 80.912147427080427, 26.888060230505353 ], [ 80.912329625421606, 26.887758442150059 ], [ 80.912759092940064, 26.887154863021479 ], [ 80.913019376284595, 26.886887894301609 ], [ 80.913240617127457, 26.886829857539919 ], [ 80.913422815468621, 26.886678961820017 ], [ 80.913631042144246, 26.886400384576969 ], [ 80.913761183816504, 26.886110199218528 ], [ 80.913748169649296, 26.885970909981797 ], [ 80.913696112980375, 26.885703938464808 ], [ 80.913266645461903, 26.885158386012328 ], [ 80.913214588792997, 26.885123563425935 ], [ 80.912772107107301, 26.884705691552341 ], [ 80.912368667923275, 26.884160134280798 ], [ 80.911727720187372, 26.88338242042575 ], [ 80.911285238501677, 26.882813641233078 ], [ 80.911259210167216, 26.882813641233078 ], [ 80.910634530140356, 26.882001094563837 ], [ 80.909606410929456, 26.880538495838586 ], [ 80.909098858407631, 26.879691108553114 ], [ 80.909020773404265, 26.879250000328749 ], [ 80.909033787571488, 26.878402603383869 ], [ 80.909085844240408, 26.878124005740474 ], [ 80.90922900007989, 26.87791505705734 ], [ 80.909476269257198, 26.877868623964194 ], [ 80.90987970844121, 26.877717716279758 ], [ 80.910100949284072, 26.877473941902405 ], [ 80.910361232628588, 26.877044433387088 ], [ 80.910543430969767, 26.876138977657348 ], [ 80.910634530140356, 26.87596485072407 ], [ 80.911037969324369, 26.875279948851105 ], [ 80.911181125163864, 26.874943300646855 ], [ 80.912027046033586, 26.874026219419445 ], [ 80.912964066073897, 26.873318088318925 ], [ 80.913640802769663, 26.872969825495023 ], [ 80.91295105190666, 26.870973097932943 ], [ 80.912729811063812, 26.870961488948673 ], [ 80.911988003531903, 26.871193668407603 ], [ 80.911480451010078, 26.871367802688944 ], [ 80.911389351839489, 26.871356193745207 ], [ 80.911255956625411, 26.871361998217221 ], [ 80.909224119767188, 26.872273296629142 ], [ 80.908534368904171, 26.872604148375434 ], [ 80.908000788047886, 26.872853737648672 ], [ 80.907922703044534, 26.872836324461435 ], [ 80.907584334696651, 26.872110772609727 ], [ 80.907447685940767, 26.871501305456377 ], [ 80.907395629271861, 26.870926661988712 ], [ 80.90729802301766, 26.870288165821883 ], [ 80.907257353745081, 26.869858630008476 ], [ 80.907302903330375, 26.86945811541527 ], [ 80.907472087504317, 26.86906340399355 ], [ 80.907543665424058, 26.868877656965445 ], [ 80.90753715834046, 26.868726737280458 ], [ 80.907452566253482, 26.868755760312446 ], [ 80.907179268741714, 26.868813806354066 ], [ 80.906606645383746, 26.868970530517622 ], [ 80.906047036193016, 26.869109840702897 ], [ 80.905871344935463, 26.869138863636554 ], [ 80.905819288266557, 26.869121449877252 ], [ 80.905773738681262, 26.868866047766055 ], [ 80.905708667845133, 26.868587426623264 ], [ 80.905611061590918, 26.868285586277274 ], [ 80.905480919918674, 26.868082424052318 ], [ 80.905251545221304, 26.867664489184786 ], [ 80.905196235010592, 26.86767609850752 ], [ 80.904389356642554, 26.86796633118848 ], [ 80.903790704950126, 26.868244953861478 ], [ 80.903829747451809, 26.86852357584802 ], [ 80.904103044963563, 26.869429092563532 ], [ 80.903478364936703, 26.869626447808404 ], [ 80.902801628240908, 26.869881848202276 ], [ 80.902124891545128, 26.870090811731849 ], [ 80.901734466528339, 26.870276556767298 ], [ 80.901513225685491, 26.870311383927483 ], [ 80.901435140682139, 26.870206902414754 ], [ 80.901304999009866, 26.87024172959639 ], [ 80.901213899839277, 26.870288165821883 ], [ 80.90095361649476, 26.86980058450316 ], [ 80.900732375651899, 26.869545183925755 ], [ 80.90069333315023, 26.86932461023563 ], [ 80.90069333315023, 26.869138863636554 ], [ 80.900823474822488, 26.86904599022262 ], [ 80.901096772334242, 26.869069208583259 ], [ 80.901174857337608, 26.869069208583259 ], [ 80.901213899839277, 26.868964725922851 ], [ 80.901161843170385, 26.868837024762374 ], [ 80.900628262314086, 26.868953116732403 ], [ 80.900472092307368, 26.869127254463997 ], [ 80.900354964802332, 26.869359437688995 ], [ 80.900055638956132, 26.869394265131628 ], [ 80.8998994689494, 26.869603229562188 ], [ 80.899613157270423, 26.869742538968037 ], [ 80.899378902260352, 26.869812193606613 ], [ 80.899352873925892, 26.870009548182892 ], [ 80.899678228106566, 26.870450692460945 ], [ 80.899730284775458, 26.870590000822784 ], [ 80.899483015598165, 26.870694481981541 ], [ 80.899847412280508, 26.870996315897898 ], [ 80.899717270608235, 26.871031142836408 ], [ 80.899886454782177, 26.871240104242172 ], [ 80.899691242273789, 26.871344584800262 ], [ 80.896776068815058, 26.872250078926392 ], [ 80.896515785470527, 26.872296514327143 ], [ 80.896476742968844, 26.872424211580867 ] ] ] } },
{ "type": "Feature", "properties": { "id": 70, "Zone": 6, "Ward Num": 104, "Ward Name": "Chowk Kaliji Bazar" }, "geometry": { "type": "Polygon", "coordinates": [ [ [ 80.905438623875185, 26.860338768932856 ], [ 80.905467905751436, 26.860315548780012 ], [ 80.905409341998919, 26.86063482546383 ], [ 80.905357285330012, 26.860913466196997 ], [ 80.905155565737999, 26.861110836301062 ], [ 80.904882268226245, 26.86116888626615 ], [ 80.904804183222893, 26.86127918111773 ], [ 80.904778154888433, 26.861656504796766 ], [ 80.904739112386764, 26.861755189243667 ], [ 80.904895282393468, 26.862173145946684 ], [ 80.904979874480446, 26.862312464504519 ], [ 80.905005902814892, 26.862596906027328 ], [ 80.904940831978763, 26.86271880931816 ], [ 80.904823704473728, 26.862794273194268 ], [ 80.904758633637599, 26.862910371366898 ], [ 80.904875761142634, 26.863078713505551 ], [ 80.905044945316575, 26.86334573845301 ], [ 80.905168579905222, 26.86353149456642 ], [ 80.905123030319928, 26.863624372508738 ], [ 80.904804183222893, 26.863798518445019 ], [ 80.904569928212823, 26.86401329806386 ], [ 80.904433279456939, 26.864135199828269 ], [ 80.904491843209456, 26.864454465731484 ], [ 80.904621984881715, 26.86465763447341 ], [ 80.904901789477094, 26.865168457126583 ], [ 80.905031931149352, 26.865447086692285 ], [ 80.904537392794751, 26.865621229822295 ], [ 80.904055868607372, 26.865632839354767 ], [ 80.904016826105689, 26.865621229822295 ], [ 80.903587358587217, 26.865441281916667 ], [ 80.903281525657391, 26.865330991123319 ], [ 80.903060284814543, 26.865377429365211 ], [ 80.902819522720847, 26.865476110565911 ], [ 80.902806508553624, 26.865911467776488 ], [ 80.903431188580498, 26.8660217580038 ], [ 80.904010319022078, 26.866166876560094 ], [ 80.904608970714492, 26.866224923930464 ], [ 80.904823704473728, 26.866184290774331 ], [ 80.904940831978763, 26.866230728665865 ], [ 80.90509049490187, 26.866758958340132 ], [ 80.905220636574143, 26.867089826220131 ], [ 80.905201115323294, 26.867670293846299 ], [ 80.905240157824977, 26.86767609850752 ], [ 80.905493934085897, 26.868088228692383 ], [ 80.905624075758155, 26.868291390906908 ], [ 80.905695653677896, 26.868593231237412 ], [ 80.905825795350168, 26.869115645290229 ], [ 80.905890866186297, 26.869144668222408 ], [ 80.906040529109404, 26.869104036115278 ], [ 80.906606645383746, 26.868976335112112 ], [ 80.907185775825326, 26.868802197148124 ], [ 80.907452566253482, 26.868744151100547 ], [ 80.907543665424058, 26.868715128065585 ], [ 80.907556679591295, 26.868842829363711 ], [ 80.907520890631417, 26.86891828915391 ], [ 80.907468833962511, 26.869080817761787 ], [ 80.907338692290239, 26.869440701705113 ], [ 80.907286635621332, 26.869870239105975 ], [ 80.907286635621332, 26.870322992978494 ], [ 80.907416777293605, 26.870949879963206 ], [ 80.907429791460828, 26.871541936702126 ], [ 80.907546918965863, 26.872133990341087 ], [ 80.907677060638136, 26.872389385071436 ], [ 80.907807202310394, 26.872691214463554 ], [ 80.907937343982667, 26.872888564015092 ], [ 80.908340783166693, 26.872679605655676 ], [ 80.909108619033034, 26.872319732020365 ], [ 80.909915497401087, 26.87195985723967 ], [ 80.911164857454835, 26.871391020572869 ], [ 80.911386098297683, 26.871298149008581 ], [ 80.911073758284246, 26.870949879963206 ], [ 80.910787446605255, 26.870578391799189 ], [ 80.910761418270809, 26.870021157264894 ], [ 80.910969644946434, 26.869382655985262 ], [ 80.911125814953138, 26.868604840464801 ], [ 80.911177871622058, 26.86807081477129 ], [ 80.911268970792648, 26.867803800978905 ], [ 80.911451169133812, 26.86733942766449 ], [ 80.911177871622058, 26.866062391218325 ], [ 80.911112800785929, 26.865377429365211 ], [ 80.910865531608621, 26.864959484501856 ], [ 80.910488120759041, 26.864344173975894 ], [ 80.909980568237216, 26.863763689279214 ], [ 80.909863440732181, 26.863554714059145 ], [ 80.909147661534732, 26.863937835001011 ], [ 80.90860106651121, 26.86305549391512 ], [ 80.908327768999456, 26.863090323298994 ], [ 80.906714012263365, 26.86097732126834 ], [ 80.905855077226434, 26.859932415570036 ], [ 80.905633836383572, 26.860118177288435 ], [ 80.90552972304576, 26.86022266812099 ], [ 80.905438623875185, 26.860338768932856 ] ] ] } },
{ "type": "Feature", "properties": { "id": 71, "Zone": 2, "Ward Num": 71, "Ward Name": "Netaji Subhash Chandra Bose" }, "geometry": { "type": "Polygon", "coordinates": [ [ [ 80.913139757331436, 26.862440173031807 ], [ 80.912759092940064, 26.862440173031807 ], [ 80.912342639588829, 26.862556271567858 ], [ 80.912173455414887, 26.862614320791206 ], [ 80.912108384578744, 26.862858127203957 ], [ 80.911991257073723, 26.862985835115207 ], [ 80.910494627842667, 26.86353149456642 ], [ 80.910000089488051, 26.863752079554892 ], [ 80.910494627842667, 26.864379002962963 ], [ 80.91085902452501, 26.864936265297494 ], [ 80.911132322036764, 26.86536581980652 ], [ 80.911145336203987, 26.866097219676313 ], [ 80.911444662050201, 26.867362646375501 ], [ 80.911301506210705, 26.867641270535749 ], [ 80.911187632247476, 26.86807081477129 ], [ 80.911083518909663, 26.868604840464801 ], [ 80.910966391404628, 26.869405874276783 ], [ 80.910745150561766, 26.870009548182892 ], [ 80.910771178896226, 26.870590000822784 ], [ 80.91107050474244, 26.870926661988712 ], [ 80.911408873090323, 26.871321366906805 ], [ 80.911473943926453, 26.871379411631498 ], [ 80.911968482281068, 26.871182059445978 ], [ 80.912749332314661, 26.870949879963206 ], [ 80.912840431485236, 26.870891835018025 ], [ 80.912918516488602, 26.870938270976556 ], [ 80.91379046569277, 26.873410958224135 ], [ 80.914180890709559, 26.87452539113665 ], [ 80.915078868248187, 26.874014610748635 ], [ 80.916146029960771, 26.873248435839958 ], [ 80.916718653318739, 26.873074304454832 ], [ 80.917915956703567, 26.872911781586751 ], [ 80.918892019245547, 26.872749258485065 ], [ 80.919477656770738, 26.872493864567563 ], [ 80.920323577640474, 26.872157208067676 ], [ 80.921208541011865, 26.871855377250082 ], [ 80.921716093533703, 26.871553545626806 ], [ 80.922054461881586, 26.871274931105596 ], [ 80.922562014403411, 26.870938270976556 ], [ 80.922952439420214, 26.870485519567492 ], [ 80.923082581092473, 26.870195293351834 ], [ 80.922379816062247, 26.869347828539059 ], [ 80.921533895192525, 26.868198516796976 ], [ 80.921026342670686, 26.867188505926759 ], [ 80.920596875152228, 26.866375846954028 ], [ 80.920336591807697, 26.865516743976471 ], [ 80.920037265961483, 26.8643093449781 ], [ 80.919737940115269, 26.863159982034556 ], [ 80.919399571767386, 26.861673919705421 ], [ 80.919087231753949, 26.861848068644449 ], [ 80.918761877573289, 26.862080266812789 ], [ 80.918631735901016, 26.86198738760265 ], [ 80.918579679232124, 26.861975777696031 ], [ 80.918345424222039, 26.862161536059112 ], [ 80.918189254215321, 26.862184755833052 ], [ 80.917981027539696, 26.862393733584028 ], [ 80.917876914201884, 26.862602710948924 ], [ 80.917538545854001, 26.86271880931816 ], [ 80.917382375847282, 26.862800078105721 ], [ 80.91725223417501, 26.862800078105721 ], [ 80.917135106669974, 26.862800078105721 ], [ 80.917148120837197, 26.863032274319917 ], [ 80.91695290832881, 26.862997444918179 ], [ 80.916614539980912, 26.863113542882278 ], [ 80.916367270803605, 26.863113542882278 ], [ 80.916106987459074, 26.863148372248265 ], [ 80.91618507246244, 26.863543104313386 ], [ 80.916146029960771, 26.863612762770117 ], [ 80.913347984007075, 26.862521442019549 ], [ 80.913139757331436, 26.862440173031807 ] ] ] } },
{ "type": "Feature", "properties": { "id": 72, "Zone": 1, "Ward Num": 79, "Ward Name": "Mashk Ganj" }, "geometry": { "type": "Polygon", "coordinates": [ [ [ 80.916139522877145, 26.858051560992749 ], [ 80.916712146235113, 26.858121222830992 ], [ 80.916868316241832, 26.858005119743439 ], [ 80.916972429579644, 26.857772913210887 ], [ 80.917232712924175, 26.857703251158195 ], [ 80.917545052937612, 26.857610368354564 ], [ 80.917362854596433, 26.857354940251394 ], [ 80.917232712924175, 26.857076290753902 ], [ 80.917102571251903, 26.85670475702311 ], [ 80.917102571251903, 26.856310001097405 ], [ 80.917258741258621, 26.856240338144019 ], [ 80.9174409395998, 26.856101012108585 ], [ 80.91767519460987, 26.855961685901597 ], [ 80.917779307947697, 26.855613369633559 ], [ 80.917831364616589, 26.85535793702222 ], [ 80.91809164796112, 26.855381158192536 ], [ 80.918430016309017, 26.85521860990027 ], [ 80.918690299653548, 26.855079282606777 ], [ 80.918924554663619, 26.855079282606777 ], [ 80.919106753004783, 26.855148946274962 ], [ 80.919210866342596, 26.855241831099175 ], [ 80.91941909301822, 26.855311494667298 ], [ 80.919731433031657, 26.855195388696597 ], [ 80.920017744710634, 26.855195388696597 ], [ 80.919809518035024, 26.854707742318737 ], [ 80.919705404697211, 26.854521971717251 ], [ 80.919471149687126, 26.854312979426037 ], [ 80.919002639666971, 26.853987879539179 ], [ 80.918820441325792, 26.853755664762453 ], [ 80.919054696335877, 26.853500227957674 ], [ 80.919887603038376, 26.852664248928932 ], [ 80.920460226396344, 26.85199081688695 ], [ 80.920356113058531, 26.851549600617666 ], [ 80.920382141392977, 26.851410268806831 ], [ 80.920720509740875, 26.851178048740916 ], [ 80.920538311399696, 26.85099227234512 ], [ 80.920434198061884, 26.850783273535349 ], [ 80.920408169727438, 26.850574274339625 ], [ 80.920616396403062, 26.850109830300664 ], [ 80.920304056389611, 26.850295608144961 ], [ 80.920095829714001, 26.850365274757944 ], [ 80.918039591292214, 26.851340602837084 ], [ 80.91639980622169, 26.85215336981571 ], [ 80.916087466208239, 26.852362366095338 ], [ 80.915384701178013, 26.855288273482682 ], [ 80.915202502836848, 26.856310001097405 ], [ 80.915462786181379, 26.857053069931474 ], [ 80.916139522877145, 26.858051560992749 ] ] ] } },
{ "type": "Feature", "properties": { "id": 73, "Zone": 1, "Ward Num": 95, "Ward Name": "Wazeer Ganj" }, "geometry": { "type": "Polygon", "coordinates": [ [ [ 80.916093973291851, 26.858051560992749 ], [ 80.916878076867249, 26.858806228622399 ], [ 80.917398643556325, 26.859526060747658 ], [ 80.917919210245373, 26.860002076250176 ], [ 80.91855690443947, 26.860559360147164 ], [ 80.918895272787353, 26.860954101246563 ], [ 80.919415839476414, 26.861697139579444 ], [ 80.919754207824298, 26.863148372248265 ], [ 80.920053533670512, 26.864332564311148 ], [ 80.920317070556848, 26.865539963061654 ], [ 80.920564339734156, 26.866375846954028 ], [ 80.921006821419851, 26.867176896553975 ], [ 80.921423274771101, 26.868012768348322 ], [ 80.921722600617315, 26.868465529657435 ], [ 80.922308238142506, 26.869278173614461 ], [ 80.922685648992072, 26.869672884286562 ], [ 80.922750719828201, 26.869649666049874 ], [ 80.923193201513897, 26.869231736974232 ], [ 80.924650788243255, 26.867931503306096 ], [ 80.925717949955839, 26.866666082971758 ], [ 80.925142073056065, 26.866132048123568 ], [ 80.924920832213218, 26.865992734270208 ], [ 80.924660548868687, 26.865702496524545 ], [ 80.924309166353581, 26.865272943294151 ], [ 80.92404888300905, 26.864959484501856 ], [ 80.923788599664505, 26.864529928449652 ], [ 80.923476259651082, 26.863961054410332 ], [ 80.923242004640997, 26.863589543289301 ], [ 80.922799522955302, 26.862869737020031 ], [ 80.922461154607419, 26.862231195366629 ], [ 80.922135800426744, 26.861615869999497 ], [ 80.921901545416674, 26.861186301249852 ], [ 80.921732361242732, 26.860988931277451 ], [ 80.921120695383081, 26.860315548780012 ], [ 80.920821369536881, 26.859978856028224 ], [ 80.920587114526796, 26.8598279244694 ], [ 80.920365873683949, 26.859642162274412 ], [ 80.92023573201169, 26.859456399774409 ], [ 80.920118604506641, 26.859479620103585 ], [ 80.920066547837749, 26.859514450588428 ], [ 80.919806264493204, 26.859746653546619 ], [ 80.919663108653722, 26.859885975092773 ], [ 80.919545981148673, 26.859862754846993 ], [ 80.918765131115094, 26.859212586030264 ], [ 80.91879115944954, 26.858794618389304 ], [ 80.918869244452907, 26.858643685250595 ], [ 80.918999386125165, 26.858376649204224 ], [ 80.9191165136302, 26.858086391917233 ], [ 80.919376796974731, 26.857703251158195 ], [ 80.919702151155406, 26.857401381767573 ], [ 80.920118604506641, 26.857180784395879 ], [ 80.920626157028479, 26.8569021344695 ], [ 80.921055624546952, 26.856774419690552 ], [ 80.921328922058706, 26.85655382109648 ], [ 80.921719347075509, 26.85627516962608 ], [ 80.922122786259521, 26.856008127989654 ], [ 80.922487182941865, 26.855799138443274 ], [ 80.922070729590615, 26.855683032972951 ], [ 80.921745375409955, 26.855601759072826 ], [ 80.921420021229295, 26.855404379358081 ], [ 80.921081652881412, 26.855125725057 ], [ 80.9209775395436, 26.854754184921461 ], [ 80.920899454540233, 26.854475529019226 ], [ 80.920899454540233, 26.85427814733999 ], [ 80.920639171195702, 26.853790497009335 ], [ 80.919598037817593, 26.854266536642239 ], [ 80.919598037817593, 26.854452307663074 ], [ 80.919728179489852, 26.854533582388779 ], [ 80.919806264493204, 26.854742574272564 ], [ 80.920001477001605, 26.855183778092979 ], [ 80.91988434949657, 26.855172167488163 ], [ 80.919689136988168, 26.855206999299032 ], [ 80.919545981148673, 26.85521860990027 ], [ 80.919402825309191, 26.855311494667298 ], [ 80.919324740305839, 26.855311494667298 ], [ 80.919155556131898, 26.855241831099175 ], [ 80.919064456961308, 26.855148946274962 ], [ 80.918921301121813, 26.855090893221121 ], [ 80.918843216118447, 26.85506767199124 ], [ 80.918674031944505, 26.85506767199124 ], [ 80.918504847770564, 26.855137335666573 ], [ 80.918358438389262, 26.855241831099175 ], [ 80.918046098375825, 26.855450821674872 ], [ 80.917811843365754, 26.855404379358081 ], [ 80.917707730027942, 26.855706254076537 ], [ 80.917681701693482, 26.855984906948009 ], [ 80.917369361680059, 26.85614745413946 ], [ 80.91718716333888, 26.856286780117703 ], [ 80.917057021666622, 26.856379664007889 ], [ 80.917057021666622, 26.85670475702311 ], [ 80.917213191673326, 26.857122732384472 ], [ 80.917369361680059, 26.857378161011862 ], [ 80.917525531686778, 26.857610368354564 ], [ 80.917135106669974, 26.857749692531431 ], [ 80.916848794990983, 26.857772913210887 ], [ 80.916822766656551, 26.858074781610259 ], [ 80.916614539980912, 26.858144443434202 ], [ 80.916093973291851, 26.858051560992749 ] ] ] } },
{ "type": "Feature", "properties": { "id": 74, "Zone": 1, "Ward Num": 46, "Ward Name": "Golaganj Peer Jaleel" }, "geometry": { "type": "Polygon", "coordinates": [ [ [ 80.920603382235825, 26.850121441424864 ], [ 80.920421183894661, 26.850585885416177 ], [ 80.920434198061884, 26.850794884590467 ], [ 80.920577353901379, 26.851003883378802 ], [ 80.920759552242544, 26.851131604670559 ], [ 80.920369127225754, 26.851421879797609 ], [ 80.920356113058531, 26.851584433543557 ], [ 80.920473240563567, 26.851979205954539 ], [ 80.919848560536693, 26.852687470652004 ], [ 80.919080724670337, 26.853511838734036 ], [ 80.918833455493029, 26.853767275512602 ], [ 80.919028668001431, 26.853953047353055 ], [ 80.919471149687126, 26.854301368731889 ], [ 80.919575263024939, 26.854336200810799 ], [ 80.919601291359399, 26.854266536642239 ], [ 80.920642424737522, 26.853778886261573 ], [ 80.920902708082039, 26.854266536642239 ], [ 80.920902708082039, 26.854521971717251 ], [ 80.920941750583708, 26.854742574272564 ], [ 80.921097920590441, 26.855125725057 ], [ 80.921397246436655, 26.855381158192536 ], [ 80.921761643118998, 26.855601759072826 ], [ 80.922073983132421, 26.855659811864577 ], [ 80.922503450650908, 26.855810748983764 ], [ 80.922113025634104, 26.856031349026527 ], [ 80.921722600617315, 26.85627516962608 ], [ 80.921306147266066, 26.85655382109648 ], [ 80.921032849754297, 26.856797640570178 ], [ 80.920603382235825, 26.8569021344695 ], [ 80.920108843881223, 26.857180784395879 ], [ 80.919692390529974, 26.857401381767573 ], [ 80.919367036349314, 26.857691640811925 ], [ 80.919106753004783, 26.858109612527592 ], [ 80.919002639666971, 26.858388259480218 ], [ 80.918885512161935, 26.858643685250595 ], [ 80.918781398824123, 26.858806228622399 ], [ 80.918755370489677, 26.859224196220474 ], [ 80.919549234690493, 26.859874364970487 ], [ 80.919666362195528, 26.859885975092773 ], [ 80.919796503867786, 26.859735043410033 ], [ 80.920056787212317, 26.859491230266389 ], [ 80.920121858048446, 26.859433179440451 ], [ 80.920251999720719, 26.859456399774409 ], [ 80.920382141392977, 26.859630552127101 ], [ 80.920616396403062, 26.859839534596457 ], [ 80.920824623078687, 26.859967245915467 ], [ 80.92113696309211, 26.860327158857043 ], [ 80.921722600617315, 26.86096571125805 ], [ 80.921904798958479, 26.861174691261009 ], [ 80.92213905396855, 26.861592650108793 ], [ 80.922451393981987, 26.862219585485033 ], [ 80.92278976232987, 26.862858127203957 ], [ 80.923219229848357, 26.863577933547116 ], [ 80.923495780901916, 26.863995883515361 ], [ 80.923808120915353, 26.864541538094141 ], [ 80.924029361758201, 26.864971094102241 ], [ 80.924289645102732, 26.865272943294151 ], [ 80.924641027617852, 26.865679277472719 ], [ 80.924914325129606, 26.865981124774667 ], [ 80.925148580139677, 26.866120438642326 ], [ 80.925734217664868, 26.86664286411775 ], [ 80.927946626093373, 26.864332564311148 ], [ 80.929104886976518, 26.86310193309123 ], [ 80.930471374535315, 26.861685529643029 ], [ 80.933334491325141, 26.859200975838871 ], [ 80.932488570455419, 26.857738082189918 ], [ 80.931743509381704, 26.856971797015429 ], [ 80.932862727763165, 26.856182285650107 ], [ 80.932016806893458, 26.855427600518855 ], [ 80.93141815520103, 26.854777406215664 ], [ 80.930377021822906, 26.853569892597978 ], [ 80.929557129287645, 26.854185261724734 ], [ 80.928737236752383, 26.853418952489793 ], [ 80.927943372551567, 26.852838411735853 ], [ 80.92763103253813, 26.852803579195914 ], [ 80.927019366678493, 26.852269478907594 ], [ 80.926446743320525, 26.851630877428097 ], [ 80.926043304136499, 26.851131604670559 ], [ 80.925809049126428, 26.85086455089613 ], [ 80.925184369099554, 26.850458163508563 ], [ 80.924741887413845, 26.850016941264162 ], [ 80.924312419895372, 26.849645384355814 ], [ 80.92426036322648, 26.849343493469643 ], [ 80.924299405728149, 26.849053213012031 ], [ 80.924078164885302, 26.84872809801568 ], [ 80.924065150718079, 26.84865843039497 ], [ 80.923635683199592, 26.848693264210695 ], [ 80.922073983132421, 26.849436383058848 ], [ 80.920603382235825, 26.850121441424864 ] ] ] } },
{ "type": "Feature", "properties": { "id": 75, "Zone": 3, "Ward Num": 12, "Ward Name": "Faizullah Ganj 2nd" }, "geometry": { "type": "Polygon", "coordinates": [ [ [ 80.92646626457136, 26.89930707550819 ], [ 80.926049811220111, 26.898982104985723 ], [ 80.925451159527697, 26.898657133528197 ], [ 80.925086762845353, 26.898471435132656 ], [ 80.924826479500823, 26.898285736431795 ], [ 80.924253856142855, 26.898123249818067 ], [ 80.92404562946723, 26.89814646220578 ], [ 80.923889459460511, 26.898123249818067 ], [ 80.923603147781535, 26.898123249818067 ], [ 80.923420949440356, 26.898308948786084 ], [ 80.923212722764731, 26.898308948786084 ], [ 80.923004496089121, 26.89826252407271 ], [ 80.922848326082388, 26.89814646220578 ], [ 80.922666127741223, 26.89814646220578 ], [ 80.922509957734505, 26.898100037425611 ], [ 80.92232775939334, 26.897914338114095 ], [ 80.921859249373185, 26.897659001062266 ], [ 80.922041447714363, 26.897450088499596 ], [ 80.922171589386622, 26.89710190003645 ], [ 80.922562014403411, 26.896544796262873 ], [ 80.922822297747956, 26.896126966629453 ], [ 80.923316836102543, 26.895755561213342 ], [ 80.923655204450441, 26.89550021928137 ], [ 80.924383997815127, 26.895430580472489 ], [ 80.924592224490738, 26.895198450799441 ], [ 80.924982649507541, 26.895314515695596 ], [ 80.925347046189884, 26.895268089751433 ], [ 80.925997754551204, 26.895152024807587 ], [ 80.926101867889017, 26.89550021928137 ], [ 80.926622434578078, 26.896498370824371 ], [ 80.92714300126714, 26.896428732630838 ], [ 80.927377256277211, 26.89633588163937 ], [ 80.927949879635179, 26.896359094394384 ], [ 80.928496474658687, 26.896521583546001 ], [ 80.929173211354467, 26.896892986443365 ], [ 80.929641721374622, 26.896776923169131 ], [ 80.930526684746013, 26.896753710499969 ], [ 80.930969166431709, 26.896800135833512 ], [ 80.931463704786324, 26.897078687434075 ], [ 80.931463704786324, 26.897334025797807 ], [ 80.931567818124137, 26.897496513546905 ], [ 80.931854129803128, 26.897705426023713 ], [ 80.932036328144292, 26.897983975391693 ], [ 80.933129518191322, 26.899585620926072 ], [ 80.933858311555994, 26.899608833013232 ], [ 80.933858311555994, 26.899980225758753 ], [ 80.933988453228267, 26.900258769516398 ], [ 80.933858311555994, 26.901117608444366 ], [ 80.93430079324169, 26.901164031984145 ], [ 80.939090006781043, 26.899515984636015 ], [ 80.93720945961681, 26.894269927337056 ], [ 80.935777901221911, 26.894734190022277 ], [ 80.93486690951606, 26.895059172766633 ], [ 80.934736767843788, 26.895198450799441 ], [ 80.934762796178248, 26.8953377286605 ], [ 80.934971022853873, 26.89570913545046 ], [ 80.935023079522765, 26.89596447691018 ], [ 80.935023079522765, 26.896196605009031 ], [ 80.93309698277325, 26.895685922561874 ], [ 80.932368189408578, 26.895384154576035 ], [ 80.928802307588512, 26.893898515815081 ], [ 80.92569842870499, 26.892853914362643 ], [ 80.925620343701638, 26.891948585290699 ], [ 80.925438145360459, 26.890787896380459 ], [ 80.925255947019295, 26.88946469647766 ], [ 80.925125805347037, 26.888373625251937 ], [ 80.925099777012576, 26.887677191301314 ], [ 80.924865522002506, 26.887073611738714 ], [ 80.924214813641186, 26.887282543490624 ], [ 80.923433963607593, 26.887584333116916 ], [ 80.922653113574, 26.888002194345777 ], [ 80.922054461881586, 26.886887894301609 ], [ 80.921917813125702, 26.886957538376294 ], [ 80.921761643118998, 26.886980753058314 ], [ 80.921579444777819, 26.886887894301609 ], [ 80.921110934757664, 26.886028947184631 ], [ 80.920720509740875, 26.886028947184631 ], [ 80.920043773045094, 26.884937842783991 ], [ 80.919731433031657, 26.884125311386821 ], [ 80.919210866342596, 26.883219912377072 ], [ 80.919080724670337, 26.883103835056389 ], [ 80.917987534623308, 26.883544928240749 ], [ 80.9174409395998, 26.884380679026858 ], [ 80.916946401245198, 26.884682476402954 ], [ 80.914707964482233, 26.885820013114909 ], [ 80.914057256120913, 26.886261095697908 ], [ 80.91392711444864, 26.886609317573633 ], [ 80.91371888777303, 26.886934323689509 ], [ 80.91327640608732, 26.887189684981912 ], [ 80.912905502321365, 26.887700405835492 ], [ 80.912515077304576, 26.888095052186777 ], [ 80.912176708956693, 26.88839683964304 ], [ 80.911708198936537, 26.888605768948267 ], [ 80.911239688916382, 26.888791483561938 ], [ 80.910667065558414, 26.888768269251926 ], [ 80.910198555538258, 26.888675411964165 ], [ 80.90962593218029, 26.88839683964304 ], [ 80.908819053812252, 26.888025408813178 ], [ 80.907751892099682, 26.887375401923016 ], [ 80.906632673718207, 26.886864679600503 ], [ 80.905695653677896, 26.886237880868055 ], [ 80.904888775309871, 26.885541433754376 ], [ 80.904290123617443, 26.88521642363245 ], [ 80.903483245249404, 26.885030703143123 ], [ 80.902728423550258, 26.885146778484724 ], [ 80.902051686854477, 26.88549500379419 ], [ 80.901342414740654, 26.885889657847734 ], [ 80.900535536372601, 26.886377169775713 ], [ 80.899754686339023, 26.886887894301609 ], [ 80.898843694633172, 26.887328972716354 ], [ 80.897776532920588, 26.8878396929404 ], [ 80.897047739555902, 26.887909336428461 ], [ 80.896449087863502, 26.887886121937207 ], [ 80.895590152826543, 26.887700405835492 ], [ 80.89483533112741, 26.887630762218656 ], [ 80.893872282752639, 26.887630762218656 ], [ 80.892727036036717, 26.887723620364898 ], [ 80.892024271006477, 26.887746834889548 ], [ 80.891191364303992, 26.887932550914943 ], [ 80.890358457601494, 26.888025408813178 ], [ 80.889629664236807, 26.888095052186777 ], [ 80.888744700865416, 26.88818790995148 ], [ 80.888093992504096, 26.888303982050036 ], [ 80.887417255808316, 26.888489697159724 ], [ 80.886558320771371, 26.8886521976303 ], [ 80.885666850316355, 26.888930769321867 ], [ 80.885224368630659, 26.889395053948256 ], [ 80.884729830276044, 26.890277189482354 ], [ 80.884599688603771, 26.891228959571048 ], [ 80.884703801941583, 26.89204143988837 ], [ 80.884859971948316, 26.892575352343997 ], [ 80.885120255292847, 26.893318182867326 ], [ 80.885406566971824, 26.894223500963584 ], [ 80.885796991988613, 26.895593070959787 ], [ 80.886057275333158, 26.896800135833512 ], [ 80.886317558677675, 26.897821488343858 ], [ 80.886551813687745, 26.899933801732349 ], [ 80.886655927025558, 26.90107118488551 ], [ 80.886707983694478, 26.901117608444366 ], [ 80.886681955360018, 26.901488996228185 ], [ 80.886968267039009, 26.903067380683297 ], [ 80.886968267039009, 26.903694086039113 ], [ 80.886968267039009, 26.904274365674667 ], [ 80.886812097032276, 26.904738587236029 ], [ 80.886629898691112, 26.905063541193375 ], [ 80.886447700349933, 26.905272439672117 ], [ 80.886317558677675, 26.9054349159995 ], [ 80.885979190329778, 26.905667024633026 ], [ 80.88548465197519, 26.905713446302482 ], [ 80.885016141955035, 26.905667024633026 ], [ 80.884833943613856, 26.905527759510164 ], [ 80.884625716938231, 26.904854642328146 ], [ 80.884573660269339, 26.904390421243932 ], [ 80.884469546931527, 26.903276282855042 ], [ 80.884313376924794, 26.902487094845149 ], [ 80.883792810235732, 26.901535419615282 ], [ 80.883480470222295, 26.901326514223044 ], [ 80.882439336844186, 26.900839066804984 ], [ 80.881658486810593, 26.900676583864747 ], [ 80.880799551773649, 26.900606948247365 ], [ 80.879498135051008, 26.900537312587055 ], [ 80.878483030007345, 26.900606948247365 ], [ 80.877389839960301, 26.900769431287788 ], [ 80.876010338234309, 26.901117608444366 ], [ 80.874891119852819, 26.901628266332224 ], [ 80.87384998647471, 26.902347825800273 ], [ 80.873121193110038, 26.902765632419609 ], [ 80.872106088066374, 26.903461973349923 ], [ 80.871585521377298, 26.9037405085197 ], [ 80.871221124694955, 26.903926198251181 ], [ 80.87077864300926, 26.904135098834104 ], [ 80.87012793464794, 26.904367210139625 ], [ 80.869763537965596, 26.904599320968014 ], [ 80.869659424627784, 26.905040330227436 ], [ 80.869633396293324, 26.905574181236872 ], [ 80.869685452962244, 26.90636334767072 ], [ 80.869815594634503, 26.907106087510826 ], [ 80.870049849644587, 26.907454245128875 ], [ 80.870622473002555, 26.907523876523651 ], [ 80.871299209698321, 26.907431034654408 ], [ 80.872028003062994, 26.907384613691161 ], [ 80.872834881431046, 26.907454245128875 ], [ 80.873563674795733, 26.90763992875284 ], [ 80.874136298153701, 26.907918453616173 ], [ 80.874578779839396, 26.908289819031729 ], [ 80.875047289859552, 26.908754024083315 ], [ 80.875385658207435, 26.909195017114353 ], [ 80.87559388488306, 26.909612798396804 ], [ 80.875776083224238, 26.910053788073142 ], [ 80.875984309899863, 26.910634035022657 ], [ 80.876010338234309, 26.911051810979501 ], [ 80.876036366568755, 26.911516004673693 ], [ 80.875932253230943, 26.912003405998149 ], [ 80.875750054889778, 26.912583642926066 ], [ 80.880025208823668, 26.913535225030834 ], [ 80.896462102030711, 26.91745751535862 ], [ 80.899195077148278, 26.918176973936635 ], [ 80.905396327831696, 26.920312114323387 ], [ 80.914330553632666, 26.922563251194166 ], [ 80.924754901581082, 26.925116032473696 ], [ 80.925093269928965, 26.92476792933688 ], [ 80.925379581607942, 26.924466239082797 ], [ 80.924156249888668, 26.923445127621157 ], [ 80.924442561567645, 26.923004190269292 ], [ 80.9249110715878, 26.92223834761506 ], [ 80.92556177994912, 26.921542122509326 ], [ 80.926290573313807, 26.921054762379121 ], [ 80.92665496999615, 26.920776269931011 ], [ 80.926941281675127, 26.920590607917084 ], [ 80.927591990036447, 26.92010324367703 ], [ 80.928476953407852, 26.919523045408539 ], [ 80.9289975200969, 26.919012468464526 ], [ 80.929674256792694, 26.918455472799927 ], [ 80.929648228458234, 26.918060932540751 ], [ 80.929934540137211, 26.917852057727448 ], [ 80.930533191829639, 26.917805641049767 ], [ 80.930507163495179, 26.916691635057919 ], [ 80.930975673515334, 26.916598800728877 ], [ 80.931704466880021, 26.916389923209341 ], [ 80.932407231910247, 26.916227462649079 ], [ 80.932615458585872, 26.915995375728755 ], [ 80.931964750224552, 26.914881351867518 ], [ 80.931626381876654, 26.914208290456031 ], [ 80.931652410211115, 26.913651271080152 ], [ 80.931548296873302, 26.913071039640474 ], [ 80.931314041863217, 26.912467595779088 ], [ 80.931053758518686, 26.911655262409713 ], [ 80.931288013528771, 26.911167859582015 ], [ 80.931340070197678, 26.910773293846734 ], [ 80.930897588511982, 26.909798478470492 ], [ 80.929856455133859, 26.907709560033091 ], [ 80.929466030117055, 26.907129298052109 ], [ 80.928815321755735, 26.906386558364684 ], [ 80.928320783401134, 26.905783078770863 ], [ 80.928112556725509, 26.904993908281245 ], [ 80.928034471722157, 26.90415830998613 ], [ 80.927904330049884, 26.903461973349923 ], [ 80.927878301715424, 26.903229860183611 ], [ 80.927852273380978, 26.902765632419609 ], [ 80.927930358384344, 26.902347825800273 ], [ 80.927852273380978, 26.90183717116625 ], [ 80.927513905033081, 26.901164031984145 ], [ 80.9271690296016, 26.900676583864747 ], [ 80.927038887929328, 26.900490888789641 ], [ 80.927038887929328, 26.900305193409217 ], [ 80.926934774591516, 26.899864165656968 ], [ 80.926674491246985, 26.899632045095597 ], [ 80.92646626457136, 26.89930707550819 ] ] ] } },
{ "type": "Feature", "properties": { "id": 76, "Zone": 3, "Ward Num": 32, "Ward Name": "Faizullah Ganj 1st" }, "geometry": { "type": "Polygon", "coordinates": [ [ [ 80.92646626457136, 26.89930707550819 ], [ 80.926700519581445, 26.899632045095597 ], [ 80.926934774591516, 26.899887377686866 ], [ 80.927064916263788, 26.900328405348468 ], [ 80.927064916263788, 26.900537312587055 ], [ 80.927195057936032, 26.900699795727668 ], [ 80.927559454618375, 26.901164031984145 ], [ 80.927871794631827, 26.901860382790616 ], [ 80.927975907969639, 26.902347825800273 ], [ 80.927845766297366, 26.902788843853127 ], [ 80.927897822966273, 26.903276282855042 ], [ 80.927897822966273, 26.903461973349923 ], [ 80.928027964638531, 26.904088676515748 ], [ 80.928080021307451, 26.904970697300993 ], [ 80.928340304651968, 26.905783078770863 ], [ 80.928834843006584, 26.906340136971984 ], [ 80.929407466364538, 26.907059666413968 ], [ 80.929797891381341, 26.907709560033091 ], [ 80.930891081428356, 26.909752058480699 ], [ 80.931359591448512, 26.91079650363405 ], [ 80.93128150644516, 26.911260698378108 ], [ 80.931073279769535, 26.911632052798971 ], [ 80.93130753477962, 26.912421176886902 ], [ 80.931541789789676, 26.913094248955321 ], [ 80.931645903127503, 26.913628061879841 ], [ 80.931619874793043, 26.914301126751415 ], [ 80.93193221480648, 26.914904560810129 ], [ 80.93260895150226, 26.916018584442263 ], [ 80.932270583154363, 26.916273879975883 ], [ 80.931723988130855, 26.916413131841708 ], [ 80.93086505309391, 26.91655238353572 ], [ 80.930500656411567, 26.916714843628252 ], [ 80.930500656411567, 26.917875266059138 ], [ 80.929928033053613, 26.917921682708176 ], [ 80.929615693040162, 26.918084140829478 ], [ 80.929667749709068, 26.918525097408356 ], [ 80.929407466364538, 26.918687554660956 ], [ 80.928782786337678, 26.919221341129937 ], [ 80.928236191314156, 26.91975512507393 ], [ 80.9271690296016, 26.920428153404288 ], [ 80.926622434578078, 26.920799477661284 ], [ 80.926258037895735, 26.921077970052107 ], [ 80.925503216196603, 26.921565330082057 ], [ 80.924852507835283, 26.922261555044592 ], [ 80.924383997815127, 26.923073812070996 ], [ 80.924175771139502, 26.923468334802465 ], [ 80.925321017855438, 26.924512653020553 ], [ 80.925060734510893, 26.924814343150508 ], [ 80.924800451166362, 26.925185652972161 ], [ 80.928001936304085, 26.925997888946323 ], [ 80.929173211354467, 26.925997888946323 ], [ 80.933207603194674, 26.926601260455659 ], [ 80.936695400011359, 26.926972564395779 ], [ 80.937111853362623, 26.925649788530635 ], [ 80.937658448386131, 26.923282677218339 ], [ 80.938881780105419, 26.917712807637134 ], [ 80.9387256100987, 26.916830886408277 ], [ 80.938959865108785, 26.916436340469318 ], [ 80.938829723436513, 26.914370753922849 ], [ 80.938855751770973, 26.913465597343972 ], [ 80.939011921777677, 26.913047830320838 ], [ 80.939688658473457, 26.912676480557742 ], [ 80.939688658473457, 26.910750084054651 ], [ 80.939610573470105, 26.909752058480699 ], [ 80.939454403463387, 26.908823654676429 ], [ 80.939428375128941, 26.908637972999358 ], [ 80.939428375128941, 26.908452291016904 ], [ 80.939610573470105, 26.908313029329641 ], [ 80.939480431797833, 26.90819697779235 ], [ 80.939662630138997, 26.908011295084577 ], [ 80.939454403463387, 26.907895243237132 ], [ 80.939532488466753, 26.907547086979022 ], [ 80.939558516801185, 26.90736140320238 ], [ 80.939766743476824, 26.907175719120328 ], [ 80.939402346794481, 26.907059666413968 ], [ 80.93979277181127, 26.906293715560192 ], [ 80.939740715142364, 26.904877853332266 ], [ 80.939662630138997, 26.903044169307012 ], [ 80.939480431797833, 26.900931914094443 ], [ 80.939272205122222, 26.899492772529783 ], [ 80.939090006781043, 26.899515984636015 ], [ 80.93432682157615, 26.901187243746865 ], [ 80.933858311555994, 26.901117608444366 ], [ 80.933962424893807, 26.900235557562834 ], [ 80.933806254887102, 26.899933801732349 ], [ 80.933884339890454, 26.899632045095597 ], [ 80.933129518191322, 26.899608833013232 ], [ 80.932062356478752, 26.897937550544732 ], [ 80.931828101468668, 26.89768221354538 ], [ 80.931515761455231, 26.897426875968783 ], [ 80.931411648117432, 26.897334025797807 ], [ 80.931515761455231, 26.89710190003645 ], [ 80.930969166431709, 26.896823348493122 ], [ 80.930552713080473, 26.896730497826031 ], [ 80.929615693040162, 26.896800135833512 ], [ 80.929121154685561, 26.896916199083893 ], [ 80.928548531327607, 26.896498370824371 ], [ 80.927923851300719, 26.896359094394384 ], [ 80.927351227942765, 26.89631266887957 ], [ 80.92714300126714, 26.896428732630838 ], [ 80.926622434578078, 26.896498370824371 ], [ 80.926049811220111, 26.895477006349847 ], [ 80.925971726216758, 26.895152024807587 ], [ 80.92539910285879, 26.895268089751433 ], [ 80.924904564504189, 26.895291302725905 ], [ 80.924618252825198, 26.895221663788213 ], [ 80.924410026149573, 26.895407367526644 ], [ 80.923655204450441, 26.89550021928137 ], [ 80.923290807768097, 26.895778774087638 ], [ 80.922822297747956, 26.896173392220611 ], [ 80.922509957734505, 26.896591221682282 ], [ 80.922171589386622, 26.897148325226894 ], [ 80.921989391045457, 26.897519726063415 ], [ 80.921807192704293, 26.897705426023713 ], [ 80.922353787727801, 26.897902731896998 ], [ 80.922549000236202, 26.898100037425611 ], [ 80.922705170242907, 26.898169674588708 ], [ 80.922874354416848, 26.898134856012522 ], [ 80.923017510256344, 26.89826252407271 ], [ 80.923225736931968, 26.898320554961455 ], [ 80.92339492110591, 26.898343767308607 ], [ 80.923616161948758, 26.898111643622432 ], [ 80.923889459460511, 26.898111643622432 ], [ 80.92404562946723, 26.898158068397841 ], [ 80.924253856142855, 26.898100037425611 ], [ 80.92483949366806, 26.898285736431795 ], [ 80.925164847848706, 26.898494647448793 ], [ 80.925529244531049, 26.898680345806181 ], [ 80.925997754551204, 26.898982104985723 ], [ 80.92646626457136, 26.89930707550819 ] ] ] } },
{ "type": "Feature", "properties": { "id": 77, "Zone": 3, "Ward Num": 82, "Ward Name": "Ayodhyadas" }, "geometry": { "type": "Polygon", "coordinates": [ [ [ 80.914070270288136, 26.886145021500887 ], [ 80.916959415412421, 26.884705691552341 ], [ 80.917401897098117, 26.884403894238254 ], [ 80.918000548790531, 26.883475282062946 ], [ 80.91909373883756, 26.883127050530064 ], [ 80.919249908844279, 26.883243127826905 ], [ 80.919718418864434, 26.884032450283744 ], [ 80.919978702208965, 26.884891412575811 ], [ 80.920759552242544, 26.886075376925444 ], [ 80.921149977259347, 26.88605216205741 ], [ 80.921566430610596, 26.886841464894641 ], [ 80.921904798958479, 26.887027182408062 ], [ 80.922113025634104, 26.886934323689509 ], [ 80.922685648992072, 26.888002194345777 ], [ 80.923388414022298, 26.887630762218656 ], [ 80.924143235721431, 26.887282543490624 ], [ 80.924793944082765, 26.887096826396895 ], [ 80.924403519065962, 26.88551821877666 ], [ 80.924195292390337, 26.884450324646718 ], [ 80.923674725701289, 26.883080619577939 ], [ 80.923622669032369, 26.882105565177149 ], [ 80.925184369099554, 26.881385876771308 ], [ 80.925470680778531, 26.881478740048919 ], [ 80.925002170758376, 26.879876837816816 ], [ 80.925392595775165, 26.879389297848714 ], [ 80.925210397434, 26.879157135220069 ], [ 80.925080255761742, 26.878507077323132 ], [ 80.925392595775165, 26.878414211604117 ], [ 80.92455968907268, 26.87755520008659 ], [ 80.924533660738234, 26.877090866818769 ], [ 80.923778839039102, 26.877090866818769 ], [ 80.922945932336603, 26.877253383679456 ], [ 80.922008912296292, 26.877415900306513 ], [ 80.921123948924887, 26.877601633308487 ], [ 80.920134872215669, 26.877717716279758 ], [ 80.919614305526622, 26.877671283105546 ], [ 80.918781398824123, 26.877206950314527 ], [ 80.918078633793883, 26.876696182041574 ], [ 80.917610123773741, 26.876022893064963 ], [ 80.917245727091398, 26.874931692070202 ], [ 80.916959415412421, 26.873770828386309 ], [ 80.916673103733444, 26.873097521988335 ], [ 80.916152537044368, 26.87326004458944 ], [ 80.915007290328447, 26.874095871419254 ], [ 80.914200411960394, 26.874536999755016 ], [ 80.913862043612511, 26.873724393591047 ], [ 80.913029136910026, 26.874235175290174 ], [ 80.912482541886504, 26.874792389057472 ], [ 80.911597578515114, 26.87565142156831 ], [ 80.91123318183277, 26.876162194561523 ], [ 80.910660558474802, 26.877114083527456 ], [ 80.910374246795826, 26.877624849912262 ], [ 80.910061906782389, 26.878390995162448 ], [ 80.909983821779022, 26.878971404773836 ], [ 80.909957793444562, 26.879482162766674 ], [ 80.910113963451295, 26.879853621675529 ], [ 80.910374246795826, 26.880317943595006 ], [ 80.910764671812615, 26.881084070592149 ], [ 80.911311266836137, 26.881734113668934 ], [ 80.911961975197457, 26.882569877845686 ], [ 80.912742825231035, 26.883637789744423 ], [ 80.913081193578932, 26.884102096118212 ], [ 80.913731901940253, 26.885030703143123 ], [ 80.914122326957042, 26.885750368339156 ], [ 80.914070270288136, 26.886145021500887 ] ] ] } },
{ "type": "Feature", "properties": { "id": 79, "Zone": 3, "Ward Num": 51, "Ward Name": "Kadam Rasul" }, "geometry": { "type": "Polygon", "coordinates": [ [ [ 80.916705639151502, 26.873074304454832 ], [ 80.916939894161573, 26.873782437082156 ], [ 80.91725223417501, 26.87492008349237 ], [ 80.91760361669013, 26.875988067664007 ], [ 80.918072126710285, 26.876661356848018 ], [ 80.918761877573289, 26.877218558657546 ], [ 80.919620812610233, 26.877682891400884 ], [ 80.920128365132072, 26.877717716279758 ], [ 80.921104427674052, 26.877578416699912 ], [ 80.921989391045457, 26.877392683659796 ], [ 80.922926411085754, 26.877288208690629 ], [ 80.923772331955476, 26.877056041746798 ], [ 80.924514139487385, 26.877114083527456 ], [ 80.924982649507541, 26.877206950314527 ], [ 80.92646626457136, 26.877833799131821 ], [ 80.931229449776254, 26.879923270085055 ], [ 80.931723988130855, 26.87952859519703 ], [ 80.92886087134103, 26.876115760748402 ], [ 80.926960802925976, 26.873770828386309 ], [ 80.92539910285879, 26.871727679353953 ], [ 80.924488111152939, 26.870636436905269 ], [ 80.923681232784887, 26.871031142836408 ], [ 80.923368892771464, 26.871240104242172 ], [ 80.922796269413496, 26.87163480806618 ], [ 80.922614071072331, 26.872029510512412 ], [ 80.922483929400059, 26.872099163742256 ], [ 80.922262688557211, 26.871913421700651 ], [ 80.921807192704293, 26.871518718849202 ], [ 80.921182512677404, 26.871843768356396 ], [ 80.920323577640474, 26.872238470073224 ], [ 80.919516699272421, 26.872540299868206 ], [ 80.918865990911087, 26.872749258485065 ], [ 80.917981027539696, 26.872934999153628 ], [ 80.916705639151502, 26.873074304454832 ] ] ] } },
{ "type": "Feature", "properties": { "id": 78, "Zone": 3, "Ward Num": 63, "Ward Name": "Triveni Nagar" }, "geometry": { "type": "Polygon", "coordinates": [ [ [ 80.92537307452433, 26.878367778716004 ], [ 80.925008677842001, 26.87848386090052 ], [ 80.925164847848706, 26.879180351504392 ], [ 80.925425131193236, 26.879412514085352 ], [ 80.924982649507541, 26.879876837816816 ], [ 80.925425131193236, 26.8815019558564 ], [ 80.92513881951426, 26.88140909259786 ], [ 80.923603147781535, 26.882105565177149 ], [ 80.923603147781535, 26.883080619577939 ], [ 80.924201799473963, 26.884450324646718 ], [ 80.924410026149573, 26.88551821877666 ], [ 80.924670309494118, 26.886586102815304 ], [ 80.924774422831916, 26.887073611738714 ], [ 80.924904564504189, 26.887096826396895 ], [ 80.925112791179814, 26.887677191301314 ], [ 80.925060734510893, 26.888373625251937 ], [ 80.925242932852072, 26.88953433896415 ], [ 80.92537307452433, 26.890718254666652 ], [ 80.925581301199969, 26.891948585290699 ], [ 80.925711442872213, 26.892853914362643 ], [ 80.928756758003217, 26.89387530255441 ], [ 80.932322639823283, 26.895360941620659 ], [ 80.933103489856862, 26.895662709668507 ], [ 80.934925473268578, 26.896243030571554 ], [ 80.93500355827193, 26.895755561213342 ], [ 80.934769303261845, 26.8953377286605 ], [ 80.934691218258493, 26.895152024807587 ], [ 80.934821359930766, 26.895059172766633 ], [ 80.935706323302156, 26.894710976933329 ], [ 80.937111853362623, 26.894246714152704 ], [ 80.937268023369327, 26.894223500963584 ], [ 80.937710505055037, 26.894107434946449 ], [ 80.937632420051671, 26.893712809596163 ], [ 80.937788590058403, 26.893712809596163 ], [ 80.937346108372694, 26.892366430379248 ], [ 80.936669371676928, 26.89120574576183 ], [ 80.936591286673561, 26.890416473410777 ], [ 80.936383059997937, 26.890021835167605 ], [ 80.935654266633264, 26.888234338805212 ], [ 80.935055614940836, 26.887003967735566 ], [ 80.934118594900525, 26.884543185406446 ], [ 80.932999376519049, 26.882477015464573 ], [ 80.932895263181251, 26.8815019558564 ], [ 80.932530866498894, 26.881060854698831 ], [ 80.931593846458597, 26.879667892373686 ], [ 80.93128150644516, 26.879992918451652 ], [ 80.9264402362369, 26.877810582570941 ], [ 80.925008677842001, 26.877230166999372 ], [ 80.924488111152939, 26.877090866818769 ], [ 80.924514139487385, 26.87755520008659 ], [ 80.92537307452433, 26.878367778716004 ] ] ] } },
{ "type": "Feature", "properties": { "id": 80, "Zone": 4, "Ward Num": 40, "Ward Name": "Rafi Ahmad Kidwai" }, "geometry": { "type": "Polygon", "coordinates": [ [ [ 80.963842952845809, 26.832389867132246 ], [ 80.962626128210118, 26.83670979921764 ], [ 80.964994706645356, 26.842190766183986 ], [ 80.966400236705795, 26.84827525771454 ], [ 80.966139953361278, 26.84950605020072 ], [ 80.965801585013395, 26.850016941264162 ], [ 80.965202933320967, 26.850342052558375 ], [ 80.965020734979802, 26.850481385684304 ], [ 80.964968678310896, 26.850876161942903 ], [ 80.964135771608397, 26.850458163508563 ], [ 80.963302864905913, 26.849970496717319 ], [ 80.962417901534508, 26.849343493469643 ], [ 80.961532938163103, 26.848623596568533 ], [ 80.961090456477407, 26.84848426115558 ], [ 80.960387691447167, 26.847601799557097 ], [ 80.959606841413589, 26.846858668664325 ], [ 80.95874790637663, 26.84739279448662 ], [ 80.959841096423659, 26.848693264210695 ], [ 80.96077811646397, 26.849831162962463 ], [ 80.961793221507634, 26.850690385051553 ], [ 80.963016553226922, 26.851735376098606 ], [ 80.964838536638624, 26.853360898548413 ], [ 80.965124848317615, 26.853360898548413 ], [ 80.965281018324333, 26.85370922174992 ], [ 80.965775556678935, 26.854266536642239 ], [ 80.966374208371363, 26.854707742318737 ], [ 80.966712576719246, 26.854916733880863 ], [ 80.967103001736035, 26.855288273482682 ], [ 80.972165512787143, 26.856542210632245 ], [ 80.974403949550094, 26.857169173995981 ], [ 80.975705366272749, 26.857424602518531 ], [ 80.976538272975233, 26.857563926924144 ], [ 80.976277989630702, 26.859142924863992 ], [ 80.978204086380231, 26.859700212993115 ], [ 80.977839689697888, 26.861766799172944 ], [ 80.976954726326483, 26.862533051870177 ], [ 80.976043734620632, 26.863461836059642 ], [ 80.97573139460718, 26.863903005878107 ], [ 80.97484643123579, 26.864646024840852 ], [ 80.974351892881174, 26.865180066705513 ], [ 80.974065581202197, 26.865574791680505 ], [ 80.973909411195478, 26.86645711311408 ], [ 80.981665854862456, 26.864924655693521 ], [ 80.981379543183479, 26.863322518917382 ], [ 80.981535713190212, 26.862834907568232 ], [ 80.982785073243946, 26.861186301249852 ], [ 80.983670036615337, 26.860002076250176 ], [ 80.984509450401447, 26.858794618389304 ], [ 80.98484781874933, 26.85870173648161 ], [ 80.985030017090509, 26.858283766953395 ], [ 80.985030017090509, 26.857703251158195 ], [ 80.98489987541825, 26.857076290753902 ], [ 80.98422313872247, 26.856054570058642 ], [ 80.985108102093861, 26.855520485114337 ], [ 80.987405102609344, 26.855288273482682 ], [ 80.990242191064709, 26.854893512615245 ], [ 80.997191756363648, 26.853755664762453 ], [ 80.999794589808943, 26.853268012180269 ], [ 80.999794589808943, 26.853175125735881 ], [ 80.997816436390522, 26.846696108131198 ], [ 80.997582181380452, 26.843932543350807 ], [ 80.997660266383804, 26.843282283009824 ], [ 80.997842464724982, 26.843119717340993 ], [ 81.002163168244167, 26.846069086745175 ], [ 81.005208483375156, 26.848414593384788 ], [ 81.007004438452412, 26.849645384355814 ], [ 81.007394863469216, 26.848437815979814 ], [ 81.007707203482639, 26.847601799557097 ], [ 81.008878478533035, 26.844582799956854 ], [ 80.998167818905642, 26.841981751123246 ], [ 80.979752772280179, 26.837615570531657 ], [ 80.97168398859975, 26.835664669468457 ], [ 80.963842952845809, 26.832389867132246 ] ] ] } },
{ "type": "Feature", "properties": { "id": 81, "Zone": 4, "Ward Num": 36, "Ward Name": "Rajiv Gandhi 1st" }, "geometry": { "type": "Polygon", "coordinates": [ [ [ 80.981672361946082, 26.864854998044706 ], [ 80.997679787634638, 26.861743579313206 ], [ 81.00233885950172, 26.860838001066188 ], [ 81.002052547822743, 26.859746653546619 ], [ 81.002078576157203, 26.859653772420526 ], [ 81.000490847755572, 26.855172167488163 ], [ 81.002104604491649, 26.854800627505114 ], [ 81.001558009468127, 26.852966130957245 ], [ 81.003510134552101, 26.852617805468491 ], [ 81.001558009468127, 26.846951560292734 ], [ 81.001558009468127, 26.846626439259833 ], [ 81.001610066137047, 26.846394209378893 ], [ 81.001766236143752, 26.846278094259759 ], [ 81.001974462819391, 26.846161979021531 ], [ 81.002130632826095, 26.846092309821422 ], [ 80.997835957641371, 26.843119717340993 ], [ 80.997653759300192, 26.843282283009824 ], [ 80.99754964596238, 26.843978990375099 ], [ 80.997783900972451, 26.846649662221715 ], [ 80.999814111059791, 26.853268012180269 ], [ 80.995987945895209, 26.853964658082955 ], [ 80.990365825653356, 26.854893512615245 ], [ 80.987372567191272, 26.855288273482682 ], [ 80.985082073759415, 26.855590148510899 ], [ 80.98419711038801, 26.856101012108585 ], [ 80.984925903752696, 26.857029849104279 ], [ 80.985056045424969, 26.857656809765917 ], [ 80.985056045424969, 26.85830698752325 ], [ 80.984795762080438, 26.85870173648161 ], [ 80.984457393732541, 26.858794618389304 ], [ 80.983598458695596, 26.860025296467356 ], [ 80.982791580327557, 26.861232741193326 ], [ 80.981516191939363, 26.862834907568232 ], [ 80.981333993598184, 26.863322518917382 ], [ 80.981672361946082, 26.864854998044706 ] ] ] } },
{ "type": "Feature", "properties": { "id": 82, "Zone": 4, "Ward Num": 81, "Ward Name": "Rajiv Gandhi 2nd" }, "geometry": { "type": "Polygon", "coordinates": [ [ [ 81.002319338250885, 26.860907661188715 ], [ 81.006457843428905, 26.859990466139799 ], [ 81.010267740884458, 26.859154535061354 ], [ 81.009695117526491, 26.857517485474677 ], [ 81.008849196656769, 26.854998008273004 ], [ 81.008497814141649, 26.854045933158904 ], [ 81.008380686636627, 26.853651167957466 ], [ 81.007560794101352, 26.851259325818184 ], [ 81.007326539091267, 26.850458163508563 ], [ 81.007235439920692, 26.850342052558375 ], [ 81.006910085740031, 26.849993718993119 ], [ 81.006962142408923, 26.849633773182777 ], [ 81.002130632826095, 26.846103921357741 ], [ 81.00194843448493, 26.846220036655524 ], [ 81.001727193642083, 26.846312928808 ], [ 81.001584037802587, 26.846429043891398 ], [ 81.001531981133695, 26.846638050741358 ], [ 81.00159705196981, 26.846986394633721 ], [ 81.003523148719339, 26.852629416335382 ], [ 81.001564516551753, 26.852966130957245 ], [ 81.002137139909721, 26.854823848789788 ], [ 81.000523383173629, 26.855241831099175 ], [ 81.002033026571908, 26.859676992709204 ], [ 81.002006998237448, 26.859769873816226 ], [ 81.002319338250885, 26.860907661188715 ] ] ] } },
{ "type": "Feature", "properties": { "id": 83, "Zone": 4, "Ward Num": 11, "Ward Name": "Chinhat" }, "geometry": { "type": "Polygon", "coordinates": [ [ [ 81.00888173207484, 26.844640858400755 ], [ 81.008328629967707, 26.845929748187736 ], [ 81.007756006609739, 26.847532131243156 ], [ 81.007417638261856, 26.84850748373632 ], [ 81.0069491282417, 26.849715051369039 ], [ 81.006897071572808, 26.850016941264162 ], [ 81.007287496589598, 26.850434941328054 ], [ 81.007599836603021, 26.851317380837646 ], [ 81.008380686636627, 26.853593114135215 ], [ 81.00845877163998, 26.854034322437336 ], [ 81.008901253325675, 26.855056061374505 ], [ 81.009734160028174, 26.857587147641738 ], [ 81.010280755051681, 26.859142924863992 ], [ 81.002628424722516, 26.860884441152635 ], [ 81.003279133083836, 26.863136762460805 ], [ 80.99885431622684, 26.864065541693272 ], [ 80.999739279598231, 26.870172075222396 ], [ 80.999739279598231, 26.870822181044478 ], [ 80.999348854581442, 26.873004651825692 ], [ 81.002836651398141, 26.873190392074711 ], [ 81.011901018871384, 26.873631523943281 ], [ 81.016124116136368, 26.873863697919649 ], [ 81.025162455275165, 26.8744905652744 ], [ 81.026541957001172, 26.87474595468175 ], [ 81.028858478767489, 26.875558553503431 ], [ 81.030185923824575, 26.876115760748402 ], [ 81.033003491029106, 26.877787366005293 ], [ 81.035502211136588, 26.8789481884466 ], [ 81.037818732902906, 26.879969702334218 ], [ 81.041020218040615, 26.881548387457062 ], [ 81.043805249827088, 26.882871680057359 ], [ 81.043805249827088, 26.882802033464657 ], [ 81.043857306495994, 26.881734113668934 ], [ 81.043440853144745, 26.880619751819847 ], [ 81.042790144783424, 26.879319649110194 ], [ 81.042607946442246, 26.878878539436272 ], [ 81.042712059780058, 26.878414211604117 ], [ 81.042607946442246, 26.878367778716004 ], [ 81.042295606428823, 26.87811239749043 ], [ 81.042607946442246, 26.877880232239278 ], [ 81.043128513131322, 26.877485550218008 ], [ 81.043206598134674, 26.87695156646652 ], [ 81.043492909813665, 26.875303165931683 ], [ 81.046043686590039, 26.873863697919649 ], [ 81.04698070663035, 26.873631523943281 ], [ 81.047293046643787, 26.87326004458944 ], [ 81.047345103312693, 26.871379411631498 ], [ 81.045757374911062, 26.870195293351834 ], [ 81.045939573252227, 26.868059205489079 ], [ 81.046069714924499, 26.866735739505181 ], [ 81.046538224944655, 26.866387456409047 ], [ 81.047787584998389, 26.866294580735605 ], [ 81.049297228396668, 26.86664286411775 ], [ 81.05286311021672, 26.867548395891944 ], [ 81.054737150297328, 26.867687707829056 ], [ 81.055335801989742, 26.867478739859024 ], [ 81.057938635435036, 26.86694470884807 ], [ 81.059500335502221, 26.866410675315482 ], [ 81.060645582218157, 26.865946296280942 ], [ 81.060931893897134, 26.86550513443208 ], [ 81.0583550887863, 26.863879786456867 ], [ 81.050644194704603, 26.859653772420526 ], [ 81.047781077914777, 26.857981899111628 ], [ 81.04116337388011, 26.854127208176493 ], [ 81.035638859892472, 26.85099227234512 ], [ 81.030459221336329, 26.849738273697255 ], [ 81.025253554445754, 26.848600374011625 ], [ 81.017575195782129, 26.846765776959693 ], [ 81.00888173207484, 26.844640858400755 ] ] ] } },
{ "type": "Feature", "properties": { "id": 84, "Zone": 4, "Ward Num": 45, "Ward Name": "Paper Mill Colony" }, "geometry": { "type": "Polygon", "coordinates": [ [ [ 80.967138790695913, 26.85535793702222 ], [ 80.967399074040429, 26.855892022733766 ], [ 80.967425102374889, 26.856495768763416 ], [ 80.967373045705997, 26.857262057161815 ], [ 80.966930564020274, 26.857726471847208 ], [ 80.966618224006851, 26.858098002223009 ], [ 80.966201770655601, 26.85870173648161 ], [ 80.965889430642179, 26.859050043242256 ], [ 80.965655175632094, 26.859351908234107 ], [ 80.964926382267407, 26.859746653546619 ], [ 80.964275673906087, 26.860164617670367 ], [ 80.963572908875861, 26.860350379007496 ], [ 80.963104398855705, 26.860466479688299 ], [ 80.962818087176714, 26.860559360147164 ], [ 80.962479718828831, 26.860791560960681 ], [ 80.961802982133051, 26.860768340900773 ], [ 80.961126245437271, 26.860861221111797 ], [ 80.960267310400326, 26.860930881220025 ], [ 80.959980998721349, 26.860930881220025 ], [ 80.959226177022217, 26.860907661188715 ], [ 80.958653553664249, 26.860861221111797 ], [ 80.95782064696175, 26.860930881220025 ], [ 80.956935683590359, 26.86097732126834 ], [ 80.956493201904649, 26.861023761297602 ], [ 80.956024691884494, 26.861093421305743 ], [ 80.955764408539963, 26.861139861287334 ], [ 80.955504125195432, 26.861488160541615 ], [ 80.95542604019208, 26.862416953310294 ], [ 80.956154833556766, 26.866039172240388 ], [ 80.957013768593711, 26.870334602028308 ], [ 80.958289156981905, 26.870195293351834 ], [ 80.959798800380185, 26.870055984503729 ], [ 80.961100217102825, 26.870264947711529 ], [ 80.962349577156559, 26.870450692460945 ], [ 80.964197588902721, 26.870357820124365 ], [ 80.966409997331226, 26.870264947711529 ], [ 80.968622405759731, 26.870009548182892 ], [ 80.969012830776521, 26.867571614560042 ], [ 80.973958214322579, 26.8665267697762 ], [ 80.974062327660391, 26.865621229822295 ], [ 80.974374667673828, 26.865156847546441 ], [ 80.97486920602843, 26.864692463363955 ], [ 80.975806226068741, 26.863972664113202 ], [ 80.976066509413272, 26.86353149456642 ], [ 80.976977501119137, 26.862579491260771 ], [ 80.97794054949388, 26.861790019027897 ], [ 80.978226861172871, 26.859769873816226 ], [ 80.976300764423357, 26.859119704465712 ], [ 80.976587076102334, 26.857540706201799 ], [ 80.975806226068741, 26.857447823264724 ], [ 80.974426724342734, 26.857215615588434 ], [ 80.972162259245337, 26.856495768763416 ], [ 80.967138790695913, 26.85535793702222 ] ] ] } },
{ "type": "Feature", "properties": { "id": 85, "Zone": 4, "Ward Num": 31, "Ward Name": "Nishat Ganj" }, "geometry": { "type": "Polygon", "coordinates": [ [ [ 80.95072792582333, 26.861975777696031 ], [ 80.951690974198073, 26.863322518917382 ], [ 80.951717002532533, 26.863879786456867 ], [ 80.951717002532533, 26.864576367020423 ], [ 80.951743030866993, 26.865667667945019 ], [ 80.951717002532533, 26.866410675315482 ], [ 80.951664945863627, 26.867153677804836 ], [ 80.95161288919472, 26.867618051881951 ], [ 80.95161288919472, 26.868152079713418 ], [ 80.951821115870345, 26.868639668139817 ], [ 80.950103245796456, 26.869150472807945 ], [ 80.949478565769581, 26.872308123174346 ], [ 80.951847144204805, 26.871170450483159 ], [ 80.954189694305555, 26.870427474383945 ], [ 80.956896641088676, 26.869870239105975 ], [ 80.956297989396248, 26.866782177170311 ], [ 80.955933592713905, 26.864808559588329 ], [ 80.955413026024857, 26.862370513852976 ], [ 80.955204799349218, 26.862416953310294 ], [ 80.954319835977827, 26.862416953310294 ], [ 80.952940334251821, 26.862161536059112 ], [ 80.951899200873697, 26.862161536059112 ], [ 80.95072792582333, 26.861975777696031 ] ] ] } },
{ "type": "Feature", "properties": { "id": 86, "Zone": 4, "Ward Num": 42, "Ward Name": "Colvin College" }, "geometry": { "type": "Polygon", "coordinates": [ [ [ 80.941481360008908, 26.870543564721242 ], [ 80.94158547334672, 26.871727679353953 ], [ 80.941663558350072, 26.872377776232568 ], [ 80.941871785025697, 26.874165523376163 ], [ 80.942210153373594, 26.875187080481084 ], [ 80.942106040035782, 26.87565142156831 ], [ 80.94223618170804, 26.875953242252315 ], [ 80.942496465052571, 26.876510447551979 ], [ 80.94288689006936, 26.877230166999372 ], [ 80.94332937175507, 26.877694499695025 ], [ 80.94947205868597, 26.872354558551255 ], [ 80.95014879538175, 26.869150472807945 ], [ 80.95186666545564, 26.868709323457697 ], [ 80.951658438780015, 26.868152079713418 ], [ 80.951580353776649, 26.867548395891944 ], [ 80.951684467114461, 26.866410675315482 ], [ 80.951684467114461, 26.865760544133263 ], [ 80.951684467114461, 26.864506709157123 ], [ 80.951710495448921, 26.86383334760011 ], [ 80.951710495448921, 26.863299299376997 ], [ 80.950669362070798, 26.861952557879182 ], [ 80.948561066980119, 26.86151138045377 ], [ 80.945958233534824, 26.860954101246563 ], [ 80.944448590136545, 26.860838001066188 ], [ 80.942053983366876, 26.860443259561663 ], [ 80.939971716610643, 26.859909195333785 ], [ 80.938670299887988, 26.859630552127101 ], [ 80.936718174804014, 26.858562413477117 ], [ 80.937316826496428, 26.859955635801516 ], [ 80.937993563192208, 26.860884441152635 ], [ 80.938878526563613, 26.862370513852976 ], [ 80.939555263259393, 26.863926225294563 ], [ 80.940179943286253, 26.865667667945019 ], [ 80.94049228329969, 26.866735739505181 ], [ 80.940908736650954, 26.86868610502318 ], [ 80.941481360008908, 26.870543564721242 ] ] ] } },
{ "type": "Feature", "properties": { "id": 87, "Zone": 3, "Ward Num": 27, "Ward Name": "Nirala Nagar" }, "geometry": { "type": "Polygon", "coordinates": [ [ [ 80.934583851378875, 26.873585089090795 ], [ 80.93437562470325, 26.873701176186252 ], [ 80.93416739802764, 26.873933350019598 ], [ 80.933985199686461, 26.874374478989449 ], [ 80.934583851378875, 26.874304827161261 ], [ 80.93502633306457, 26.874072654090753 ], [ 80.935494843084726, 26.873770828386309 ], [ 80.935755126429257, 26.873770828386309 ], [ 80.93656200479731, 26.873886915291074 ], [ 80.9361195231116, 26.874699520286967 ], [ 80.936197608114966, 26.874769171872007 ], [ 80.93656200479731, 26.875001343512196 ], [ 80.936379806456131, 26.875349600078547 ], [ 80.935989381439342, 26.875233514675628 ], [ 80.935104418067922, 26.876672965247067 ], [ 80.935156474736843, 26.876835482708522 ], [ 80.935208531405749, 26.877044433387088 ], [ 80.935312644743561, 26.877160516930527 ], [ 80.934713993051147, 26.877276600354772 ], [ 80.935286616409101, 26.87834456226479 ], [ 80.934583851378875, 26.878692808532293 ], [ 80.934245483030992, 26.878182046972817 ], [ 80.9326317262949, 26.879458946544332 ], [ 80.932267329612557, 26.879133918930975 ], [ 80.93174676292351, 26.879505378984231 ], [ 80.931798819592402, 26.8796446761895 ], [ 80.932215272943665, 26.880039350672206 ], [ 80.932709811298253, 26.880503671828741 ], [ 80.933464632997399, 26.881014422897895 ], [ 80.934427681372156, 26.88133944510389 ], [ 80.935364701412468, 26.881594819038629 ], [ 80.936015409773788, 26.88168768214458 ], [ 80.93677023147292, 26.88168768214458 ], [ 80.938357959874551, 26.88140909259786 ], [ 80.939242923245956, 26.880967991077888 ], [ 80.940804623313142, 26.879992918451652 ], [ 80.942184125039148, 26.878646375758603 ], [ 80.943381428423976, 26.877717716279758 ], [ 80.94288689006936, 26.877230166999372 ], [ 80.942522493387031, 26.876533664379874 ], [ 80.942314266711392, 26.876069326916223 ], [ 80.942080011701321, 26.875697855572152 ], [ 80.942210153373594, 26.875233514675628 ], [ 80.941871785025697, 26.874211957990276 ], [ 80.941767671687884, 26.873422566956926 ], [ 80.94161150168118, 26.872308123174346 ], [ 80.94161150168118, 26.871774114969227 ], [ 80.941481360008908, 26.870543564721242 ], [ 80.940960793319846, 26.868755760312446 ], [ 80.94051831163415, 26.866805395995719 ], [ 80.940205971620713, 26.865737325093345 ], [ 80.939555263259393, 26.863903005878107 ], [ 80.938019591526668, 26.860884441152635 ], [ 80.937316826496428, 26.860002076250176 ], [ 80.936822288141826, 26.858585633989772 ], [ 80.935989381439342, 26.858330208088347 ], [ 80.934661936382227, 26.85835342864867 ], [ 80.933308462990681, 26.859235806409487 ], [ 80.934661936382227, 26.861186301249852 ], [ 80.935859239767069, 26.863136762460805 ], [ 80.936822288141826, 26.866178486036549 ], [ 80.937681223178785, 26.86891828915391 ], [ 80.93721271315863, 26.869104036115278 ], [ 80.936405834790577, 26.86947552912272 ], [ 80.935338673078007, 26.870125638949233 ], [ 80.935338673078007, 26.871031142836408 ], [ 80.935937324770421, 26.871286540057692 ], [ 80.93544278641582, 26.871681243719596 ], [ 80.934896191392312, 26.871356193745207 ], [ 80.93440165303771, 26.871611590232316 ], [ 80.933907114683095, 26.871913421700651 ], [ 80.933438604662939, 26.872447429247877 ], [ 80.933881086348649, 26.872795693680811 ], [ 80.933803001345282, 26.872958216715755 ], [ 80.934271511365438, 26.873283262084804 ], [ 80.934479738041063, 26.87326004458944 ], [ 80.934635908047781, 26.873445784418919 ], [ 80.934583851378875, 26.873585089090795 ] ] ] } },
{ "type": "Feature", "properties": { "id": 89, "Zone": 3, "Ward Num": 67, "Ward Name": "Mankameshwar" }, "geometry": { "type": "Polygon", "coordinates": [ [ [ 80.924634520534227, 26.867919894009582 ], [ 80.925311257230007, 26.868291390906908 ], [ 80.925857852253529, 26.868871852365892 ], [ 80.926274305604764, 26.869173691147122 ], [ 80.927263382313981, 26.870079202656996 ], [ 80.92804423234756, 26.870520346663312 ], [ 80.928720969043354, 26.870659654939342 ], [ 80.928773025712246, 26.870079202656996 ], [ 80.928929195718979, 26.869963111842999 ], [ 80.929319620735768, 26.869591620437284 ], [ 80.92986621575929, 26.86993989366589 ], [ 80.930647065792868, 26.870381038215662 ], [ 80.930725150796221, 26.870590000822784 ], [ 80.93226082252896, 26.8701488570882 ], [ 80.933275927572623, 26.870172075222396 ], [ 80.934317060950733, 26.870102420805505 ], [ 80.935410250997762, 26.870125638949233 ], [ 80.936425356041426, 26.86947552912272 ], [ 80.937180177740558, 26.869104036115278 ], [ 80.937726772764066, 26.86898794430018 ], [ 80.936815781058215, 26.866201704985887 ], [ 80.935826704348997, 26.863090323298994 ], [ 80.934525287626357, 26.86111664129891 ], [ 80.933380040910436, 26.859259026783938 ], [ 80.93049089578615, 26.861720359448711 ], [ 80.929059337391237, 26.863136762460805 ], [ 80.927914090675316, 26.864390612622923 ], [ 80.925779767250162, 26.866735739505181 ], [ 80.924634520534227, 26.867919894009582 ] ] ] } },
{ "type": "Feature", "properties": { "id": 88, "Zone": 3, "Ward Num": 56, "Ward Name": "Dali Ganj" }, "geometry": { "type": "Polygon", "coordinates": [ [ [ 80.934583851378875, 26.873585089090795 ], [ 80.934661936382227, 26.873434175688523 ], [ 80.93446672387384, 26.873248435839958 ], [ 80.934265004281826, 26.873283262084804 ], [ 80.933718409258319, 26.872981434273104 ], [ 80.933900607599483, 26.872772476085323 ], [ 80.933432097579328, 26.872447429247877 ], [ 80.933900607599483, 26.871890203924011 ], [ 80.934369117619639, 26.87163480806618 ], [ 80.934941740977607, 26.871356193745207 ], [ 80.935436279332208, 26.871658025895275 ], [ 80.935982874355716, 26.871263322152316 ], [ 80.935384222663302, 26.8701488570882 ], [ 80.934317060950733, 26.870079202656996 ], [ 80.933301955907055, 26.870172075222396 ], [ 80.9322347941945, 26.870172075222396 ], [ 80.930699122461775, 26.870566782774397 ], [ 80.930647065792868, 26.870311383927483 ], [ 80.929319620735768, 26.869568402183905 ], [ 80.928903167384519, 26.870032766345687 ], [ 80.928773025712246, 26.870172075222396 ], [ 80.9287469973778, 26.870682872968668 ], [ 80.92807026068202, 26.870497128600629 ], [ 80.927237353979521, 26.870032766345687 ], [ 80.92632636227367, 26.869196909481541 ], [ 80.925831823919069, 26.868871852365892 ], [ 80.925285228895561, 26.868291390906908 ], [ 80.924686577203147, 26.867943112601424 ], [ 80.924087925510719, 26.868593231237412 ], [ 80.923202962139328, 26.869243346136081 ], [ 80.92265636711582, 26.869661275168809 ], [ 80.923072820467056, 26.870172075222396 ], [ 80.923020763798149, 26.870311383927483 ], [ 80.922864593791431, 26.870613218866399 ], [ 80.922695409617489, 26.870798963043761 ], [ 80.922461154607419, 26.871007924878594 ], [ 80.922031687088932, 26.871286540057692 ], [ 80.921823460413322, 26.871553545626806 ], [ 80.921979630420026, 26.871681243719596 ], [ 80.922252927931794, 26.871925030587203 ], [ 80.922487182941865, 26.872110772609727 ], [ 80.922591296279677, 26.872029510512412 ], [ 80.922812537122525, 26.871623199149848 ], [ 80.92337214631327, 26.871240104242172 ], [ 80.923840656333425, 26.870938270976556 ], [ 80.924504378861968, 26.870636436905269 ], [ 80.924920832213218, 26.871135623587559 ], [ 80.925584554741761, 26.871983075002007 ], [ 80.926407700818842, 26.873016260600185 ], [ 80.927383763360837, 26.874316435802275 ], [ 80.92867541945806, 26.875871982916649 ], [ 80.929742581170615, 26.87719534197031 ], [ 80.931720734589049, 26.879482162766674 ], [ 80.932254315445334, 26.879110702637121 ], [ 80.9326317262949, 26.879447338431383 ], [ 80.934271511365438, 26.87815883048345 ], [ 80.934583851378875, 26.878681200340655 ], [ 80.935273602241878, 26.878332954037404 ], [ 80.934687964716687, 26.877276600354772 ], [ 80.935338673078007, 26.877148908581539 ], [ 80.935195517238512, 26.877032825026191 ], [ 80.935169488904066, 26.876823874326163 ], [ 80.935091403900714, 26.876661356848018 ], [ 80.935989381439342, 26.875256731765752 ], [ 80.936405834790577, 26.875384425676188 ], [ 80.936535976462849, 26.874966517796569 ], [ 80.936184593947743, 26.874780780465336 ], [ 80.9361195231116, 26.874687911685292 ], [ 80.936548990630072, 26.873921741339249 ], [ 80.93576814059648, 26.873794045776805 ], [ 80.93544278641582, 26.873782437082156 ], [ 80.935013318897347, 26.874072654090753 ], [ 80.934570837211652, 26.874293218519067 ], [ 80.933959171352001, 26.874397696255979 ], [ 80.93416739802764, 26.87394495869874 ], [ 80.93437562470325, 26.873712784889246 ], [ 80.934583851378875, 26.873585089090795 ] ] ] } },
{ "type": "Feature", "properties": { "id": 90, "Zone": 3, "Ward Num": 74, "Ward Name": "Mahakavi Jai Shankar Prasad" }, "geometry": { "type": "Polygon", "coordinates": [ [ [ 80.942333787962241, 26.89404940189316 ], [ 80.943244779668106, 26.893515496404053 ], [ 80.940596396637503, 26.889023626399773 ], [ 80.937534813797484, 26.883893158486067 ], [ 80.936207368740369, 26.881722505789639 ], [ 80.935374462037885, 26.881629642712316 ], [ 80.934450456164797, 26.881327837184052 ], [ 80.933461379455593, 26.881037638800755 ], [ 80.932706557756461, 26.880492063823077 ], [ 80.932264076070751, 26.880085782873689 ], [ 80.93176953771615, 26.879656284282198 ], [ 80.931756523548913, 26.879516987091229 ], [ 80.931535282706079, 26.879702716641027 ], [ 80.932556894833354, 26.881095678537015 ], [ 80.932895263181251, 26.88152517165911 ], [ 80.932986362351826, 26.882477015464573 ], [ 80.933285688198026, 26.882976149865925 ], [ 80.934040509897173, 26.884392286633148 ], [ 80.934339835743387, 26.885135170955927 ], [ 80.935081643275296, 26.8870155750724 ], [ 80.93563149184061, 26.888234338805212 ], [ 80.935878761017918, 26.888895947897989 ], [ 80.936373299372519, 26.890033442194436 ], [ 80.936568511880907, 26.8904048664233 ], [ 80.936646596884273, 26.89120574576183 ], [ 80.937336347747276, 26.892296789638475 ], [ 80.937765815265749, 26.893712809596163 ], [ 80.937635673593491, 26.89373602289022 ], [ 80.937713758596843, 26.894119041553523 ], [ 80.938455566128752, 26.893921729070968 ], [ 80.93872886364052, 26.893886909185337 ], [ 80.939015175319497, 26.894931501085718 ], [ 80.93935354366738, 26.896498370824371 ], [ 80.939743968684184, 26.898390191988586 ], [ 80.939887124523665, 26.899156196453323 ], [ 80.940017266195937, 26.900107891732951 ], [ 80.940199464537102, 26.902475489097959 ], [ 80.940876201232868, 26.902463883349597 ], [ 80.940915243734551, 26.902754026701043 ], [ 80.941539923761425, 26.902754026701043 ], [ 80.941644037099238, 26.902626363718255 ], [ 80.942164603788299, 26.90350839592594 ], [ 80.942320773795018, 26.903601241020699 ], [ 80.942672156310138, 26.903496790283718 ], [ 80.944403040551251, 26.902498700591135 ], [ 80.944598253059652, 26.902661180909689 ], [ 80.947005873996545, 26.901755930443382 ], [ 80.947057930665451, 26.901245273132812 ], [ 80.947227114839407, 26.901094396667322 ], [ 80.944858536404169, 26.89769381978515 ], [ 80.943505063012623, 26.89576716765108 ], [ 80.942333787962241, 26.89404940189316 ] ] ] } },
{ "type": "Feature", "properties": { "id": 91, "Zone": 3, "Ward Num": 89, "Ward Name": "Ali Ganj Ward" }, "geometry": { "type": "Polygon", "coordinates": [ [ [ 80.936122776653406, 26.881699290027463 ], [ 80.938387241750817, 26.885344106291829 ], [ 80.939610573470105, 26.8874102238155 ], [ 80.940391423503684, 26.888663804797837 ], [ 80.943306596962429, 26.893515496404053 ], [ 80.947184818795918, 26.890869144992312 ], [ 80.947549215478261, 26.890451294366056 ], [ 80.948720490528629, 26.889406661039473 ], [ 80.949969850582377, 26.888663804797837 ], [ 80.950386303933627, 26.889104876280332 ], [ 80.950464388936979, 26.889104876280332 ], [ 80.950854813953782, 26.889569160191289 ], [ 80.95142743731175, 26.889290590073653 ], [ 80.951609635652915, 26.889360232667457 ], [ 80.952026089004164, 26.889987014079978 ], [ 80.953041194047827, 26.889662016744545 ], [ 80.954004242422585, 26.889731659109412 ], [ 80.953978214088124, 26.890033442194436 ], [ 80.954056299091491, 26.89007987028981 ], [ 80.954368639104928, 26.890010228139591 ], [ 80.954680979118365, 26.889894157793812 ], [ 80.953900129084772, 26.888385232448087 ], [ 80.953223392389006, 26.887363794623141 ], [ 80.953093250716734, 26.887038789742515 ], [ 80.952182259010883, 26.885320891273583 ], [ 80.951869918997446, 26.885135170955927 ], [ 80.951349352308384, 26.884438717046397 ], [ 80.950178077258002, 26.883440458957942 ], [ 80.949579425565588, 26.882651132366561 ], [ 80.94898077387316, 26.881838584529003 ], [ 80.948746518863089, 26.881676074260511 ], [ 80.948746518863089, 26.88149034795325 ], [ 80.947965668829497, 26.880422415764027 ], [ 80.947471130474895, 26.879656284282198 ], [ 80.947132762126998, 26.879493770876049 ], [ 80.945857373738804, 26.878890147607642 ], [ 80.94460801368507, 26.878100789239213 ], [ 80.943723050313665, 26.877334642022188 ], [ 80.942239435249846, 26.878657983953815 ], [ 80.940729791851581, 26.880027742618847 ], [ 80.939324261791114, 26.880956383119905 ], [ 80.938335185081911, 26.881397484685184 ], [ 80.93674745668028, 26.881699290027463 ], [ 80.936122776653406, 26.881699290027463 ] ] ] } },
{ "type": "Feature", "properties": { "id": 92, "Zone": 3, "Ward Num": 103, "Ward Name": "Vivekanand Puri" }, "geometry": { "type": "Polygon", "coordinates": [ [ [ 80.94370352906283, 26.877288208690629 ], [ 80.944588492434235, 26.878147222236993 ], [ 80.945655654146805, 26.878774065840325 ], [ 80.94607210749804, 26.879029445571064 ], [ 80.947295439217328, 26.879586635708176 ], [ 80.947191325879515, 26.879145527076126 ], [ 80.947321467551788, 26.87842581982316 ], [ 80.947633807565225, 26.876939958096084 ], [ 80.947998204247568, 26.876568489612755 ], [ 80.947789977571944, 26.876289887449261 ], [ 80.947920119244202, 26.876173803011817 ], [ 80.948258487592099, 26.876707790437049 ], [ 80.948154374254287, 26.876823874326163 ], [ 80.947920119244202, 26.877125691880018 ], [ 80.947920119244202, 26.877404291983758 ], [ 80.948128345919827, 26.877566808393862 ], [ 80.94854479927109, 26.877311425358794 ], [ 80.949299620970208, 26.878100789239213 ], [ 80.94984621599373, 26.878170438728727 ], [ 80.950470896020605, 26.878472252687445 ], [ 80.951147632716371, 26.878843714915032 ], [ 80.952188766094494, 26.879284824724838 ], [ 80.953854579499477, 26.879888445885658 ], [ 80.954765571205328, 26.880143823098724 ], [ 80.95575464791456, 26.880329551618559 ], [ 80.956249186269147, 26.880283119517212 ], [ 80.956561526282584, 26.879749148980789 ], [ 80.959034218055621, 26.879377689728614 ], [ 80.958617764704385, 26.877473941902405 ], [ 80.958487623032113, 26.875291557391993 ], [ 80.959034218055621, 26.87492008349237 ], [ 80.957941028008591, 26.872435820414964 ], [ 80.957446489653989, 26.871112405651203 ], [ 80.956977979633834, 26.870346211076942 ], [ 80.956925922964928, 26.869881848202276 ], [ 80.954166919512915, 26.870439083423037 ], [ 80.951850397746611, 26.871182059445978 ], [ 80.949455790976941, 26.872366167392503 ], [ 80.94370352906283, 26.877288208690629 ] ] ] } },
{ "type": "Feature", "properties": { "id": 93, "Zone": 3, "Ward Num": 62, "Ward Name": "Mahanagar" }, "geometry": { "type": "Polygon", "coordinates": [ [ [ 80.965860148765913, 26.878007923186416 ], [ 80.965860148765913, 26.876197019908854 ], [ 80.966302630451608, 26.873527045498367 ], [ 80.96705745215074, 26.872714432075735 ], [ 80.967786245515427, 26.871785723870065 ], [ 80.968645180552386, 26.870415865343659 ], [ 80.968645180552386, 26.870044375425312 ], [ 80.96640674378942, 26.870322992978494 ], [ 80.964246392029821, 26.870346211076942 ], [ 80.962320295280307, 26.870439083423037 ], [ 80.961175048564371, 26.870276556767298 ], [ 80.959743490169458, 26.870067593580959 ], [ 80.9582859034401, 26.870183684287706 ], [ 80.95698448671746, 26.870392647259525 ], [ 80.957452996737601, 26.871065969764182 ], [ 80.95786945008885, 26.872412602745573 ], [ 80.959066753473678, 26.87492008349237 ], [ 80.958468101781278, 26.875337991543624 ], [ 80.958624271787983, 26.877520375157669 ], [ 80.959014696804786, 26.879331257236259 ], [ 80.956854345045187, 26.879725932813294 ], [ 80.957140656724164, 26.880561711839192 ], [ 80.957843421754404, 26.880399199734807 ], [ 80.958129733433381, 26.88104924675039 ], [ 80.957452996737601, 26.88144391632876 ], [ 80.959301008483763, 26.884438717046397 ], [ 80.956125551680501, 26.88566911604654 ], [ 80.956411863359492, 26.886388777176943 ], [ 80.95654200503175, 26.886528065898617 ], [ 80.956568033366196, 26.886760213386538 ], [ 80.956515976697304, 26.88727093618121 ], [ 80.956385835025031, 26.88750308214297 ], [ 80.956489948362844, 26.887642369491115 ], [ 80.956880373379633, 26.888060230505353 ], [ 80.956698175038468, 26.888199517166701 ], [ 80.956932430048539, 26.888640590461577 ], [ 80.955422786650274, 26.889406661039473 ], [ 80.955552928322533, 26.88963880261338 ], [ 80.956750231707375, 26.889569160191289 ], [ 80.958728385125795, 26.889128090521201 ], [ 80.958806470129161, 26.889267375866179 ], [ 80.959509235159388, 26.889220947436936 ], [ 80.959899660176177, 26.88982451552911 ], [ 80.962268238611401, 26.889035233529142 ], [ 80.962606606959284, 26.889685230870938 ], [ 80.964194335360915, 26.888826305018014 ], [ 80.962294266945847, 26.886179843772521 ], [ 80.963777882009666, 26.885390536314006 ], [ 80.964636817046625, 26.884020842640496 ], [ 80.966094403775983, 26.884345856200831 ], [ 80.967213622157459, 26.883881550828509 ], [ 80.966849225475116, 26.883347597292136 ], [ 80.966745112137303, 26.882581485637949 ], [ 80.966302630451608, 26.881815368790679 ], [ 80.966042347107077, 26.881072462646088 ], [ 80.96578206376256, 26.879934878149125 ], [ 80.965860148765913, 26.879029445571064 ], [ 80.965860148765913, 26.878007923186416 ] ] ] } },
{ "type": "Feature", "properties": { "id": 94, "Zone": 3, "Ward Num": 35, "Ward Name": "Jankipuram 1st" }, "geometry": { "type": "Polygon", "coordinates": [ [ [ 80.936643343342467, 26.926960961166149 ], [ 80.941094188533924, 26.927448295782963 ], [ 80.944295673671633, 26.927749978062085 ], [ 80.945284750380836, 26.927773184357825 ], [ 80.947340988802623, 26.927796390648798 ], [ 80.949735595572292, 26.92791242203203 ], [ 80.951765805659633, 26.92809807199696 ], [ 80.95379601574696, 26.928330134023426 ], [ 80.954811120790623, 26.928376546371428 ], [ 80.956424877526715, 26.928283721656328 ], [ 80.955852254168747, 26.927866009493066 ], [ 80.956112537513278, 26.927819596934995 ], [ 80.956008424175465, 26.927610740187355 ], [ 80.955644027493122, 26.927610740187355 ], [ 80.95553991415531, 26.925916665612071 ], [ 80.954602894115013, 26.925939872284975 ], [ 80.953743959078054, 26.925963078953092 ], [ 80.953743959078054, 26.925916665612071 ], [ 80.953665874074701, 26.925081222208352 ], [ 80.953691902409147, 26.923828045502301 ], [ 80.953509704067969, 26.922853342884888 ], [ 80.953509704067969, 26.921391273170155 ], [ 80.953405590730171, 26.921182404521453 ], [ 80.953535732402429, 26.921043158540837 ], [ 80.953639845740241, 26.920880704679611 ], [ 80.953639845740241, 26.92053258847508 ], [ 80.953327505726804, 26.920045223984435 ], [ 80.952416514020953, 26.916355110251821 ], [ 80.951505522315102, 26.913036225659233 ], [ 80.950776728950416, 26.910042183103727 ], [ 80.948954745538714, 26.910552800629276 ], [ 80.946690280441302, 26.910993786633526 ], [ 80.944972410367413, 26.911318722586898 ], [ 80.943566880306946, 26.9115043998546 ], [ 80.941979151905315, 26.911806124763206 ], [ 80.941094188533924, 26.91224710587117 ], [ 80.940443480172604, 26.912641666454807 ], [ 80.939688658473457, 26.912711294649931 ], [ 80.939011921777677, 26.913105853610961 ], [ 80.938829723436513, 26.913453992725334 ], [ 80.938829723436513, 26.91435914939726 ], [ 80.938959865108785, 26.916447944781314 ], [ 80.9387256100987, 26.916819282135641 ], [ 80.938881780105419, 26.917747620175824 ], [ 80.937606391717225, 26.923340695246182 ], [ 80.937137881697083, 26.925661391895133 ], [ 80.936643343342467, 26.926960961166149 ] ] ] } },
{ "type": "Feature", "properties": { "id": 95, "Zone": 3, "Ward Num": 91, "Ward Name": "Jankipuram 2nd" }, "geometry": { "type": "Polygon", "coordinates": [ [ [ 80.950783236034027, 26.910065393041364 ], [ 80.951502268773297, 26.913047830320838 ], [ 80.952426274646385, 26.916366714572192 ], [ 80.953298223850553, 26.92001041215455 ], [ 80.953623578031213, 26.920497776795557 ], [ 80.953662620532896, 26.920857496966054 ], [ 80.95354549302786, 26.921031554701369 ], [ 80.953389323021128, 26.921170800696295 ], [ 80.953506450526177, 26.921426084574023 ], [ 80.95349668990076, 26.922806928264496 ], [ 80.95370491657637, 26.923828045502301 ], [ 80.953652859907479, 26.925081222208352 ], [ 80.95370491657637, 26.925963078953092 ], [ 80.954641936616682, 26.925893458934397 ], [ 80.955552928322533, 26.925963078953092 ], [ 80.955657041660345, 26.927633946511747 ], [ 80.955995410008242, 26.927633946511747 ], [ 80.956125551680501, 26.927889215764928 ], [ 80.955813211667063, 26.927889215764928 ], [ 80.956411863359492, 26.92835334019982 ], [ 80.957062571720812, 26.928376546371428 ], [ 80.958051648430015, 26.929235171364819 ], [ 80.959092781808138, 26.930070584003797 ], [ 80.959483206824942, 26.930372259269415 ], [ 80.959873631841731, 26.930581110903713 ], [ 80.960602425206417, 26.931068429879765 ], [ 80.962242210276955, 26.931973445248975 ], [ 80.964480647039906, 26.933249736632153 ], [ 80.966432772123881, 26.934363579126735 ], [ 80.969191775575894, 26.933992299517605 ], [ 80.969790427268308, 26.933226531463195 ], [ 80.970909645649783, 26.932043061515035 ], [ 80.972445317382494, 26.930488288002877 ], [ 80.97426730079421, 26.929095935323414 ], [ 80.975412547510132, 26.928538989439048 ], [ 80.974449499135389, 26.927726771761563 ], [ 80.973069997409382, 26.926450417880879 ], [ 80.970154823950637, 26.92387445970262 ], [ 80.968586616799854, 26.922319573597555 ], [ 80.966686548384786, 26.920161263339793 ], [ 80.964031658270585, 26.916842490679727 ], [ 80.962469958203414, 26.914939374215074 ], [ 80.961012371474055, 26.91305943498126 ], [ 80.958982161386714, 26.910367121796305 ], [ 80.957498546322896, 26.908463896149751 ], [ 80.956613582951491, 26.908788839385245 ], [ 80.954140891178469, 26.909299462579906 ], [ 80.952735361118002, 26.909554773311132 ], [ 80.950783236034027, 26.910065393041364 ] ] ] } },
{ "type": "Feature", "properties": { "id": 96, "Zone": 3, "Ward Num": 77, "Ward Name": "Bhartendu Harish Chandra" }, "geometry": { "type": "Polygon", "coordinates": [ [ [ 80.937277783994759, 26.894235107558735 ], [ 80.937362376081722, 26.894780616185859 ], [ 80.938065141111963, 26.89670728514734 ], [ 80.939106274490086, 26.899504378583501 ], [ 80.939288472831251, 26.899504378583501 ], [ 80.93947067117243, 26.900920308187434 ], [ 80.939652869513594, 26.903044169307012 ], [ 80.939730954516946, 26.9049010643316 ], [ 80.939783011185853, 26.906316926268467 ], [ 80.93937957200184, 26.907059666413968 ], [ 80.939769997018615, 26.907187324384406 ], [ 80.939535742008545, 26.907373008447362 ], [ 80.939535742008545, 26.907547086979022 ], [ 80.93947067117243, 26.907918453616173 ], [ 80.93967889784804, 26.907988084724622 ], [ 80.939483685339638, 26.908208582951445 ], [ 80.939626841179134, 26.908313029329641 ], [ 80.939386079085452, 26.908487106411872 ], [ 80.939386079085452, 26.908695998556258 ], [ 80.939490192423264, 26.908928100485571 ], [ 80.939646362429968, 26.909740453480264 ], [ 80.939724447433335, 26.910761688951283 ], [ 80.939698419098889, 26.912688085256331 ], [ 80.940453240798021, 26.912641666454807 ], [ 80.941077920824895, 26.912270315355443 ], [ 80.94191082752738, 26.911852543908335 ], [ 80.943498555929011, 26.911434770915008 ], [ 80.944956142658384, 26.911318722586898 ], [ 80.946595927728907, 26.911016996375484 ], [ 80.949068619501944, 26.91057601046192 ], [ 80.949667271194372, 26.910390331667131 ], [ 80.949224789508662, 26.904494871154284 ], [ 80.95109882958927, 26.904239548980645 ], [ 80.952738614659808, 26.903032563617085 ], [ 80.95286875633208, 26.901825565352279 ], [ 80.952972869669892, 26.900897096369842 ], [ 80.953155068011057, 26.899945407740741 ], [ 80.953259181348869, 26.899666863210221 ], [ 80.953831804706837, 26.898854437738919 ], [ 80.951983792960675, 26.897740244732272 ], [ 80.95177556628505, 26.898366979650987 ], [ 80.951281027930449, 26.898831225496725 ], [ 80.950656347903575, 26.899504378583501 ], [ 80.949927554538888, 26.900409647098286 ], [ 80.949589186191005, 26.900989943611606 ], [ 80.949198761174216, 26.901663083831398 ], [ 80.948938477829685, 26.901500602076744 ], [ 80.948678194485154, 26.901361331815252 ], [ 80.948183656130553, 26.901175637866089 ], [ 80.947480891100312, 26.901129214331096 ], [ 80.947168551086875, 26.901175637866089 ], [ 80.947012381080157, 26.901291696620106 ], [ 80.946986352745711, 26.901779142084454 ], [ 80.944591745976041, 26.902637969449923 ], [ 80.944383519300416, 26.902498700591135 ], [ 80.942613592557606, 26.903496790283718 ], [ 80.942275224209723, 26.90358963538802 ], [ 80.942145082537451, 26.903496790283718 ], [ 80.941598487513943, 26.902637969449923 ], [ 80.941520402510591, 26.902730815260373 ], [ 80.94084366581481, 26.902730815260373 ], [ 80.94084366581481, 26.902452277600027 ], [ 80.940166929119044, 26.902475489097959 ], [ 80.940010759112312, 26.900177527658048 ], [ 80.939854589105593, 26.899225832965232 ], [ 80.939334022416546, 26.896579615329209 ], [ 80.938995654068648, 26.895001140202282 ], [ 80.938709342389657, 26.893910122443618 ], [ 80.93842303071068, 26.893933335697138 ], [ 80.938032605693891, 26.894026188663492 ], [ 80.937746294014914, 26.894119041553523 ], [ 80.937277783994759, 26.894235107558735 ] ] ] } },
{ "type": "Feature", "properties": { "id": 97, "Zone": 3, "Ward Num": 102, "Ward Name": "Bajrang Bali" }, "geometry": { "type": "Polygon", "coordinates": [ [ [ 80.942333787962241, 26.89404940189316 ], [ 80.943557119681529, 26.895836806252476 ], [ 80.944910593073089, 26.897717032261092 ], [ 80.947305199842759, 26.901175637866089 ], [ 80.947409313180572, 26.901129214331096 ], [ 80.94819016321415, 26.901152426100978 ], [ 80.948710729903226, 26.901384543537429 ], [ 80.948944984913297, 26.90154702545907 ], [ 80.949231296592274, 26.901686295491551 ], [ 80.949543636605711, 26.901036367203847 ], [ 80.949855976619148, 26.900432859016075 ], [ 80.95063682665274, 26.899550802786411 ], [ 80.95128753501406, 26.898831225496725 ], [ 80.951808101703122, 26.898366979650987 ], [ 80.951964271709826, 26.89769381978515 ], [ 80.953135546760222, 26.896254636959206 ], [ 80.954541076820675, 26.894606517974044 ], [ 80.954905473503032, 26.894374386607591 ], [ 80.955634266867705, 26.894211894367235 ], [ 80.955373983523174, 26.891170925039077 ], [ 80.954671218492948, 26.88991737187251 ], [ 80.954384906813956, 26.890056656244507 ], [ 80.954072566800534, 26.890126298366127 ], [ 80.953968453462721, 26.890033442194436 ], [ 80.953968453462721, 26.889708444992561 ], [ 80.95303143342241, 26.889662016744545 ], [ 80.952016328378747, 26.889987014079978 ], [ 80.951547818358591, 26.889360232667457 ], [ 80.951417676686319, 26.889337018474297 ], [ 80.950845053328365, 26.889569160191289 ], [ 80.950454628311562, 26.889104876280332 ], [ 80.950298458304843, 26.889104876280332 ], [ 80.94996008995696, 26.888687019129311 ], [ 80.948710729903226, 26.889406661039473 ], [ 80.94753945485283, 26.890451294366056 ], [ 80.947175058170487, 26.890915572744287 ], [ 80.943270808002552, 26.893538709738667 ], [ 80.942333787962241, 26.89404940189316 ] ] ] } },
{ "type": "Feature", "properties": { "id": 98, "Zone": 3, "Ward Num": 61, "Ward Name": "Begum Hazrat Mehal" }, "geometry": { "type": "Polygon", "coordinates": [ [ [ 80.947409313180572, 26.879656284282198 ], [ 80.948710729903226, 26.88144391632876 ], [ 80.948736758237672, 26.881699290027463 ], [ 80.948971013247743, 26.881792153047559 ], [ 80.949569664940157, 26.882604701218924 ], [ 80.950142288298125, 26.883417243548628 ], [ 80.951365620017427, 26.884415501842149 ], [ 80.951886186706474, 26.885111955894757 ], [ 80.952250583388818, 26.885390536314006 ], [ 80.95305746175687, 26.886992360397539 ], [ 80.953161575094668, 26.887294150798844 ], [ 80.953890368459355, 26.888385232448087 ], [ 80.954671218492948, 26.889894157793812 ], [ 80.955347955188728, 26.891170925039077 ], [ 80.955582210198799, 26.893538709738667 ], [ 80.955582210198799, 26.89416546796992 ], [ 80.955686323536611, 26.894235107558735 ], [ 80.956128805222306, 26.894026188663492 ], [ 80.956363060232391, 26.893654776340146 ], [ 80.956623343576922, 26.893283362795668 ], [ 80.957091853597063, 26.892888734566675 ], [ 80.957898731965102, 26.892378037165209 ], [ 80.959538517035639, 26.89149591803411 ], [ 80.96260986050109, 26.889708444992561 ], [ 80.962245463818746, 26.889035233529142 ], [ 80.959876885383537, 26.88982451552911 ], [ 80.959512488701193, 26.889220947436936 ], [ 80.958809723670953, 26.889290590073653 ], [ 80.958705610333141, 26.889081662034709 ], [ 80.956727456914734, 26.889569160191289 ], [ 80.955530153529892, 26.88963880261338 ], [ 80.955373983523174, 26.889383446855845 ], [ 80.956909655255899, 26.888663804797837 ], [ 80.956675400245814, 26.888199517166701 ], [ 80.956883626921439, 26.888037016045104 ], [ 80.956493201904649, 26.887642369491115 ], [ 80.956311003563471, 26.88747986756826 ], [ 80.956519230239095, 26.887294150798844 ], [ 80.956571286908016, 26.886783428109094 ], [ 80.956519230239095, 26.886597710195073 ], [ 80.956441145235743, 26.886411991975809 ], [ 80.956128805222306, 26.88566911604654 ], [ 80.959330290360029, 26.884485147440561 ], [ 80.957378165276054, 26.881467132143388 ], [ 80.958185043644093, 26.881095678537015 ], [ 80.95779461862729, 26.880375983700834 ], [ 80.95714391026597, 26.880561711839192 ], [ 80.956779513583626, 26.879702716641027 ], [ 80.956571286908016, 26.879702716641027 ], [ 80.956232918560119, 26.880306335570257 ], [ 80.955738380205517, 26.880352767662075 ], [ 80.954723275161854, 26.880120607012294 ], [ 80.953890368459355, 26.879865229746766 ], [ 80.952198526719911, 26.879261608461967 ], [ 80.951105336672896, 26.878820498561563 ], [ 80.950402571642655, 26.878449036257681 ], [ 80.949751863281335, 26.878124005740474 ], [ 80.94930938159564, 26.878170438728727 ], [ 80.948502503227601, 26.877288208690629 ], [ 80.948112078210798, 26.877543591778149 ], [ 80.947903851535173, 26.877404291983758 ], [ 80.947903851535173, 26.877148908581539 ], [ 80.948138106545258, 26.876800657557876 ], [ 80.948268248217516, 26.876684573644919 ], [ 80.947929879869633, 26.876220236801096 ], [ 80.947747681528455, 26.876336321190845 ], [ 80.948007964872986, 26.876591706428727 ], [ 80.94759151152175, 26.876939958096084 ], [ 80.947305199842759, 26.878449036257681 ], [ 80.947175058170487, 26.879215175921932 ], [ 80.947305199842759, 26.879586635708176 ], [ 80.947409313180572, 26.879656284282198 ] ] ] } },
{ "type": "Feature", "properties": { "id": 99, "Zone": 3, "Ward Num": 43, "Ward Name": "Lala Lajpat Rai" }, "geometry": { "type": "Polygon", "coordinates": [ [ [ 80.951957764626229, 26.89768221354538 ], [ 80.953835058248643, 26.898854437738919 ], [ 80.953223392389006, 26.899690075280667 ], [ 80.953132293218417, 26.899991831762371 ], [ 80.952950094877238, 26.900908702279242 ], [ 80.952885024041109, 26.901813959537115 ], [ 80.952715839867167, 26.903044169307012 ], [ 80.951063040629407, 26.904239548980645 ], [ 80.949198761174216, 26.904494871154284 ], [ 80.949667271194372, 26.910378726732318 ], [ 80.95077347540861, 26.910030578133124 ], [ 80.952712586325362, 26.90954316829043 ], [ 80.95414414472026, 26.909311067625669 ], [ 80.956616836493311, 26.908800444483489 ], [ 80.957527828199161, 26.908440685882859 ], [ 80.958282649898294, 26.907964874359909 ], [ 80.959141584935239, 26.907268561199526 ], [ 80.957840168212584, 26.906200872679364 ], [ 80.957892224881505, 26.906096424347176 ], [ 80.957736054874772, 26.905922343578808 ], [ 80.958608004078954, 26.905272439672117 ], [ 80.958295664065517, 26.904819825813036 ], [ 80.958464848239473, 26.90469216516577 ], [ 80.957866196547045, 26.904042254178297 ], [ 80.958321692399963, 26.903728902901349 ], [ 80.958204564894928, 26.902556729303171 ], [ 80.958568961577271, 26.902394248834316 ], [ 80.958555947410048, 26.902046075613811 ], [ 80.957931267383174, 26.902405854589841 ], [ 80.95756687070083, 26.902452277600027 ], [ 80.956694921496663, 26.901686295491551 ], [ 80.955927085630293, 26.901117608444366 ], [ 80.955862014794164, 26.898784800998023 ], [ 80.955731873121906, 26.89609214742357 ], [ 80.955627759784093, 26.894188681170963 ], [ 80.95491198058663, 26.894362780026739 ], [ 80.954534569737064, 26.894594911417055 ], [ 80.953116025509374, 26.896243030571554 ], [ 80.951957764626229, 26.89768221354538 ] ] ] } },
{ "type": "Feature", "properties": { "id": 100, "Zone": 3, "Ward Num": 99, "Ward Name": "Shankar Purwa 1st" }, "geometry": { "type": "Polygon", "coordinates": [ [ [ 80.962274745695012, 26.88615662892596 ], [ 80.964187828277304, 26.888803090715165 ], [ 80.964109743273937, 26.888907555040465 ], [ 80.966087896692372, 26.891461097400793 ], [ 80.965124848317615, 26.892169114835564 ], [ 80.967467398418378, 26.895546645130128 ], [ 80.968482503462042, 26.89696262435066 ], [ 80.968417432625913, 26.897078687434075 ], [ 80.968183177615828, 26.897368844620868 ], [ 80.968079064278015, 26.897589363584309 ], [ 80.968222220117525, 26.897809882117205 ], [ 80.968846900144385, 26.898401798155611 ], [ 80.96938048100067, 26.899005317196913 ], [ 80.969796934351919, 26.899481166474878 ], [ 80.970252430204852, 26.899957013747937 ], [ 80.970603812719958, 26.90044446497317 ], [ 80.970890124398949, 26.900653371997059 ], [ 80.971137393576242, 26.901001549511449 ], [ 80.969185268492268, 26.902568335041991 ], [ 80.96761055425786, 26.903786930981205 ], [ 80.967259171742754, 26.904042254178297 ], [ 80.967063959234352, 26.904100282097133 ], [ 80.966972860063763, 26.904181521133374 ], [ 80.966946831729317, 26.904332393474217 ], [ 80.967063959234352, 26.904494871154284 ], [ 80.96722012924107, 26.904726981720252 ], [ 80.967857823435182, 26.905643813791137 ], [ 80.968456475127581, 26.90615445121032 ], [ 80.969211296826728, 26.907082876964783 ], [ 80.970232908954003, 26.908231793266058 ], [ 80.971274042332126, 26.909461933112034 ], [ 80.972549430720306, 26.910808108525913 ], [ 80.973564535763984, 26.911852543908335 ], [ 80.974403949550094, 26.912502409935716 ], [ 80.975627281269382, 26.913546829641142 ], [ 80.977423236346638, 26.914939374215074 ], [ 80.979323304761706, 26.916285484304584 ], [ 80.981509684855752, 26.91786366189389 ], [ 80.983201526595195, 26.919116904845563 ], [ 80.98163982652801, 26.920462965105298 ], [ 80.980858976494432, 26.920811081524619 ], [ 80.978906851410457, 26.921994669316742 ], [ 80.977293094674366, 26.922899757486189 ], [ 80.975471111262664, 26.925475737919982 ], [ 80.976147847958444, 26.926218351987366 ], [ 80.976199904627336, 26.927007374077519 ], [ 80.976225932961796, 26.927494708493803 ], [ 80.975601252934936, 26.92793562829436 ], [ 80.975347476674003, 26.928585401701113 ], [ 80.975588238767699, 26.928399752538265 ], [ 80.98131447234735, 26.925939872284975 ], [ 80.9843858158128, 26.924733118964124 ], [ 80.991986089473059, 26.921391273170155 ], [ 80.992454599493215, 26.921019950860703 ], [ 80.993860129553667, 26.919905976600472 ], [ 80.996254736323337, 26.921112781552626 ], [ 80.998701399761927, 26.922969379352327 ], [ 81.001148063200503, 26.924918774161384 ], [ 81.002553593260956, 26.926311178402056 ], [ 81.00453174667939, 26.928492577157886 ], [ 81.005781106733124, 26.930349053508401 ], [ 81.006457843428905, 26.93141651357351 ], [ 81.007186636793591, 26.932483963535493 ], [ 81.00796748682717, 26.93262319539437 ], [ 81.008331883509513, 26.932391142200746 ], [ 81.009112733543105, 26.931973445248975 ], [ 81.011611453650588, 26.930349053508401 ], [ 81.009685356901073, 26.929374407234352 ], [ 81.007804809736854, 26.926972564395779 ], [ 81.006477364679739, 26.925058015358815 ], [ 81.005449245468853, 26.924060116312912 ], [ 81.004577296264685, 26.923352298848176 ], [ 81.003848502899999, 26.922760513625004 ], [ 81.003471092050432, 26.922447214309031 ], [ 81.001870349481578, 26.920776269931011 ], [ 81.000126451073228, 26.918733970975897 ], [ 80.998759963514445, 26.917167409795642 ], [ 80.996869655724794, 26.915078627727485 ], [ 80.99591962151726, 26.913825339930408 ], [ 80.995750437343318, 26.913291527938913 ], [ 80.995438097329881, 26.912711294649931 ], [ 80.995073700647538, 26.911852543908335 ], [ 80.994618204794619, 26.911179464435698 ], [ 80.994214765610607, 26.910808108525913 ], [ 80.993928453931616, 26.910564405546189 ], [ 80.993225688901376, 26.910053788073142 ], [ 80.992978419724082, 26.909798478470492 ], [ 80.99262378366717, 26.909357487796807 ], [ 80.992350486155402, 26.908742418980289 ], [ 80.992220344483144, 26.908231793266058 ], [ 80.991960061138613, 26.907837217268678 ], [ 80.991712791961305, 26.90761671831654 ], [ 80.991345141737156, 26.907268561199526 ], [ 80.991241028399344, 26.907268561199526 ], [ 80.990850603382555, 26.907094482238413 ], [ 80.990147838352314, 26.906618665041876 ], [ 80.98990056917502, 26.906386558364684 ], [ 80.989848512506114, 26.905980370531427 ], [ 80.989536172492677, 26.90580628958412 ], [ 80.988768336626322, 26.905365283316392 ], [ 80.988078585763304, 26.905028724742678 ], [ 80.987492948238128, 26.904750192750605 ], [ 80.987102523221324, 26.90446005452824 ], [ 80.986673055702852, 26.904088676515748 ], [ 80.98580110649867, 26.903601241020699 ], [ 80.985358624812974, 26.903438762054758 ], [ 80.984857579374761, 26.903276282855042 ], [ 80.98427194184957, 26.903044169307012 ], [ 80.983777403494969, 26.902556729303171 ], [ 80.983373964310942, 26.90183717116625 ], [ 80.983113680966412, 26.901372937676946 ], [ 80.983087652631951, 26.901256879006421 ], [ 80.983478077648755, 26.900618554186586 ], [ 80.983933573501687, 26.900096285741267 ], [ 80.98424591351511, 26.899678469246041 ], [ 80.984480168525195, 26.899272257282654 ], [ 80.983399992645403, 26.898216099340249 ], [ 80.982345845100042, 26.897287600683708 ], [ 80.981708150905945, 26.896626040734315 ], [ 80.981184330675077, 26.896382307144638 ], [ 80.980676778153253, 26.89609214742357 ], [ 80.980156211464191, 26.895755561213342 ], [ 80.979856885617991, 26.895163631307334 ], [ 80.979622630607906, 26.894641337637875 ], [ 80.979154120587751, 26.893619956372223 ], [ 80.979023978915492, 26.893329789555516 ], [ 80.978906851410457, 26.893155689107719 ], [ 80.978776709738185, 26.893016408556317 ], [ 80.978763695570962, 26.892830700887323 ], [ 80.978932879744903, 26.892714633439169 ], [ 80.979375361430613, 26.892598565871783 ], [ 80.979713729778496, 26.892552138811425 ], [ 80.979843871450754, 26.892447677855895 ], [ 80.980182239798637, 26.892261969251994 ], [ 80.980793905658302, 26.891670021039744 ], [ 80.981249401511221, 26.891240566473847 ], [ 80.981613798193564, 26.891101283561369 ], [ 80.981900109872541, 26.890962000477177 ], [ 80.981835039036412, 26.89084593110918 ], [ 80.981730925698585, 26.890741468576032 ], [ 80.981665854862456, 26.890439687382166 ], [ 80.981392557350702, 26.890428080397061 ], [ 80.98134050068181, 26.889487910644586 ], [ 80.981223373176761, 26.889371839762248 ], [ 80.981028160668373, 26.889151304757284 ], [ 80.980885004828878, 26.889070054910107 ], [ 80.980819933992734, 26.888919162181772 ], [ 80.980650749818793, 26.888745054937143 ], [ 80.980494579812088, 26.888617376120575 ], [ 80.980299367303687, 26.888582554600099 ], [ 80.980130183129745, 26.8886521976303 ], [ 80.980091140628062, 26.888721840617588 ], [ 80.980052098126393, 26.888837912167663 ], [ 80.97998702729025, 26.889035233529142 ], [ 80.97998702729025, 26.889418268129482 ], [ 80.979869899785214, 26.889545946041057 ], [ 80.979609616440669, 26.889766480275739 ], [ 80.979414403932282, 26.88991737187251 ], [ 80.979310290594483, 26.889975407048379 ], [ 80.979219191423894, 26.890021835167605 ], [ 80.979115078086082, 26.889963800015579 ], [ 80.979115078086082, 26.889894157793812 ], [ 80.979154120587751, 26.889789694380671 ], [ 80.979167134754974, 26.889662016744545 ], [ 80.979115078086082, 26.889569160191289 ], [ 80.979036993082715, 26.889557553116763 ], [ 80.978906851410457, 26.889453089392408 ], [ 80.978776709738185, 26.889360232667457 ], [ 80.978581497229797, 26.88923255454603 ], [ 80.978464369724747, 26.88923255454603 ], [ 80.978334228052489, 26.88923255454603 ], [ 80.978139015544087, 26.889302197175606 ], [ 80.977878732199557, 26.889348625571468 ], [ 80.977748590527298, 26.889371839762248 ], [ 80.977436250513861, 26.889418268129482 ], [ 80.977215009670999, 26.889302197175606 ], [ 80.976837598821433, 26.889139697639834 ], [ 80.977208502587402, 26.888721840617588 ], [ 80.976453680888255, 26.887967372635718 ], [ 80.97633655338322, 26.887770049409415 ], [ 80.976323539215997, 26.887677191301314 ], [ 80.976427652553809, 26.887514689428546 ], [ 80.977052332580683, 26.887003967735566 ], [ 80.977559885102508, 26.886620924951025 ], [ 80.97778112594537, 26.886110199218528 ], [ 80.977924281784851, 26.885576256212008 ], [ 80.978002366788203, 26.885123563425935 ], [ 80.978028395122664, 26.884566400584447 ], [ 80.977976338453757, 26.884125311386821 ], [ 80.977833182614262, 26.883951196755962 ], [ 80.97763797010586, 26.883835120186362 ], [ 80.977494814266379, 26.883835120186362 ], [ 80.977013290079, 26.883835120186362 ], [ 80.976538272975233, 26.883788689525144 ], [ 80.976095791289524, 26.883672612788626 ], [ 80.97573139460718, 26.883370812715739 ], [ 80.97510671458032, 26.882883287818629 ], [ 80.974664232894625, 26.882558270052215 ], [ 80.974091609536657, 26.88218682003183 ], [ 80.973701184519854, 26.882070741650097 ], [ 80.973597071182041, 26.882070741650097 ], [ 80.973180617830806, 26.882279682651379 ], [ 80.97310253282744, 26.882418976437631 ], [ 80.973050476158534, 26.882604701218924 ], [ 80.972894306151815, 26.882836856766371 ], [ 80.972581966138378, 26.88304579635134 ], [ 80.971514804425809, 26.883417243548628 ], [ 80.971098351074573, 26.883695828145463 ], [ 80.970603812719958, 26.883997627350428 ], [ 80.97008324603091, 26.884322640977526 ], [ 80.969796934351919, 26.884554792996045 ], [ 80.969484594338482, 26.884786944537669 ], [ 80.969224310993951, 26.884926235233731 ], [ 80.968833885977162, 26.885088740828817 ], [ 80.968625659301523, 26.885042310682646 ], [ 80.96828729095364, 26.884856589907169 ], [ 80.967896865936851, 26.884554792996045 ], [ 80.967740695930132, 26.88453157781564 ], [ 80.967194100906624, 26.883881550828509 ], [ 80.966074882525149, 26.884369071419375 ], [ 80.96461729579579, 26.883997627350428 ], [ 80.963732332424371, 26.885390536314006 ], [ 80.962274745695012, 26.88615662892596 ] ] ] } },
{ "type": "Feature", "properties": { "id": 101, "Zone": 3, "Ward Num": 30, "Ward Name": "Shankar Purwa 2nd" }, "geometry": { "type": "Polygon", "coordinates": [ [ [ 80.956629850660519, 26.901639872166474 ], [ 80.957576631326262, 26.902463883349597 ], [ 80.957928013841368, 26.902382643077594 ], [ 80.958539679701005, 26.902046075613811 ], [ 80.958578722202688, 26.902382643077594 ], [ 80.958240353854805, 26.902591546516081 ], [ 80.958331453025394, 26.9037405085197 ], [ 80.957885717797879, 26.904053859764453 ], [ 80.958536426159199, 26.904703770685131 ], [ 80.958315185316366, 26.9049010643316 ], [ 80.958640539497011, 26.905249228749117 ], [ 80.957716533623937, 26.905933948971711 ], [ 80.957885717797879, 26.906108029722191 ], [ 80.95784667529621, 26.906200872679364 ], [ 80.959109049517167, 26.907268561199526 ], [ 80.957534335282773, 26.908475501281416 ], [ 80.959004936179355, 26.910355516859113 ], [ 80.961542698788534, 26.913778921596592 ], [ 80.963898263056507, 26.916691635057919 ], [ 80.965934980227459, 26.919232945155585 ], [ 80.96815064219777, 26.921832216825482 ], [ 80.969920568940566, 26.923572767059277 ], [ 80.971485522549557, 26.925081222208352 ], [ 80.973021194282268, 26.926438814597535 ], [ 80.974452752677195, 26.927680359146201 ], [ 80.975389772717492, 26.928527386370547 ], [ 80.97557197105867, 26.927924025163801 ], [ 80.976183636918307, 26.927494708493803 ], [ 80.976131580249401, 26.926218351987366 ], [ 80.975467857720858, 26.925464134536387 ], [ 80.977263812798114, 26.92292296477968 ], [ 80.978877569534191, 26.922017876796389 ], [ 80.980842708785389, 26.920776269931011 ], [ 80.981610544651758, 26.920486172899995 ], [ 80.983185258886152, 26.919151716951102 ], [ 80.979502249561065, 26.916436340469318 ], [ 80.977511081975408, 26.914997396532797 ], [ 80.975659816687454, 26.913570038858158 ], [ 80.973551521596761, 26.911840939123849 ], [ 80.972546177178515, 26.91079650363405 ], [ 80.971257774623083, 26.909473538141107 ], [ 80.97024266957942, 26.90824339842159 ], [ 80.968433700334955, 26.906142845840076 ], [ 80.967861076976988, 26.905667024633026 ], [ 80.967207115073847, 26.904715376203285 ], [ 80.96701190256546, 26.904425237891456 ], [ 80.966946831729317, 26.904297576798069 ], [ 80.966985874231, 26.904135098834104 ], [ 80.967089987568812, 26.904042254178297 ], [ 80.967272185909977, 26.904019043002418 ], [ 80.967584525923428, 26.903798536593591 ], [ 80.969159240157822, 26.902568335041991 ], [ 80.971176436077926, 26.901024761307578 ], [ 80.970851081897266, 26.900630160124596 ], [ 80.970590798552735, 26.900467676883796 ], [ 80.970239416037614, 26.899945407740741 ], [ 80.969796934351919, 26.89946956041878 ], [ 80.969328424331763, 26.898958892769773 ], [ 80.968885942646068, 26.898401798155611 ], [ 80.968222220117525, 26.897775063430107 ], [ 80.968040021776346, 26.89756615108211 ], [ 80.968212459492094, 26.897299206964011 ], [ 80.968472742836624, 26.897020655907273 ], [ 80.967457637792961, 26.895535038669728 ], [ 80.966650759424923, 26.896022508979613 ], [ 80.965167144361104, 26.896974230664359 ], [ 80.962642395919161, 26.898599102812398 ], [ 80.957853182379822, 26.900850672720338 ], [ 80.957853182379822, 26.901036367203847 ], [ 80.956629850660519, 26.901639872166474 ] ] ] } },
{ "type": "Feature", "properties": { "id": 102, "Zone": 3, "Ward Num": 84, "Ward Name": "Lohiya Nagar" }, "geometry": { "type": "Polygon", "coordinates": [ [ [ 80.955631013325899, 26.894235107558735 ], [ 80.955813211667063, 26.897368844620868 ], [ 80.955917325004876, 26.901175637866089 ], [ 80.956698175038468, 26.901593448822315 ], [ 80.957921506757756, 26.901082790777021 ], [ 80.957843421754404, 26.900850672720338 ], [ 80.962632635293744, 26.898622315102287 ], [ 80.96507929873232, 26.896974230664359 ], [ 80.966588942130599, 26.895999296155416 ], [ 80.967395820498638, 26.895511825745356 ], [ 80.965131355401226, 26.892145901219536 ], [ 80.966094403775983, 26.891472704279753 ], [ 80.964064193688657, 26.888872733609428 ], [ 80.96265866362819, 26.889685230870938 ], [ 80.959587320162754, 26.891472704279753 ], [ 80.95786945008885, 26.892354823592093 ], [ 80.957192713393084, 26.892888734566675 ], [ 80.956594061700656, 26.893329789555516 ], [ 80.956307750021665, 26.893701202947348 ], [ 80.956125551680501, 26.89404940189316 ], [ 80.955631013325899, 26.894235107558735 ] ] ] } },
{ "type": "Feature", "properties": { "id": 103, "Zone": 4, "Ward Num": 8, "Ward Name": "Lal Bahadur Shastri 1st" }, "geometry": { "type": "Polygon", "coordinates": [ [ [ 80.965860148765913, 26.878007923186416 ], [ 80.965853641682287, 26.879052661881609 ], [ 80.965775556678935, 26.879946486212027 ], [ 80.966042347107077, 26.881095678537015 ], [ 80.966284735971669, 26.881809564855338 ], [ 80.966746738908213, 26.882581485637949 ], [ 80.966844345162414, 26.883359205004528 ], [ 80.967208741844757, 26.883869943169763 ], [ 80.967722801450208, 26.884537381611189 ], [ 80.967885478540524, 26.884543185406446 ], [ 80.968277530328223, 26.884856589907169 ], [ 80.968641927010566, 26.885048114451948 ], [ 80.968830632435356, 26.885111955894757 ], [ 80.969227564535757, 26.884926235233731 ], [ 80.969474833713051, 26.884804355884064 ], [ 80.969774159559265, 26.884566400584447 ], [ 80.970066978321867, 26.884316837170946 ], [ 80.97059405209454, 26.884003431173394 ], [ 80.971526191822136, 26.883405635842202 ], [ 80.972586846451094, 26.883057404094721 ], [ 80.972886172297308, 26.882848464531214 ], [ 80.973029328136789, 26.882622112901529 ], [ 80.973113920223767, 26.88240156472374 ], [ 80.973167603663569, 26.882256467003639 ], [ 80.973584057014833, 26.882035918112337 ], [ 80.974117637871103, 26.882151996529828 ], [ 80.974677247061848, 26.882535054461712 ], [ 80.974833417068567, 26.882337721749852 ], [ 80.974117637871103, 26.880782263607117 ], [ 80.973636113683725, 26.880921559238811 ], [ 80.973532000345912, 26.88086351941314 ], [ 80.973232674499698, 26.880898343312122 ], [ 80.973167603663569, 26.880724223709919 ], [ 80.973076504492994, 26.880492063823077 ], [ 80.973323773670288, 26.88046884780816 ], [ 80.973388844506431, 26.880375983700834 ], [ 80.972920334486275, 26.879261608461967 ], [ 80.972855263650146, 26.879261608461967 ], [ 80.972751150312334, 26.879145527076126 ], [ 80.973401858673654, 26.878541901948086 ], [ 80.973076504492994, 26.877787366005293 ], [ 80.972985405322405, 26.877183733624911 ], [ 80.973232674499698, 26.877148908581539 ], [ 80.973545014513135, 26.876928349724452 ], [ 80.97394194661355, 26.876823874326163 ], [ 80.974384428299246, 26.876661356848018 ], [ 80.974436484968152, 26.876452405461411 ], [ 80.974306343295893, 26.876266670571304 ], [ 80.974124144954715, 26.875941633779362 ], [ 80.973811804941292, 26.874827214826748 ], [ 80.973525493262301, 26.873968176053484 ], [ 80.973239181583324, 26.873155565801266 ], [ 80.973056983242159, 26.872505473394511 ], [ 80.972978898238793, 26.872110772609727 ], [ 80.973030954907699, 26.87171607044715 ], [ 80.973421379924488, 26.870903444009443 ], [ 80.973447408258949, 26.870694481981541 ], [ 80.972640529890896, 26.870415865343659 ], [ 80.971911736526224, 26.87023012053703 ], [ 80.971365141502702, 26.87023012053703 ], [ 80.970844574813654, 26.870090811731849 ], [ 80.970011668111155, 26.869905066391294 ], [ 80.969413016418727, 26.869928284575554 ], [ 80.968684223054055, 26.869974720929747 ], [ 80.968653314406893, 26.870462301497643 ], [ 80.967904999791372, 26.87162900360816 ], [ 80.967488546440123, 26.872192034648631 ], [ 80.966640998799491, 26.873196196452582 ], [ 80.966341672953291, 26.873544458579232 ], [ 80.966250573782702, 26.873921741339249 ], [ 80.96589268418397, 26.875790723522591 ], [ 80.965860148765913, 26.878007923186416 ] ] ] } },
{ "type": "Feature", "properties": { "id": 104, "Zone": 4, "Ward Num": 58, "Ward Name": "Lal Bahadur Shastri 2nd" }, "geometry": { "type": "Polygon", "coordinates": [ [ [ 80.973491331073333, 26.870694481981541 ], [ 80.973068370638472, 26.871588372393695 ], [ 80.97296425730066, 26.871936639472544 ], [ 80.972990285635106, 26.872308123174346 ], [ 80.973172483976285, 26.872888564015092 ], [ 80.973667022330886, 26.874455739401437 ], [ 80.974109504016582, 26.875941633779362 ], [ 80.974278688190537, 26.876243453688595 ], [ 80.974460886531702, 26.876464013881908 ], [ 80.974382801528336, 26.876672965247067 ], [ 80.973927305675417, 26.876823874326163 ], [ 80.973588937327534, 26.876905132977626 ], [ 80.973211526477968, 26.877183733624911 ], [ 80.972990285635106, 26.877206950314527 ], [ 80.973094398972918, 26.877798974288709 ], [ 80.97340673898637, 26.878507077323132 ], [ 80.972769044792273, 26.879168743362829 ], [ 80.972873158130085, 26.879261608461967 ], [ 80.972938228966214, 26.879261608461967 ], [ 80.973432767320816, 26.880387591718417 ], [ 80.973354682317449, 26.880503671828741 ], [ 80.973107413140156, 26.880526887836496 ], [ 80.973185498143508, 26.880724223709919 ], [ 80.973263583146874, 26.880909951276056 ], [ 80.973536880658628, 26.88085191144442 ], [ 80.973627979829217, 26.880921559238811 ], [ 80.974122518183819, 26.880759047651814 ], [ 80.974828536755851, 26.882337721749852 ], [ 80.974672366749132, 26.882569877845686 ], [ 80.975140876769288, 26.882894895578705 ], [ 80.975765556796162, 26.883359205004528 ], [ 80.976090910976822, 26.883672612788626 ], [ 80.976299137652447, 26.883730651171778 ], [ 80.976585449331438, 26.883765474187367 ], [ 80.97698888851545, 26.883811904858138 ], [ 80.977535483538958, 26.883811904858138 ], [ 80.977717681880137, 26.883846727848677 ], [ 80.977847823552395, 26.883974412055576 ], [ 80.97799097939189, 26.884113703753115 ], [ 80.978043036060797, 26.884566400584447 ], [ 80.97799097939189, 26.885158386012328 ], [ 80.977912894388524, 26.885622686138809 ], [ 80.977782752716266, 26.886133414074628 ], [ 80.977561511873418, 26.886644139702195 ], [ 80.977079987686025, 26.886992360397539 ], [ 80.976403250990259, 26.887584333116916 ], [ 80.976325165986907, 26.887735227627815 ], [ 80.976325165986907, 26.887793263924507 ], [ 80.976455307659165, 26.887990587110277 ], [ 80.977210129358298, 26.888733447777962 ], [ 80.977535483538958, 26.888245946015662 ], [ 80.977977965224667, 26.887665584032444 ], [ 80.978264276903644, 26.887352187322069 ], [ 80.978823886094389, 26.886934323689509 ], [ 80.979634018004234, 26.886574495434349 ], [ 80.980818307221838, 26.886214666033414 ], [ 80.981976568104997, 26.885924480198057 ], [ 80.982718375636907, 26.885901265299029 ], [ 80.983915679021749, 26.885785190732399 ], [ 80.984813656560377, 26.885761975804762 ], [ 80.98441021737635, 26.88292971885182 ], [ 80.983967735690641, 26.883034188606747 ], [ 80.982845263767359, 26.881966271004615 ], [ 80.982376753747204, 26.881954663149159 ], [ 80.982272640409391, 26.881641250601138 ], [ 80.981830158723696, 26.881293013417391 ], [ 80.981713031218661, 26.880793871582984 ], [ 80.979607989669773, 26.88114211030458 ], [ 80.978957281308453, 26.879261608461967 ], [ 80.978957281308453, 26.878936580281184 ], [ 80.978358629616039, 26.876939958096084 ], [ 80.977603807916907, 26.874711128887448 ], [ 80.977057212893385, 26.872807302476769 ], [ 80.977083241227845, 26.871785723870065 ], [ 80.976016079515261, 26.871623199149848 ], [ 80.974818776130434, 26.871065969764182 ], [ 80.973491331073333, 26.870694481981541 ] ] ] } },
{ "type": "Feature", "properties": { "id": 105, "Zone": 4, "Ward Num": 52, "Ward Name": "Gomti Nagar" }, "geometry": { "type": "Polygon", "coordinates": [ [ [ 80.969030725256459, 26.867571614560042 ], [ 80.968666328574116, 26.869986330015323 ], [ 80.969382107771565, 26.869928284575554 ], [ 80.970019801965663, 26.869893457297369 ], [ 80.97089500471165, 26.870102420805505 ], [ 80.971389543066266, 26.87025333865455 ], [ 80.971936138089774, 26.87023012053703 ], [ 80.97263890312, 26.870415865343659 ], [ 80.973471809822485, 26.870694481981541 ], [ 80.974825283214059, 26.871077578737729 ], [ 80.976009572431664, 26.871623199149848 ], [ 80.97710276247868, 26.87179733276972 ], [ 80.978768575883677, 26.871878595033898 ], [ 80.98199283581404, 26.872110772609727 ], [ 80.984179215908071, 26.872226861218873 ], [ 80.991512699140202, 26.872656388036351 ], [ 80.994909396786298, 26.872842128857489 ], [ 80.996562196024072, 26.872876955227483 ], [ 80.99817595276015, 26.872934999153628 ], [ 80.999334213643309, 26.873027869373495 ], [ 80.999724638660098, 26.870833790043058 ], [ 80.999724638660098, 26.870183684287706 ], [ 80.999425312813898, 26.867931503306096 ], [ 80.998826661121484, 26.864100370766124 ], [ 81.003277506312941, 26.863148372248265 ], [ 81.002587755449923, 26.86089605117127 ], [ 81.002314457938169, 26.86091927120496 ], [ 80.99496796053883, 26.862312464504519 ], [ 80.986502244758, 26.863914615586932 ], [ 80.979663299880485, 26.865342600685572 ], [ 80.973911037966388, 26.866538379215722 ], [ 80.969030725256459, 26.867571614560042 ] ] ] } },
{ "type": "Feature", "properties": { "id": 106, "Zone": 4, "Ward Num": 38, "Ward Name": "Maithli Sharan Gupt" }, "geometry": { "type": "Polygon", "coordinates": [ [ [ 80.977053959351579, 26.871785723870065 ], [ 80.977001902682673, 26.872830520065104 ], [ 80.977626582709547, 26.874664694478355 ], [ 80.978303319405327, 26.876986391570668 ], [ 80.978980056101108, 26.878983012935667 ], [ 80.978927999432187, 26.879261608461967 ], [ 80.979604736127968, 26.881095678537015 ], [ 80.981713031218661, 26.880840303474518 ], [ 80.981843172890933, 26.881351053022524 ], [ 80.982311682911089, 26.881699290027463 ], [ 80.982415796248901, 26.881931447434678 ], [ 80.982884306269057, 26.881977878858883 ], [ 80.983977496316072, 26.88302258086097 ], [ 80.984393949667307, 26.88292971885182 ], [ 80.984029552984978, 26.880515279833212 ], [ 80.987777633146209, 26.880027742618847 ], [ 80.991135288290621, 26.880190255257293 ], [ 80.991499684972965, 26.872667996846619 ], [ 80.985044658028642, 26.872296514327143 ], [ 80.981947286228745, 26.872133990341087 ], [ 80.978745801091023, 26.871878595033898 ], [ 80.977053959351579, 26.871785723870065 ] ] ] } },
{ "type": "Feature", "properties": { "id": 107, "Zone": 4, "Ward Num": 87, "Ward Name": "Indra Nagar" }, "geometry": { "type": "Polygon", "coordinates": [ [ [ 80.991532220391036, 26.872691214463554 ], [ 80.991141795374247, 26.880213471329423 ], [ 80.987680026891994, 26.880050958724368 ], [ 80.98403606006859, 26.880515279833212 ], [ 80.984868966771089, 26.885761975804762 ], [ 80.987263573540758, 26.885576256212008 ], [ 80.988903358611296, 26.885529826266108 ], [ 80.990881512029716, 26.885297676250566 ], [ 80.996009093916953, 26.885019095602402 ], [ 80.995957037248047, 26.884438717046397 ], [ 80.996685830612734, 26.883626182060631 ], [ 80.997544765649664, 26.882836856766371 ], [ 80.997961219000914, 26.882558270052215 ], [ 80.997987247335374, 26.881838584529003 ], [ 80.99806533233874, 26.881258189640008 ], [ 80.997961219000914, 26.880097390921083 ], [ 80.997596822318584, 26.879168743362829 ], [ 80.99694611395725, 26.877706107987983 ], [ 80.996009093916953, 26.87596485072407 ], [ 80.996087178920305, 26.875616596052932 ], [ 80.995670725569056, 26.874177132031488 ], [ 80.995280300552267, 26.874177132031488 ], [ 80.99496796053883, 26.872853737648672 ], [ 80.991532220391036, 26.872691214463554 ] ] ] } },
{ "type": "Feature", "properties": { "id": 108, "Zone": 4, "Ward Num": 49, "Ward Name": "Babu Jagjivan Ram" }, "geometry": { "type": "Polygon", "coordinates": [ [ [ 80.976793676007048, 26.889197733215152 ], [ 80.977210129358298, 26.889278982970513 ], [ 80.977444384368368, 26.889406661039473 ], [ 80.977763231465431, 26.889360232667457 ], [ 80.977886866054078, 26.889354429119606 ], [ 80.978147149398609, 26.889302197175606 ], [ 80.978348868990608, 26.889244161653938 ], [ 80.97847901066288, 26.889220947436936 ], [ 80.978589631084304, 26.889220947436936 ], [ 80.978778336509095, 26.889354429119606 ], [ 80.978908478181353, 26.889453089392408 ], [ 80.979045126937237, 26.889563356654179 ], [ 80.979110197773366, 26.889557553116763 ], [ 80.979181775693107, 26.889673623808335 ], [ 80.979142733191438, 26.889812908480817 ], [ 80.979116704856978, 26.889894157793812 ], [ 80.979132972566006, 26.889963800015579 ], [ 80.979224071736596, 26.890021835167605 ], [ 80.979302156739948, 26.889987014079978 ], [ 80.97943229841222, 26.889859336666838 ], [ 80.979601482586162, 26.889754873221491 ], [ 80.979835737596233, 26.889545946041057 ], [ 80.979952865101282, 26.889418268129482 ], [ 80.979978893435742, 26.889046840657318 ], [ 80.980017935937411, 26.888837912167663 ], [ 80.980056978439094, 26.888733447777962 ], [ 80.980148077609684, 26.888640590461577 ], [ 80.980356304285309, 26.888570947424228 ], [ 80.98049946012479, 26.888605768948267 ], [ 80.980668644298731, 26.888733447777962 ], [ 80.980824814305464, 26.888884340754306 ], [ 80.980915913476039, 26.889058447784311 ], [ 80.981059069315535, 26.889151304757284 ], [ 80.981228253489476, 26.889371839762248 ], [ 80.981371409328972, 26.889499517726275 ], [ 80.981384423496195, 26.8904048664233 ], [ 80.981657721007949, 26.890428080397061 ], [ 80.981735806011315, 26.890753075528931 ], [ 80.981839919349127, 26.890834324165819 ], [ 80.981921257894285, 26.89100842819099 ], [ 80.981999342897637, 26.891054855885713 ], [ 80.982233597907722, 26.891194138855443 ], [ 80.982571966255605, 26.891194138855443 ], [ 80.982884306269057, 26.891124497392035 ], [ 80.983014447941301, 26.890962000477177 ], [ 80.983300759620292, 26.890683433793662 ], [ 80.983613099633729, 26.890520936244425 ], [ 80.984263807995049, 26.890358438461469 ], [ 80.984914516356383, 26.890288796482952 ], [ 80.985591253052149, 26.890172726423344 ], [ 80.986346074751282, 26.889987014079978 ], [ 80.986632386430273, 26.889894157793812 ], [ 80.987178981453781, 26.889615588477458 ], [ 80.987881746484007, 26.889383446855845 ], [ 80.988662596517599, 26.889081662034709 ], [ 80.989235219875567, 26.888826305018014 ], [ 80.989781814899075, 26.888826305018014 ], [ 80.990146211581418, 26.888942376460779 ], [ 80.990614721601574, 26.889174518988597 ], [ 80.991031174952809, 26.889290590073653 ], [ 80.991369543300706, 26.889662016744545 ], [ 80.992306563341018, 26.890613792015454 ], [ 80.992696988357807, 26.891078069725932 ], [ 80.993139470043516, 26.891774482714336 ], [ 80.993373725053587, 26.891890551128384 ], [ 80.994024433414907, 26.892029833067831 ], [ 80.994284716759438, 26.892006619423189 ], [ 80.994440886766156, 26.892145901219536 ], [ 80.994649113441781, 26.892470891409914 ], [ 80.994909396786298, 26.892679813181477 ], [ 80.995221736799749, 26.89293516148869 ], [ 80.995534076813186, 26.893004801835954 ], [ 80.995638190150999, 26.885065525758115 ], [ 80.990979118283917, 26.885297676250566 ], [ 80.988870823193224, 26.885483396301154 ], [ 80.987309123126053, 26.885599471177787 ], [ 80.984888488021923, 26.885715545935184 ], [ 80.983951467981612, 26.885785190732399 ], [ 80.982702107927878, 26.885878050395245 ], [ 80.981947286228745, 26.885924480198057 ], [ 80.980828067847256, 26.886203058614306 ], [ 80.979604736127968, 26.886597710195073 ], [ 80.978823886094389, 26.886945931033495 ], [ 80.978199206067501, 26.887363794623141 ], [ 80.977964951057444, 26.887712013100799 ], [ 80.977470412702829, 26.888315589253324 ], [ 80.977184101023838, 26.888803090715165 ], [ 80.976793676007048, 26.889197733215152 ] ] ] } },
{ "type": "Feature", "properties": { "id": 109, "Zone": 4, "Ward Num": 24, "Ward Name": "Indira Priyadarshini" }, "geometry": { "type": "Polygon", "coordinates": [ [ [ 80.978657955462253, 26.892888734566675 ], [ 80.979178522151301, 26.893585136393568 ], [ 80.979386748826926, 26.894188681170963 ], [ 80.980141570526072, 26.895790380522975 ], [ 80.980740222218486, 26.896115360228695 ], [ 80.98175532726215, 26.896579615329209 ], [ 80.982223837282305, 26.89722956926423 ], [ 80.983317027329321, 26.898227705525148 ], [ 80.984462274045256, 26.8992954694342 ], [ 80.984306104038524, 26.899574014880709 ], [ 80.983499225670499, 26.900548918533413 ], [ 80.98308277231925, 26.901245273132812 ], [ 80.98308277231925, 26.901338120088308 ], [ 80.983915679021749, 26.902777238136967 ], [ 80.98441021737635, 26.903171831817478 ], [ 80.985139010741023, 26.903334311167491 ], [ 80.985581492426732, 26.903496790283718 ], [ 80.986206172453606, 26.903798536593591 ], [ 80.986648654139302, 26.90407707093317 ], [ 80.986934965818278, 26.904309182357977 ], [ 80.987299362500622, 26.904610926496918 ], [ 80.987767872520777, 26.904889458832532 ], [ 80.988340495878745, 26.905214412355683 ], [ 80.989251487584596, 26.90572505171686 ], [ 80.989882674695082, 26.905957159753957 ], [ 80.989882674695082, 26.906398163709866 ], [ 80.990090901370706, 26.906583849070717 ], [ 80.990949836407651, 26.907187324384406 ], [ 80.991262176421088, 26.907303376959547 ], [ 80.991730686441244, 26.907674744398335 ], [ 80.992043026454681, 26.907976479542871 ], [ 80.992277281464766, 26.908371055053546 ], [ 80.992693734816001, 26.909508353221124 ], [ 80.993318414842861, 26.91015823274417 ], [ 80.993995151538655, 26.910622430112895 ], [ 80.994619831565515, 26.911179464435698 ], [ 80.995036284916765, 26.911829334338151 ], [ 80.995381160348273, 26.912618457046879 ], [ 80.995745557030617, 26.91324510938556 ], [ 80.995979812040687, 26.913894967395358 ], [ 80.996604492067547, 26.914800120530838 ], [ 80.998036050462474, 26.91642473615611 ], [ 81.000769025580027, 26.919534649403143 ], [ 81.002591008991743, 26.921600141432226 ], [ 81.003840369045477, 26.922806928264496 ], [ 81.004543134075703, 26.923271073609168 ], [ 81.005408576196274, 26.924060116312912 ], [ 81.006501766243304, 26.925081222208352 ], [ 81.007907296303756, 26.927076993408743 ], [ 81.009677223046552, 26.929397613195878 ], [ 81.011681404799432, 26.930325847742605 ], [ 81.013425303207782, 26.929095935323414 ], [ 81.016782958352209, 26.926589657187826 ], [ 81.021129690205854, 26.926055905577851 ], [ 81.022353021925142, 26.92535970403037 ], [ 81.025840818741841, 26.922319573597555 ], [ 81.031801307331563, 26.919302569284309 ], [ 81.03172322232821, 26.917701203455184 ], [ 81.031384853980313, 26.917701203455184 ], [ 81.030525918943383, 26.91777082852899 ], [ 81.030161522261039, 26.917608369956636 ], [ 81.029666983906424, 26.918374244035792 ], [ 81.026803867116598, 26.918699158741486 ], [ 81.026101102086372, 26.918838407614675 ], [ 81.025736705404029, 26.918977656316038 ], [ 81.024949348286825, 26.919557857388774 ], [ 81.0234136765541, 26.918745575051645 ], [ 81.022736939858319, 26.917445911150413 ], [ 81.022997223202864, 26.916703239343668 ], [ 81.023153393209569, 26.915751683948727 ], [ 81.023257506547381, 26.915101836629525 ], [ 81.023101336540662, 26.914289522218663 ], [ 81.023049279871756, 26.913871758245147 ], [ 81.022372543175976, 26.91273450403876 ], [ 81.022398571510436, 26.912502409935716 ], [ 81.021878004821374, 26.912038220297937 ], [ 81.021383466466773, 26.911434770915008 ], [ 81.02104509811889, 26.911249093532781 ], [ 81.020888928112157, 26.910970576886768 ], [ 81.020810843108805, 26.910784898740992 ], [ 81.020784814774359, 26.91052959079186 ], [ 81.020628644767626, 26.910343911920712 ], [ 81.020420418092016, 26.91015823274417 ], [ 81.020212191416391, 26.909879713406696 ], [ 81.020003964740766, 26.909554773311132 ], [ 81.019717653061775, 26.909206622170853 ], [ 81.019327228044986, 26.908626367884409 ], [ 81.01927517137608, 26.908324634476799 ], [ 81.019353256379446, 26.90813895197898 ], [ 81.019561483055071, 26.907930058803888 ], [ 81.019639568058423, 26.907744375657099 ], [ 81.019509426386151, 26.907442639892238 ], [ 81.019405313048352, 26.907280166454061 ], [ 81.019223114707174, 26.906978429448547 ], [ 81.019014888031563, 26.906491006428471 ], [ 81.018338151335769, 26.905539364943639 ], [ 81.017505244633284, 26.904843036824307 ], [ 81.016620281261879, 26.904053859764453 ], [ 81.015989094151394, 26.903357522484129 ], [ 81.015052074111082, 26.90224337390389 ], [ 81.014245195743044, 26.901338120088308 ], [ 81.013047892358216, 26.900177527658048 ], [ 81.011824560638928, 26.898831225496725 ], [ 81.011017682270889, 26.897554544829223 ], [ 81.010314917240649, 26.896672466120339 ], [ 81.009455982203704, 26.895372548098933 ], [ 81.008909387180196, 26.894397599765696 ], [ 81.008544990497853, 26.894002975429053 ], [ 81.008102508812144, 26.893538709738667 ], [ 81.007842225467613, 26.893004801835954 ], [ 81.007132953353775, 26.891286994073194 ], [ 81.007158981688235, 26.890776289431148 ], [ 81.006976783347056, 26.890358438461469 ], [ 81.005389054945425, 26.890451294366056 ], [ 81.005050686597542, 26.888245946015662 ], [ 81.003254731520286, 26.88847808997431 ], [ 81.001016294757335, 26.888617376120575 ], [ 80.997320271265025, 26.888988805004498 ], [ 80.995498287853309, 26.889174518988597 ], [ 80.995576372856661, 26.892958374942548 ], [ 80.995238004508778, 26.892911948030076 ], [ 80.994873607826435, 26.892633386154515 ], [ 80.994613324481904, 26.892447677855895 ], [ 80.994431126140739, 26.89223875565505 ], [ 80.994483182809631, 26.892099473973165 ], [ 80.994300984468467, 26.891983405773765 ], [ 80.994170842796208, 26.891983405773765 ], [ 80.993988644455044, 26.892006619423189 ], [ 80.993311907759264, 26.891890551128384 ], [ 80.993103681083639, 26.891704841608661 ], [ 80.992687227732389, 26.891054855885713 ], [ 80.992244746046694, 26.890520936244425 ], [ 80.991333754340829, 26.889615588477458 ], [ 80.990969357658486, 26.889220947436936 ], [ 80.990578932641711, 26.889104876280332 ], [ 80.990188507624907, 26.888919162181772 ], [ 80.989693969270292, 26.888756662095126 ], [ 80.989225459250136, 26.888826305018014 ], [ 80.988626807557736, 26.889081662034709 ], [ 80.987924042527496, 26.889360232667457 ], [ 80.987195249162809, 26.889615588477458 ], [ 80.986622625804841, 26.88991737187251 ], [ 80.986362342460311, 26.890033442194436 ], [ 80.985555464092286, 26.890195940444805 ], [ 80.984878727396492, 26.890288796482952 ], [ 80.984306104038524, 26.890335224473393 ], [ 80.983525254004945, 26.890567364139475 ], [ 80.983238942325968, 26.890729861621935 ], [ 80.983004687315898, 26.89100842819099 ], [ 80.982874545643625, 26.891194138855443 ], [ 80.98243206395793, 26.891194138855443 ], [ 80.982171780613399, 26.891194138855443 ], [ 80.981885468934422, 26.891031642040737 ], [ 80.981521072252079, 26.89114771121794 ], [ 80.981208732238642, 26.891240566473847 ], [ 80.980766250552932, 26.891704841608661 ], [ 80.980167598860518, 26.892261969251994 ], [ 80.979803202178175, 26.892494104959166 ], [ 80.979673060505917, 26.892633386154515 ], [ 80.979308663823574, 26.892633386154515 ], [ 80.978918238806784, 26.892749453686136 ], [ 80.978657955462253, 26.892888734566675 ] ] ] } },
{ "type": "Feature", "properties": { "id": 110, "Zone": 4, "Ward Num": 41, "Ward Name": "Ismail Ganj 2nd" }, "geometry": { "type": "Polygon", "coordinates": [ [ [ 81.013522909461983, 26.877729324570321 ], [ 81.013054399441828, 26.87719534197031 ], [ 81.013054399441828, 26.876800657557876 ], [ 81.012872201100649, 26.876638140046357 ], [ 81.01248177608386, 26.876266670571304 ], [ 81.012273549408235, 26.876150586110036 ], [ 81.012143407735977, 26.87596485072407 ], [ 81.011935181060338, 26.875941633779362 ], [ 81.01183106772254, 26.875779115032962 ], [ 81.012143407735977, 26.875686247072977 ], [ 81.012104365234293, 26.875570162015723 ], [ 81.011896138558669, 26.873759219689283 ], [ 81.002734164831224, 26.873248435839958 ], [ 80.999350481352351, 26.873062695686279 ], [ 80.996591477900324, 26.872830520065104 ], [ 80.995081834502059, 26.872784084883659 ], [ 80.994964706997024, 26.872853737648672 ], [ 80.995329103679367, 26.874177132031488 ], [ 80.995719528696156, 26.874153914719667 ], [ 80.996135982047406, 26.875686247072977 ], [ 80.996031868709593, 26.875988067664007 ], [ 80.997020945418811, 26.877706107987983 ], [ 81.002643065660649, 26.877682891400884 ], [ 81.002591008991743, 26.878124005740474 ], [ 81.003397887359782, 26.879238392194335 ], [ 81.002903349005166, 26.879493770876049 ], [ 81.003137604015251, 26.879888445885658 ], [ 81.003267745687509, 26.880283119517212 ], [ 81.003658170704313, 26.880259903459383 ], [ 81.003762284042125, 26.880793871582984 ], [ 81.003580085700946, 26.880909951276056 ], [ 81.004048595721102, 26.882604701218924 ], [ 81.003137604015251, 26.882743994604613 ], [ 81.002981434008532, 26.882651132366561 ], [ 81.003033490677439, 26.88292971885182 ], [ 81.002929377339626, 26.882952934361256 ], [ 81.003918454048829, 26.885274461222789 ], [ 81.005193842437023, 26.885413751317955 ], [ 81.005141785768132, 26.886319132751726 ], [ 81.003502000697594, 26.886342347564906 ], [ 81.002955405674086, 26.886435206769903 ], [ 81.003111575680805, 26.887688798568998 ], [ 81.003241717353063, 26.88850130434394 ], [ 81.00485547408914, 26.888245946015662 ], [ 81.005558239119367, 26.888129873857487 ], [ 81.007640505875614, 26.888454875599912 ], [ 81.011258444364572, 26.888942376460779 ], [ 81.01209135106707, 26.889290590073653 ], [ 81.012768087762836, 26.889592374336754 ], [ 81.013314682786344, 26.889592374336754 ], [ 81.013314682786344, 26.889360232667457 ], [ 81.014590071174553, 26.888779876407529 ], [ 81.01448595783674, 26.888408446836785 ], [ 81.015943544566099, 26.887735227627815 ], [ 81.015735317890474, 26.8874102238155 ], [ 81.015501062880404, 26.887572725838506 ], [ 81.014746241181271, 26.886597710195073 ], [ 81.014694184512365, 26.886342347564906 ], [ 81.014173617823303, 26.88487980502078 ], [ 81.013705107803148, 26.88330116643062 ], [ 81.013210569448546, 26.88221003569387 ], [ 81.012585889421672, 26.881258189640008 ], [ 81.012273549408235, 26.880701007742683 ], [ 81.012377662746061, 26.880445631788472 ], [ 81.012143407735977, 26.879772365143527 ], [ 81.012143407735977, 26.879633068095618 ], [ 81.011622841046915, 26.878913363946797 ], [ 81.012195464404883, 26.878495469112426 ], [ 81.012872201100649, 26.877961490131412 ], [ 81.013522909461983, 26.877729324570321 ] ] ] } },
{ "type": "Feature", "properties": { "id": 111, "Zone": 4, "Ward Num": 37, "Ward Name": "Ismail Ganj 1st" }, "geometry": { "type": "Polygon", "coordinates": [ [ [ 80.996936353331833, 26.877775757720691 ], [ 80.997606582943988, 26.87909909448841 ], [ 80.998023036295251, 26.880120607012294 ], [ 80.998075092964143, 26.881118894423185 ], [ 80.997970979626345, 26.881815368790679 ], [ 80.997970979626345, 26.882581485637949 ], [ 80.996773676241503, 26.883579751313576 ], [ 80.995966797873464, 26.884392286633148 ], [ 80.995940769539004, 26.885042310682646 ], [ 80.995628429525567, 26.885042310682646 ], [ 80.995524316187755, 26.889244161653938 ], [ 80.997352806683082, 26.888919162181772 ], [ 81.000970745172054, 26.888594161774787 ], [ 81.003261238603898, 26.888547733068897 ], [ 81.003131096931639, 26.887735227627815 ], [ 81.002870813587109, 26.886481636343802 ], [ 81.003573578617335, 26.886295917933779 ], [ 81.005135278684506, 26.886342347564906 ], [ 81.005161307018966, 26.885413751317955 ], [ 81.003911946965232, 26.885274461222789 ], [ 81.002948898590461, 26.88302258086097 ], [ 81.003026983593827, 26.882952934361256 ], [ 81.003000955259381, 26.882674347933225 ], [ 81.003209181934992, 26.882697563495118 ], [ 81.00404208863749, 26.882674347933225 ], [ 81.003547550282889, 26.880909951276056 ], [ 81.00380783362742, 26.88086351941314 ], [ 81.003599606951795, 26.880213471329423 ], [ 81.003287266938358, 26.880283119517212 ], [ 81.003183153600546, 26.87984201360311 ], [ 81.002922870256, 26.879424122201893 ], [ 81.003391380276156, 26.879238392194335 ], [ 81.002610530242578, 26.878100789239213 ], [ 81.002610530242578, 26.877659674809014 ], [ 80.996936353331833, 26.877775757720691 ] ] ] } },
{ "type": "Feature", "properties": { "id": 112, "Zone": 4, "Ward Num": 6, "Ward Name": "Shaheed Bhagat Singh" }, "geometry": { "type": "Polygon", "coordinates": [ [ [ 81.013522909461983, 26.877729324570321 ], [ 81.012872201100649, 26.877949881864687 ], [ 81.011635855214152, 26.878913363946797 ], [ 81.012169436070423, 26.879586635708176 ], [ 81.0121564219032, 26.879772365143527 ], [ 81.01239067691327, 26.88046884780816 ], [ 81.012273549408235, 26.8807126157269 ], [ 81.013210569448546, 26.88219842786344 ], [ 81.013679079468702, 26.88326634327197 ], [ 81.014180124906929, 26.884891412575811 ], [ 81.014700691595976, 26.886342347564906 ], [ 81.014752748264883, 26.886620924951025 ], [ 81.015494555796792, 26.887572725838506 ], [ 81.015754839141323, 26.887433438404525 ], [ 81.015976079984171, 26.887770049409415 ], [ 81.014505479087575, 26.888431661220729 ], [ 81.014583564090927, 26.888814697867179 ], [ 81.013308175702747, 26.889383446855845 ], [ 81.01332118986997, 26.889615588477458 ], [ 81.012826651515354, 26.889615588477458 ], [ 81.012084843983445, 26.889325411375918 ], [ 81.011277965615406, 26.888942376460779 ], [ 81.007686055460908, 26.888454875599912 ], [ 81.005564746202992, 26.888106659411537 ], [ 81.005018151179485, 26.888222731593565 ], [ 81.005382547861814, 26.890451294366056 ], [ 81.006999558139711, 26.890370045453722 ], [ 81.007168742313652, 26.890776289431148 ], [ 81.007142713979192, 26.891286994073194 ], [ 81.008105762353964, 26.893550316404173 ], [ 81.008548244039659, 26.894026188663492 ], [ 81.008899626554779, 26.894397599765696 ], [ 81.00945923574551, 26.895360941620659 ], [ 81.010292142448009, 26.896637647082606 ], [ 81.010981893310998, 26.897531332319875 ], [ 81.011814800013497, 26.898819619373832 ], [ 81.01304138527459, 26.900165921673523 ], [ 81.014264716993893, 26.901326514223044 ], [ 81.015045567027485, 26.90224337390389 ], [ 81.015969572900559, 26.9033459168264 ], [ 81.01655521042575, 26.904030648590961 ], [ 81.017534526509536, 26.904843036824307 ], [ 81.018354419044812, 26.905550970375902 ], [ 81.019031155740592, 26.906525822428254 ], [ 81.019229621790785, 26.906966824163007 ], [ 81.019385791797504, 26.907291771707389 ], [ 81.019515933469776, 26.907465850364314 ], [ 81.019633060974812, 26.907744375657099 ], [ 81.019554975971445, 26.907976479542871 ], [ 81.019346749295835, 26.908127346812723 ], [ 81.019281678459691, 26.908371055053546 ], [ 81.019294692626914, 26.908637972999358 ], [ 81.019685117643718, 26.909206622170853 ], [ 81.019971429322695, 26.909554773311132 ], [ 81.020218698500003, 26.909891318392805 ], [ 81.020400896841167, 26.910169837701641 ], [ 81.020622137684029, 26.910343911920712 ], [ 81.020817350192416, 26.910552800629276 ], [ 81.020804336025193, 26.910819713416583 ], [ 81.020869406861323, 26.910947367135254 ], [ 81.021038591035264, 26.911249093532781 ], [ 81.021455044386514, 26.911481190212839 ], [ 81.021897526072223, 26.912061429825158 ], [ 81.022444121095731, 26.912525619367493 ], [ 81.022366036092365, 26.912804132176614 ], [ 81.023042772788159, 26.913894967395358 ], [ 81.0235112828083, 26.912780922802096 ], [ 81.031423896481996, 26.903241465853245 ], [ 81.031241698140832, 26.902800449568105 ], [ 81.031293754809724, 26.902080892984173 ], [ 81.03204857650887, 26.90143096696746 ], [ 81.033636304910502, 26.901384543537429 ], [ 81.034547296616353, 26.900920308187434 ], [ 81.034287013271822, 26.899365105860234 ], [ 81.034807579960884, 26.89894728666 ], [ 81.039440623493505, 26.898436616649498 ], [ 81.039857076844768, 26.897531332319875 ], [ 81.040299558530464, 26.894977927168195 ], [ 81.034417154944094, 26.89223875565505 ], [ 81.034625381619705, 26.891774482714336 ], [ 81.038685801794372, 26.889870943710346 ], [ 81.040039275185933, 26.888919162181772 ], [ 81.041809201928729, 26.886829857539919 ], [ 81.042407853621143, 26.885158386012328 ], [ 81.043787355347149, 26.883719043497539 ], [ 81.043787355347149, 26.882906503337608 ], [ 81.04100232356069, 26.881606426931054 ], [ 81.037800838422982, 26.880004526508586 ], [ 81.035510344991124, 26.878959796610811 ], [ 81.033031146134462, 26.877845407410465 ], [ 81.030161522261039, 26.876104152292143 ], [ 81.028808048869479, 26.875616596052932 ], [ 81.026569612106513, 26.874734346084843 ], [ 81.025085997042709, 26.87452539113665 ], [ 81.016132249990875, 26.873898523974987 ], [ 81.011941688143963, 26.873666350070131 ], [ 81.012013266063718, 26.874734346084843 ], [ 81.012078336899847, 26.87554694498996 ], [ 81.012169436070423, 26.875721072566908 ], [ 81.011857096056985, 26.875802332011027 ], [ 81.011922166893129, 26.875953242252315 ], [ 81.012169436070423, 26.875976459194629 ], [ 81.012299577742681, 26.876173803011817 ], [ 81.012494790251083, 26.876231845245435 ], [ 81.012859186933426, 26.876626531643733 ], [ 81.013054399441828, 26.876789049171943 ], [ 81.013054399441828, 26.877183733624911 ], [ 81.013522909461983, 26.877729324570321 ] ] ] } },
{ "type": "Feature", "properties": { "id": 23, "Zone": 2, "Ward Num": 64, "Ward Name": "Kunwar Jyoti Prasad 1st" }, "geometry": { "type": "Polygon", "coordinates": [ [ [ 80.855932273335938, 26.850379553455781 ], [ 80.856102944360629, 26.850583916733147 ], [ 80.856803593831174, 26.851695886922794 ], [ 80.858860628815208, 26.855085825911353 ], [ 80.85960619171334, 26.854965617045597 ], [ 80.862036008146475, 26.855716920361409 ], [ 80.862287523341024, 26.855829114561814 ], [ 80.862359384825183, 26.856013433363827 ], [ 80.863122913094358, 26.856237821065385 ], [ 80.864712848431353, 26.855340267589295 ], [ 80.867142664864474, 26.854084081461526 ], [ 80.867187578292075, 26.854116137421272 ], [ 80.8682385524979, 26.853410904209298 ], [ 80.868705652144911, 26.853491044568372 ], [ 80.868948184653959, 26.853170482791583 ], [ 80.869749889336589, 26.852673610243045 ], [ 80.870091231386354, 26.852994173427305 ], [ 80.870513417605778, 26.853394876130675 ], [ 80.870944586510731, 26.853699409236327 ], [ 80.871106274850092, 26.854116137421272 ], [ 80.871429651528786, 26.854444710485051 ], [ 80.87154642644056, 26.854444710485051 ], [ 80.871896751175839, 26.854220319227721 ], [ 80.872276269639045, 26.853973889030662 ], [ 80.872078650557611, 26.853773538881434 ], [ 80.872060685186568, 26.853685384703407 ], [ 80.872949971053046, 26.853236598732376 ], [ 80.873587741724918, 26.852867951781889 ], [ 80.874243477767877, 26.852499303630488 ], [ 80.874521941018997, 26.852162710791308 ], [ 80.875090095878136, 26.85226489086617 ], [ 80.875170940047795, 26.852008438738789 ], [ 80.875332628387156, 26.85199241046152 ], [ 80.876006329801129, 26.851367305877844 ], [ 80.877281871144959, 26.851735957716677 ], [ 80.877937607187889, 26.851872198309728 ], [ 80.87810827821275, 26.852192763764076 ], [ 80.878386741463885, 26.852801835625709 ], [ 80.879258061959291, 26.854324500938247 ], [ 80.879810497118783, 26.855043752822866 ], [ 80.880349458249967, 26.854907516048048 ], [ 80.882552461873701, 26.853625279542658 ], [ 80.882768046326177, 26.853969882031148 ], [ 80.883037526891769, 26.85433051141862 ], [ 80.883253111344246, 26.854530860581722 ], [ 80.883450730425679, 26.855043752822866 ], [ 80.883783089789915, 26.854963613563427 ], [ 80.88478016788261, 26.854779293051333 ], [ 80.884878977423327, 26.854995669274011 ], [ 80.885375270798306, 26.854851418504857 ], [ 80.885653734049427, 26.855220058993844 ], [ 80.885986093413649, 26.855620753815369 ], [ 80.886246591293741, 26.85548451773526 ], [ 80.88697418882083, 26.856882933228682 ], [ 80.888609037585425, 26.856097578804054 ], [ 80.888824622037916, 26.856538339611497 ], [ 80.888635985641997, 26.856618477755642 ], [ 80.888761743239272, 26.856947043553291 ], [ 80.888860552779988, 26.857019167625069 ], [ 80.888887500836532, 26.857091291650878 ], [ 80.88883360472343, 26.857147388083597 ], [ 80.888707847126142, 26.857171429403397 ], [ 80.889103085289008, 26.857852598008197 ], [ 80.888869535465503, 26.857956776374422 ], [ 80.888618020270954, 26.858076982062421 ], [ 80.888285660906718, 26.858405543624666 ], [ 80.888141937938414, 26.858525748835866 ], [ 80.888070076454227, 26.858694035916997 ], [ 80.888528193415752, 26.8591428002429 ], [ 80.888788691295829, 26.859495399535906 ], [ 80.888896483522061, 26.859567521983195 ], [ 80.889228842886297, 26.859479372319164 ], [ 80.889615098363635, 26.859415263429451 ], [ 80.890037284583087, 26.859415263429451 ], [ 80.890392100661117, 26.859423277042652 ], [ 80.890499892887348, 26.859503413143432 ], [ 80.890706494654296, 26.859423277042652 ], [ 80.891002923276446, 26.859872038475945 ], [ 80.891254438471023, 26.860152513467806 ], [ 80.891389178753798, 26.860368879414985 ], [ 80.891811364973236, 26.860216621939742 ], [ 80.891847295715323, 26.859992242129028 ], [ 80.891901191828424, 26.85983197056321 ], [ 80.892044914796756, 26.859719780332021 ], [ 80.892152707023001, 26.859655671578555 ], [ 80.892386256846493, 26.859719780332021 ], [ 80.89259285861344, 26.859904092795912 ], [ 80.893187961529179, 26.860535160370958 ], [ 80.893879628314195, 26.861240349178914 ], [ 80.894328762590163, 26.861689103404306 ], [ 80.894598243155784, 26.861993614186279 ], [ 80.894795862237217, 26.862209976612181 ], [ 80.894948567891049, 26.862346204593962 ], [ 80.895101273544867, 26.862290110738979 ], [ 80.895164152343511, 26.862274083918166 ], [ 80.89517313502904, 26.862129842428612 ], [ 80.895110256230396, 26.861945533590987 ], [ 80.894957550576564, 26.861689103404306 ], [ 80.894571295099212, 26.861144187327586 ], [ 80.894409606759851, 26.8609518633797 ], [ 80.894113178137701, 26.860543173904833 ], [ 80.893978437854912, 26.860350848935187 ], [ 80.893915559056268, 26.860422970837128 ], [ 80.893268805698852, 26.859559508380212 ], [ 80.894706035382001, 26.857708350881214 ], [ 80.895388719481517, 26.857676295939118 ], [ 80.895864801814056, 26.857916707783389 ], [ 80.896792264093961, 26.858261297202649 ], [ 80.896918021691249, 26.858213215021085 ], [ 80.897600705790751, 26.85799684495128 ], [ 80.898463043600643, 26.857660268464674 ], [ 80.89884031639248, 26.857516021092493 ], [ 80.899289450668462, 26.857259580865627 ], [ 80.899370294838135, 26.85766828220218 ], [ 80.899433173636794, 26.857852598008197 ], [ 80.900160771163868, 26.857732392081807 ], [ 80.89955893123404, 26.858213215021085 ], [ 80.89955893123404, 26.858341434126466 ], [ 80.899657740774771, 26.858557803537284 ], [ 80.89990925596932, 26.858918418302448 ], [ 80.900043996252109, 26.859070677524858 ], [ 80.900529061270191, 26.85879821350845 ], [ 80.900259580704585, 26.858421570993531 ], [ 80.900223649962513, 26.858325406746243 ], [ 80.900295511446686, 26.858181160222049 ], [ 80.90048414784259, 26.858093009477837 ], [ 80.900915316747543, 26.858477666766703 ], [ 80.901005143602745, 26.858493694125364 ], [ 80.901508173991857, 26.857988831237055 ], [ 80.902145944663729, 26.858309379363753 ], [ 80.901490208620814, 26.859110745707227 ], [ 80.901220728055222, 26.859214922914965 ], [ 80.900744645722654, 26.85959156278874 ], [ 80.900313476817715, 26.859679712365356 ], [ 80.89982841179966, 26.859888065637065 ], [ 80.899621810032698, 26.859767861873301 ], [ 80.90000806551005, 26.860577231417466 ], [ 80.900205684591484, 26.861009961273435 ], [ 80.900385338301874, 26.861226325580681 ], [ 80.900556009326735, 26.861042015270982 ], [ 80.900681766924023, 26.860905785718643 ], [ 80.900807524521312, 26.860801610067927 ], [ 80.900987178231702, 26.860745515447018 ], [ 80.901265641482794, 26.860753528965997 ], [ 80.901517156677372, 26.860785583036215 ], [ 80.902424407914864, 26.860817637097348 ], [ 80.902550165512139, 26.860785583036215 ], [ 80.902550165512139, 26.860609285537627 ], [ 80.902550165512139, 26.85983197056321 ], [ 80.902478304027966, 26.859679712365356 ], [ 80.902305387331722, 26.859417266832807 ], [ 80.902260473904136, 26.859313089811387 ], [ 80.902260473904136, 26.85920891269404 ], [ 80.902260473904136, 26.859120762750589 ], [ 80.902314370017237, 26.858984530884726 ], [ 80.902377248815895, 26.85894446265765 ], [ 80.902440127614526, 26.858904394416403 ], [ 80.902485041042127, 26.858848298854799 ], [ 80.90244911030004, 26.858736107648163 ], [ 80.902395214186939, 26.85855179328146 ], [ 80.902422162243482, 26.858439601780798 ], [ 80.902547919840771, 26.858439601780798 ], [ 80.90262876401043, 26.858391519675035 ], [ 80.902700625494589, 26.858303369094735 ], [ 80.902673677438031, 26.858111040317468 ], [ 80.902610798639387, 26.857950766086677 ], [ 80.902556902526285, 26.857774464170568 ], [ 80.902556902526285, 26.857566107006445 ], [ 80.902395214186939, 26.8574619282805 ], [ 80.902233525847564, 26.857357749458632 ], [ 80.90208980287926, 26.857197474160749 ], [ 80.901982010653015, 26.857077267538351 ], [ 80.901937097225414, 26.856908978052431 ], [ 80.901946079910928, 26.85675671592092 ], [ 80.901829304999183, 26.856684591681859 ], [ 80.901766426200538, 26.856764729722432 ], [ 80.901667616659822, 26.856836853910416 ], [ 80.901478980263903, 26.856836853910416 ], [ 80.901425084150787, 26.856836853910416 ], [ 80.901191534327282, 26.856908978052431 ], [ 80.900859174963045, 26.85700514350361 ], [ 80.900733417365757, 26.856965074575552 ], [ 80.900084418336945, 26.856053502628882 ], [ 80.899868833884454, 26.855765003603764 ], [ 80.899716128230622, 26.855668837098602 ], [ 80.899545457205747, 26.855524587187599 ], [ 80.899500543778146, 26.855524587187599 ], [ 80.899482578407103, 26.855556642739284 ], [ 80.899302924696713, 26.855684864855149 ], [ 80.898943617275933, 26.855781031346687 ], [ 80.898826842364173, 26.855612739932841 ], [ 80.898108227522584, 26.855765003603764 ], [ 80.897416560737568, 26.855821100694044 ], [ 80.897102166744375, 26.855909253208274 ], [ 80.896742859323581, 26.854995669274011 ], [ 80.896590153669749, 26.854923543912417 ], [ 80.896275759676556, 26.854931557843759 ], [ 80.896141019393767, 26.854843404567852 ], [ 80.896141019393767, 26.854731209390103 ], [ 80.895635743333301, 26.854667097810012 ], [ 80.894539855699875, 26.854875460312492 ], [ 80.894360201989485, 26.854891488181416 ], [ 80.893946998455576, 26.854779293051333 ], [ 80.893713448632084, 26.854218315732336 ], [ 80.893354141211276, 26.854234343694333 ], [ 80.893174487500886, 26.854009952019844 ], [ 80.893066695274641, 26.854009952019844 ], [ 80.892168426722677, 26.853833643963444 ], [ 80.891359985025886, 26.853817615944706 ], [ 80.891288123541742, 26.853288690052466 ], [ 80.890838989265731, 26.853192521442814 ], [ 80.890749162410543, 26.85360925149439 ], [ 80.890533577958081, 26.853368830498074 ], [ 80.890497647215994, 26.853080324628262 ], [ 80.890228166650402, 26.852823874348733 ], [ 80.88995868608481, 26.853176493333251 ], [ 80.889491586437785, 26.85258345168387 ], [ 80.88855738714372, 26.852663592628904 ], [ 80.888395698804374, 26.851685869222113 ], [ 80.888090287496695, 26.851525585890535 ], [ 80.887784876189016, 26.851701897542792 ], [ 80.88738963802615, 26.851878208920361 ], [ 80.88703033060537, 26.851894237213788 ], [ 80.886518317530729, 26.852070548291714 ], [ 80.886482386788643, 26.851397359061838 ], [ 80.886356629191368, 26.851493529196983 ], [ 80.885961391028488, 26.851637784246474 ], [ 80.885404464526275, 26.851830124026435 ], [ 80.884937364879249, 26.851782039112102 ], [ 80.884092992440387, 26.851477500846801 ], [ 80.883841477245852, 26.851076791354462 ], [ 80.883805546503766, 26.85096459244237 ], [ 80.883679788906477, 26.850820336534802 ], [ 80.883086931662163, 26.849153366042422 ], [ 80.882009009399795, 26.849586139587547 ], [ 80.88134429067135, 26.849826568619815 ], [ 80.880823294911195, 26.849986854357589 ], [ 80.88012264544065, 26.850018911477907 ], [ 80.879350134485961, 26.850131111327499 ], [ 80.878469831305011, 26.850307425152138 ], [ 80.878092558513188, 26.85043565321573 ], [ 80.877391909042643, 26.850483738702117 ], [ 80.876727190314185, 26.850499767193043 ], [ 80.876565501974824, 26.850499767193043 ], [ 80.876565501974824, 26.85043565321573 ], [ 80.876673294201055, 26.850323453668036 ], [ 80.8767810864273, 26.850034940034657 ], [ 80.876673294201055, 26.849874654364985 ], [ 80.876619398087954, 26.849794511445019 ], [ 80.876367882893391, 26.849842597203804 ], [ 80.876008575472611, 26.849906711517072 ], [ 80.875694181479417, 26.849898697229914 ], [ 80.874580328474963, 26.849257552417473 ], [ 80.874688120701194, 26.849225495081527 ], [ 80.87454439773289, 26.848552288929039 ], [ 80.874436605506645, 26.848007309587206 ], [ 80.874221021054169, 26.847558501100192 ], [ 80.8743647440225, 26.847334096189364 ], [ 80.874113228827937, 26.847045574936026 ], [ 80.872604137660616, 26.84525031505812 ], [ 80.871813661334869, 26.844384733158531 ], [ 80.871526215398248, 26.843615321469517 ], [ 80.869298509389338, 26.844416791865424 ], [ 80.868076864158667, 26.846757052947265 ], [ 80.867789418222031, 26.846596762635752 ], [ 80.867214526348761, 26.846083832113628 ], [ 80.866567772991345, 26.845731191031454 ], [ 80.86541798924479, 26.844929729941061 ], [ 80.864950889597779, 26.844705319818946 ], [ 80.864016690303714, 26.844448850563246 ], [ 80.855932273335938, 26.850379553455781 ] ] ] } },
{ "type": "Feature", "properties": { "id": 112, "Zone": 0, "Ward Num": 0, "Ward Name": "Cantonment" }, "geometry": { "type": "Polygon", "coordinates": [ [ [ 80.922947997163789, 26.804498667588874 ], [ 80.922912066421347, 26.808876137965878 ], [ 80.922840204936492, 26.815754678533636 ], [ 80.924205573148953, 26.815466076828535 ], [ 80.924493019088445, 26.815626411199862 ], [ 80.925211633937096, 26.816363946386865 ], [ 80.926217694725253, 26.817133543204527 ], [ 80.927762716649895, 26.818095531878164 ], [ 80.92840947001369, 26.819025446501275 ], [ 80.928804708180451, 26.819795025246801 ], [ 80.929415530801833, 26.820853187488954 ], [ 80.930421591589976, 26.823482517553266 ], [ 80.93147256580616, 26.826328217621661 ], [ 80.935389016731406, 26.8287329788593 ], [ 80.93585611638305, 26.828957420637053 ], [ 80.935963908610375, 26.829021546777597 ], [ 80.937329276822837, 26.8293421769358 ], [ 80.938371268353407, 26.829694869061655 ], [ 80.939628844338586, 26.829855183301316 ], [ 80.940706766611598, 26.83020787382997 ], [ 80.942000273339204, 26.830849126523287 ], [ 80.942404494191578, 26.831009439129407 ], [ 80.950740426436184, 26.831330063661007 ], [ 80.960459692264465, 26.831843061023861 ], [ 80.962759259780213, 26.832035434435937 ], [ 80.963513805371321, 26.831810998756744 ], [ 80.964483935417022, 26.831778936480553 ], [ 80.966352334023568, 26.831650687285052 ], [ 80.967573979266305, 26.831105626584186 ], [ 80.96861597079689, 26.83062468849355 ], [ 80.969765754554771, 26.829662806186491 ], [ 80.97037657717614, 26.828893294460215 ], [ 80.970987399797508, 26.827626795029705 ], [ 80.976341080420113, 26.812692256304995 ], [ 80.97813761754179, 26.80751320743056 ], [ 80.978820301648028, 26.805589042314431 ], [ 80.979718570208874, 26.802606521860437 ], [ 80.980006016148337, 26.801035054801854 ], [ 80.980041946890765, 26.799655994343766 ], [ 80.980041946890765, 26.798405204079607 ], [ 80.979790431693729, 26.797250616209649 ], [ 80.978964024617767, 26.794043366024066 ], [ 80.977419002693111, 26.789585137664446 ], [ 80.975047573692507, 26.793401905106617 ], [ 80.968580040054448, 26.795711147436343 ], [ 80.96462765838676, 26.793145319724157 ], [ 80.963477874628893, 26.791220910860343 ], [ 80.962184367901287, 26.790386990216692 ], [ 80.96117830711313, 26.789296469358565 ], [ 80.958231986233571, 26.790386990216692 ], [ 80.952842374868538, 26.790066249875732 ], [ 80.948818131715981, 26.790707729651071 ], [ 80.944578304108816, 26.790707729651071 ], [ 80.941272675804925, 26.790771877429144 ], [ 80.939691723137855, 26.790964320545811 ], [ 80.9391168312589, 26.791092615775607 ], [ 80.928696915953168, 26.799880493700464 ], [ 80.922947997163789, 26.804498667588874 ] ] ] } }
]
}
